nohup: ignorando entrada
INFORMAÇÕES SOBRE O AMBIENTE DE EXECUÇÃO: 
PyTorch version: 2.6.0+cu124
CUDA available: True
CUDA version: 12.4
Number of GPUs: 1
Current GPU: 0
GPU name: NVIDIA A100-SXM4-40GB

Iniciando o aquecimento dos modelos...

Classes dos dados para aquecimento: ['cat', 'dog']
Batchs of images shape: torch.Size([64, 3, 224, 224])
Batch of labels shape: torch.Size([64])
{'EfficientNetB0': {'mtp': 4020358, 'tpi': 0.01336536556482315, 'ms': 15.336448669433594}, 'MobileNetV2': {'mtp': 2236682, 'tpi': 0.0035358816385269165, 'ms': 8.532264709472656}, 'ResNet50': {'mtp': 23528522, 'tpi': 0.0039337798953056335, 'ms': 89.75418853759766}, 'InceptionV3': {'mtp': 24371444, 'tpi': 0.007115721702575684, 'ms': 92.96968078613281}, 'VGG16': {'mtp': 134309962, 'tpi': 0.0026650354266166687, 'ms': 512.3518447875977}}

Executando o método para o dataset: CIFAR-10...

🔄 Continuação do treinamento a partir da Rodada 1, Iteração 50...

🔄 Iniciando Rodada 1/3 🔄

🔄 Iniciando Rodada 2/3 🔄
model:  2
▶️ Iteration 51/150 (Round 2): model 2 e lr 0.009411558605875382
🔀 Random Seed Atual: 600
Epoch: 1 	Training Loss: 2.202274 	Validation Loss: 0.542655
Epoch: 2 	Training Loss: 1.539787 	Validation Loss: 0.368588
Epoch: 3 	Training Loss: 1.336502 	Validation Loss: 0.338578
Epoch: 4 	Training Loss: 1.160457 	Validation Loss: 0.306734
Epoch: 5 	Training Loss: 1.031081 	Validation Loss: 0.366226
Epoch: 6 	Training Loss: 0.916720 	Validation Loss: 0.291007
Epoch: 7 	Training Loss: 0.840759 	Validation Loss: 0.226442
Epoch: 8 	Training Loss: 0.773587 	Validation Loss: 0.195919
Epoch: 9 	Training Loss: 0.730102 	Validation Loss: 0.187451
Epoch: 10 	Training Loss: 0.678514 	Validation Loss: 0.173011
Epoch: 11 	Training Loss: 0.649804 	Validation Loss: 0.210820
Epoch: 12 	Training Loss: 0.608986 	Validation Loss: 0.157841
Epoch: 13 	Training Loss: 0.582297 	Validation Loss: 0.149379
Epoch: 14 	Training Loss: 0.552283 	Validation Loss: 0.159014
Epoch: 15 	Training Loss: 0.527809 	Validation Loss: 0.159288
Epoch: 16 	Training Loss: 0.515822 	Validation Loss: 0.144918
Epoch: 17 	Training Loss: 0.481782 	Validation Loss: 0.139685
Epoch: 18 	Training Loss: 0.463765 	Validation Loss: 0.132456
Epoch: 19 	Training Loss: 0.444587 	Validation Loss: 0.130492
Epoch: 20 	Training Loss: 0.436575 	Validation Loss: 0.133906
Epoch: 21 	Training Loss: 0.425634 	Validation Loss: 0.151351
Epoch: 22 	Training Loss: 0.401344 	Validation Loss: 0.124356
Epoch: 23 	Training Loss: 0.380016 	Validation Loss: 0.118830
Epoch: 24 	Training Loss: 0.377537 	Validation Loss: 0.129897
Epoch: 25 	Training Loss: 0.363249 	Validation Loss: 0.115915
Epoch: 26 	Training Loss: 0.350042 	Validation Loss: 0.123785
Epoch: 27 	Training Loss: 0.329895 	Validation Loss: 0.116896
Epoch: 28 	Training Loss: 0.326140 	Validation Loss: 0.121108
Epoch: 29 	Training Loss: 0.325031 	Validation Loss: 0.124812
Epoch: 30 	Training Loss: 0.326798 	Validation Loss: 0.129998
Early stopping after 30 epochs due to no improvement.

🔎 INICIANDO A AVALIAÇÃO DO OACE PARA ITERAÇÃO ATUAL
iteration_metrics:  {'model_name': 'ResNet50', 'assertividade': {'precision': 0.8009218038002924, 'accuracy': 0.7939, 'recall': 0.7939}, 'custo': {'mtp': 23528522, 'tpi': 0.0028181349395946334, 'ms': 89.75418853759766}, 'solution': {'lr': 0.009411558605875382, 'model_index': 2}}
accumulated_metrics:  [{'model_name': 'ResNet50', 'assertividade': {'precision': 0.8009218038002924, 'accuracy': 0.7939, 'recall': 0.7939}, 'custo': {'mtp': 23528522, 'tpi': 0.0028181349395946334, 'ms': 89.75418853759766}, 'solution': {'lr': 0.009411558605875382, 'model_index': 2}}]
maximos_a:  [0.9003294748121103, 0.8979, 0.8978999999999999]
minimos_a:  [0.0, 0.0, 0.0]
maximos_c (fixos do aquecimento):  [134309962, 0.01336536556482315, 512.3518447875977]
minimos_c (fixos do aquecimento):  [2236682, 0.0026650354266166687, 8.532264709472656]
🔹 A (Assertividade Normalizada):  0.8881293597520578
🔹 C (Custo Normalizado):  0.8664636001864832
🔹 S (Score OACE):  0.8772964799692704
Resultado do OACE por Iteração:  {'model_name': 'ResNet50', 'A': 0.8881293597520578, 'C': 0.8664636001864832, 'Score': 0.8772964799692704, 'solution': {'lr': 0.009411558605875382, 'model_index': 2}}
▶️ Iteration 52/150 (Round 2): model 2 e lr 0.01
🔀 Random Seed Atual: 601
Epoch: 1 	Training Loss: 2.295341 	Validation Loss: 0.477164
Epoch: 2 	Training Loss: 1.648124 	Validation Loss: 0.435764
Epoch: 3 	Training Loss: 1.483836 	Validation Loss: 0.350128
Epoch: 4 	Training Loss: 1.374998 	Validation Loss: 0.373216
Epoch: 5 	Training Loss: 1.312203 	Validation Loss: 0.328728
Epoch: 6 	Training Loss: 1.259694 	Validation Loss: 0.317047
Epoch: 7 	Training Loss: 1.163183 	Validation Loss: 0.283061
Epoch: 8 	Training Loss: 1.066485 	Validation Loss: 0.281993
Epoch: 9 	Training Loss: 0.990101 	Validation Loss: 0.255846
Epoch: 10 	Training Loss: 0.914937 	Validation Loss: 0.259535
Epoch: 11 	Training Loss: 0.859068 	Validation Loss: 0.217741
Epoch: 12 	Training Loss: 0.804060 	Validation Loss: 0.211469
Epoch: 13 	Training Loss: 0.774535 	Validation Loss: 0.234067
Epoch: 14 	Training Loss: 0.724239 	Validation Loss: 0.194778
Epoch: 15 	Training Loss: 0.685808 	Validation Loss: 0.166527
Epoch: 16 	Training Loss: 0.645030 	Validation Loss: 0.162251
Epoch: 17 	Training Loss: 0.635811 	Validation Loss: 0.162216
Epoch: 18 	Training Loss: 0.589619 	Validation Loss: 0.155869
Epoch: 19 	Training Loss: 0.557653 	Validation Loss: 0.140987
Epoch: 20 	Training Loss: 0.548806 	Validation Loss: 0.150707
Epoch: 21 	Training Loss: 0.561906 	Validation Loss: 0.183395
Epoch: 22 	Training Loss: 0.490219 	Validation Loss: 0.138889
Epoch: 23 	Training Loss: 0.471556 	Validation Loss: 0.132828
Epoch: 24 	Training Loss: 0.463233 	Validation Loss: 0.134075
Epoch: 25 	Training Loss: 0.431196 	Validation Loss: 0.129190
Epoch: 26 	Training Loss: 0.425250 	Validation Loss: 0.128832
Epoch: 27 	Training Loss: 0.412659 	Validation Loss: 0.130583
Epoch: 28 	Training Loss: 0.408775 	Validation Loss: 0.171352
Epoch: 29 	Training Loss: 0.384726 	Validation Loss: 0.125082
Epoch: 30 	Training Loss: 0.375658 	Validation Loss: 0.135850

🔎 INICIANDO A AVALIAÇÃO DO OACE PARA ITERAÇÃO ATUAL
iteration_metrics:  {'model_name': 'ResNet50', 'assertividade': {'precision': 0.7962583353880739, 'accuracy': 0.7912, 'recall': 0.7911999999999999}, 'custo': {'mtp': 23528522, 'tpi': 0.002786674317280958, 'ms': 89.75418853759766}, 'solution': {'lr': 0.01, 'model_index': 2}}
accumulated_metrics:  [{'model_name': 'ResNet50', 'assertividade': {'precision': 0.8009218038002924, 'accuracy': 0.7939, 'recall': 0.7939}, 'custo': {'mtp': 23528522, 'tpi': 0.0028181349395946334, 'ms': 89.75418853759766}, 'solution': {'lr': 0.009411558605875382, 'model_index': 2}}, {'model_name': 'ResNet50', 'assertividade': {'precision': 0.7962583353880739, 'accuracy': 0.7912, 'recall': 0.7911999999999999}, 'custo': {'mtp': 23528522, 'tpi': 0.002786674317280958, 'ms': 89.75418853759766}, 'solution': {'lr': 0.01, 'model_index': 2}}]
maximos_a:  [0.9003294748121103, 0.8979, 0.8978999999999999]
minimos_a:  [0.0, 0.0, 0.0]
maximos_c (fixos do aquecimento):  [134309962, 0.01336536556482315, 512.3518447875977]
minimos_c (fixos do aquecimento):  [2236682, 0.0026650354266166687, 8.532264709472656]
🔹 A (Assertividade Normalizada):  0.8835348578325762
🔹 C (Custo Normalizado):  0.8670175079111921
🔹 S (Score OACE):  0.8752761828718842
Resultado do OACE por Iteração:  {'model_name': 'ResNet50', 'A': 0.8835348578325762, 'C': 0.8670175079111921, 'Score': 0.8752761828718842, 'solution': {'lr': 0.01, 'model_index': 2}}
▶️ Iteration 53/150 (Round 2): model 4 e lr 0.009385339374622393
🔀 Random Seed Atual: 602
Epoch: 1 	Training Loss: 5.781977 	Validation Loss: 0.685117
Epoch: 2 	Training Loss: 1.833850 	Validation Loss: 0.792416
Epoch: 3 	Training Loss: 1.825504 	Validation Loss: 0.514992
Epoch: 4 	Training Loss: 2.581089 	Validation Loss: 0.483453
Epoch: 5 	Training Loss: 1.821683 	Validation Loss: 0.486489
Epoch: 6 	Training Loss: 3.712920 	Validation Loss: 4.041128
Epoch: 7 	Training Loss: 1.839105 	Validation Loss: 4.452377
Epoch: 8 	Training Loss: 1.839138 	Validation Loss: 3.238362
Epoch: 9 	Training Loss: 1.837497 	Validation Loss: 1.867223
Early stopping after 9 epochs due to no improvement.

🔎 INICIANDO A AVALIAÇÃO DO OACE PARA ITERAÇÃO ATUAL
iteration_metrics:  {'model_name': 'VGG16', 'assertividade': {'precision': 0.030910310200151316, 'accuracy': 0.1105, 'recall': 0.1105}, 'custo': {'mtp': 134309962, 'tpi': 0.0010961787715838972, 'ms': 512.3518447875977}, 'solution': {'lr': 0.009385339374622393, 'model_index': 4}}
accumulated_metrics:  [{'model_name': 'ResNet50', 'assertividade': {'precision': 0.8009218038002924, 'accuracy': 0.7939, 'recall': 0.7939}, 'custo': {'mtp': 23528522, 'tpi': 0.0028181349395946334, 'ms': 89.75418853759766}, 'solution': {'lr': 0.009411558605875382, 'model_index': 2}}, {'model_name': 'ResNet50', 'assertividade': {'precision': 0.7962583353880739, 'accuracy': 0.7912, 'recall': 0.7911999999999999}, 'custo': {'mtp': 23528522, 'tpi': 0.002786674317280958, 'ms': 89.75418853759766}, 'solution': {'lr': 0.01, 'model_index': 2}}, {'model_name': 'VGG16', 'assertividade': {'precision': 0.030910310200151316, 'accuracy': 0.1105, 'recall': 0.1105}, 'custo': {'mtp': 134309962, 'tpi': 0.0010961787715838972, 'ms': 512.3518447875977}, 'solution': {'lr': 0.009385339374622393, 'model_index': 4}}]
maximos_a:  [0.9003294748121103, 0.8979, 0.8978999999999999]
minimos_a:  [0.0, 0.0, 0.0]
maximos_c (fixos do aquecimento):  [134309962, 0.01336536556482315, 512.3518447875977]
minimos_c (fixos do aquecimento):  [2236682, 0.0026650354266166687, 8.532264709472656]
🔹 A (Assertividade Normalizada):  0.058232848554612096
🔹 C (Custo Normalizado):  0.1883940966391198
🔹 S (Score OACE):  0.12331347259686595
Resultado do OACE por Iteração:  {'model_name': 'VGG16', 'A': 0.058232848554612096, 'C': 0.1883940966391198, 'Score': 0.12331347259686595, 'solution': {'lr': 0.009385339374622393, 'model_index': 4}}
▶️ Iteration 54/150 (Round 2): model 2 e lr 0.009200032538958128
🔀 Random Seed Atual: 603
Epoch: 1 	Training Loss: 2.677074 	Validation Loss: 0.568964
Epoch: 2 	Training Loss: 1.825239 	Validation Loss: 0.435313
Epoch: 3 	Training Loss: 1.487506 	Validation Loss: 0.350464
Epoch: 4 	Training Loss: 1.348353 	Validation Loss: 0.335866
Epoch: 5 	Training Loss: 1.237872 	Validation Loss: 0.345115
Epoch: 6 	Training Loss: 1.117209 	Validation Loss: 0.266819
Epoch: 7 	Training Loss: 0.993314 	Validation Loss: 0.247037
Epoch: 8 	Training Loss: 0.896130 	Validation Loss: 0.261597
Epoch: 9 	Training Loss: 0.829812 	Validation Loss: 0.206920
Epoch: 10 	Training Loss: 0.771602 	Validation Loss: 0.229437
Epoch: 11 	Training Loss: 0.736451 	Validation Loss: 0.210722
Epoch: 12 	Training Loss: 0.691451 	Validation Loss: 0.190062
Epoch: 13 	Training Loss: 0.645079 	Validation Loss: 0.209599
Epoch: 14 	Training Loss: 0.608474 	Validation Loss: 0.166034
Epoch: 15 	Training Loss: 0.579989 	Validation Loss: 0.156426
Epoch: 16 	Training Loss: 0.560713 	Validation Loss: 0.170555
Epoch: 17 	Training Loss: 0.538517 	Validation Loss: 0.145794
Epoch: 18 	Training Loss: 0.533585 	Validation Loss: 0.559859
Epoch: 19 	Training Loss: 0.516655 	Validation Loss: 0.135522
Epoch: 20 	Training Loss: 0.466689 	Validation Loss: 0.131011
Epoch: 21 	Training Loss: 0.451696 	Validation Loss: 0.127565
Epoch: 22 	Training Loss: 0.461632 	Validation Loss: 0.130077
Epoch: 23 	Training Loss: 0.436883 	Validation Loss: 0.151716
Epoch: 24 	Training Loss: 0.442368 	Validation Loss: 0.139314
Epoch: 25 	Training Loss: 0.386713 	Validation Loss: 0.121900
Epoch: 26 	Training Loss: 0.388050 	Validation Loss: 0.117166
Epoch: 27 	Training Loss: 0.382683 	Validation Loss: 0.119597
Epoch: 28 	Training Loss: 0.421474 	Validation Loss: 0.164278
Epoch: 29 	Training Loss: 0.402440 	Validation Loss: 0.130960
Epoch: 30 	Training Loss: 0.337323 	Validation Loss: 0.113553

🔎 INICIANDO A AVALIAÇÃO DO OACE PARA ITERAÇÃO ATUAL
iteration_metrics:  {'model_name': 'ResNet50', 'assertividade': {'precision': 0.8262079001982474, 'accuracy': 0.8253, 'recall': 0.8253}, 'custo': {'mtp': 23528522, 'tpi': 0.002792718304190666, 'ms': 89.75418853759766}, 'solution': {'lr': 0.009200032538958128, 'model_index': 2}}
accumulated_metrics:  [{'model_name': 'ResNet50', 'assertividade': {'precision': 0.8009218038002924, 'accuracy': 0.7939, 'recall': 0.7939}, 'custo': {'mtp': 23528522, 'tpi': 0.0028181349395946334, 'ms': 89.75418853759766}, 'solution': {'lr': 0.009411558605875382, 'model_index': 2}}, {'model_name': 'ResNet50', 'assertividade': {'precision': 0.7962583353880739, 'accuracy': 0.7912, 'recall': 0.7911999999999999}, 'custo': {'mtp': 23528522, 'tpi': 0.002786674317280958, 'ms': 89.75418853759766}, 'solution': {'lr': 0.01, 'model_index': 2}}, {'model_name': 'VGG16', 'assertividade': {'precision': 0.030910310200151316, 'accuracy': 0.1105, 'recall': 0.1105}, 'custo': {'mtp': 134309962, 'tpi': 0.0010961787715838972, 'ms': 512.3518447875977}, 'solution': {'lr': 0.009385339374622393, 'model_index': 4}}, {'model_name': 'ResNet50', 'assertividade': {'precision': 0.8262079001982474, 'accuracy': 0.8253, 'recall': 0.8253}, 'custo': {'mtp': 23528522, 'tpi': 0.002792718304190666, 'ms': 89.75418853759766}, 'solution': {'lr': 0.009200032538958128, 'model_index': 2}}]
maximos_a:  [0.9003294748121103, 0.8979, 0.8978999999999999]
minimos_a:  [0.0, 0.0, 0.0]
maximos_c (fixos do aquecimento):  [134309962, 0.01336536556482315, 512.3518447875977]
minimos_c (fixos do aquecimento):  [2236682, 0.0026650354266166687, 8.532264709472656]
🔹 A (Assertividade Normalizada):  0.9180692807169113
🔹 C (Custo Normalizado):  0.8669110951707211
🔹 S (Score OACE):  0.8924901879438162
Resultado do OACE por Iteração:  {'model_name': 'ResNet50', 'A': 0.9180692807169113, 'C': 0.8669110951707211, 'Score': 0.8924901879438162, 'solution': {'lr': 0.009200032538958128, 'model_index': 2}}
▶️ Iteration 55/150 (Round 2): model 4 e lr 0.008583254241427335
🔀 Random Seed Atual: 604
Epoch: 1 	Training Loss: 4.944792 	Validation Loss: 0.492015
Epoch: 2 	Training Loss: 1.840250 	Validation Loss: 0.470272
Epoch: 3 	Training Loss: 1.837243 	Validation Loss: 0.483004
Epoch: 4 	Training Loss: 1.837913 	Validation Loss: 0.488588
Epoch: 5 	Training Loss: 1.837362 	Validation Loss: 0.472058
Epoch: 6 	Training Loss: 1.836832 	Validation Loss: 0.479768
Epoch: 7 	Training Loss: 1.835952 	Validation Loss: 0.521303
Early stopping after 7 epochs due to no improvement.

🔎 INICIANDO A AVALIAÇÃO DO OACE PARA ITERAÇÃO ATUAL
iteration_metrics:  {'model_name': 'VGG16', 'assertividade': {'precision': 0.0697968749117569, 'accuracy': 0.1064, 'recall': 0.10640000000000001}, 'custo': {'mtp': 134309962, 'tpi': 0.0011415466381486054, 'ms': 512.3518447875977}, 'solution': {'lr': 0.008583254241427335, 'model_index': 4}}
accumulated_metrics:  [{'model_name': 'ResNet50', 'assertividade': {'precision': 0.8009218038002924, 'accuracy': 0.7939, 'recall': 0.7939}, 'custo': {'mtp': 23528522, 'tpi': 0.0028181349395946334, 'ms': 89.75418853759766}, 'solution': {'lr': 0.009411558605875382, 'model_index': 2}}, {'model_name': 'ResNet50', 'assertividade': {'precision': 0.7962583353880739, 'accuracy': 0.7912, 'recall': 0.7911999999999999}, 'custo': {'mtp': 23528522, 'tpi': 0.002786674317280958, 'ms': 89.75418853759766}, 'solution': {'lr': 0.01, 'model_index': 2}}, {'model_name': 'VGG16', 'assertividade': {'precision': 0.030910310200151316, 'accuracy': 0.1105, 'recall': 0.1105}, 'custo': {'mtp': 134309962, 'tpi': 0.0010961787715838972, 'ms': 512.3518447875977}, 'solution': {'lr': 0.009385339374622393, 'model_index': 4}}, {'model_name': 'ResNet50', 'assertividade': {'precision': 0.8262079001982474, 'accuracy': 0.8253, 'recall': 0.8253}, 'custo': {'mtp': 23528522, 'tpi': 0.002792718304190666, 'ms': 89.75418853759766}, 'solution': {'lr': 0.009200032538958128, 'model_index': 2}}, {'model_name': 'VGG16', 'assertividade': {'precision': 0.0697968749117569, 'accuracy': 0.1064, 'recall': 0.10640000000000001}, 'custo': {'mtp': 134309962, 'tpi': 0.0011415466381486054, 'ms': 512.3518447875977}, 'solution': {'lr': 0.008583254241427335, 'model_index': 4}}]
maximos_a:  [0.9003294748121103, 0.8979, 0.8978999999999999]
minimos_a:  [0.0, 0.0, 0.0]
maximos_c (fixos do aquecimento):  [134309962, 0.01336536556482315, 512.3518447875977]
minimos_c (fixos do aquecimento):  [2236682, 0.0026650354266166687, 8.532264709472656]
🔹 A (Assertividade Normalizada):  0.08856054204825341
🔹 C (Custo Normalizado):  0.1883940966391198
🔹 S (Score OACE):  0.1384773193436866
Resultado do OACE por Iteração:  {'model_name': 'VGG16', 'A': 0.08856054204825341, 'C': 0.1883940966391198, 'Score': 0.1384773193436866, 'solution': {'lr': 0.008583254241427335, 'model_index': 4}}
✅ Checkpoint salvo na Rodada 2, Iteração 55.
▶️ Iteration 56/150 (Round 2): model 3 e lr 0.007834984027862186
🔀 Random Seed Atual: 605
Epoch: 1 	Training Loss: 1.796104 	Validation Loss: 0.394014
Epoch: 2 	Training Loss: 1.492102 	Validation Loss: 0.340827
Epoch: 3 	Training Loss: 1.201674 	Validation Loss: 0.282513
Epoch: 4 	Training Loss: 0.901908 	Validation Loss: 0.192468
Epoch: 5 	Training Loss: 0.741003 	Validation Loss: 0.182182
Epoch: 6 	Training Loss: 0.630773 	Validation Loss: 0.154646
Epoch: 7 	Training Loss: 0.559376 	Validation Loss: 0.143628
Epoch: 8 	Training Loss: 0.500473 	Validation Loss: 0.126719
Epoch: 9 	Training Loss: 0.456735 	Validation Loss: 0.144157
Epoch: 10 	Training Loss: 0.412220 	Validation Loss: 0.116745
Epoch: 11 	Training Loss: 0.379754 	Validation Loss: 0.107176
Epoch: 12 	Training Loss: 0.341752 	Validation Loss: 0.124824
Epoch: 13 	Training Loss: 0.312020 	Validation Loss: 0.107144
Epoch: 14 	Training Loss: 0.281314 	Validation Loss: 0.098061
Epoch: 15 	Training Loss: 0.262249 	Validation Loss: 0.097276
Epoch: 16 	Training Loss: 0.235767 	Validation Loss: 0.104289
Epoch: 17 	Training Loss: 0.216106 	Validation Loss: 0.106219
Epoch: 18 	Training Loss: 0.192404 	Validation Loss: 0.095601
Epoch: 19 	Training Loss: 0.178678 	Validation Loss: 0.093383
Epoch: 20 	Training Loss: 0.167967 	Validation Loss: 0.093280
Epoch: 21 	Training Loss: 0.150093 	Validation Loss: 0.096749
Epoch: 22 	Training Loss: 0.135840 	Validation Loss: 0.107622
Epoch: 23 	Training Loss: 0.130435 	Validation Loss: 0.098053
Epoch: 24 	Training Loss: 0.121391 	Validation Loss: 0.100539
Epoch: 25 	Training Loss: 0.111836 	Validation Loss: 0.106852
Early stopping after 25 epochs due to no improvement.

🔎 INICIANDO A AVALIAÇÃO DO OACE PARA ITERAÇÃO ATUAL
iteration_metrics:  {'model_name': 'InceptionV3', 'assertividade': {'precision': 0.8578975991702025, 'accuracy': 0.8557, 'recall': 0.8557}, 'custo': {'mtp': 24371444, 'tpi': 0.0054015171755651, 'ms': 92.96968078613281}, 'solution': {'lr': 0.007834984027862186, 'model_index': 3}}
accumulated_metrics:  [{'model_name': 'ResNet50', 'assertividade': {'precision': 0.8009218038002924, 'accuracy': 0.7939, 'recall': 0.7939}, 'custo': {'mtp': 23528522, 'tpi': 0.0028181349395946334, 'ms': 89.75418853759766}, 'solution': {'lr': 0.009411558605875382, 'model_index': 2}}, {'model_name': 'ResNet50', 'assertividade': {'precision': 0.7962583353880739, 'accuracy': 0.7912, 'recall': 0.7911999999999999}, 'custo': {'mtp': 23528522, 'tpi': 0.002786674317280958, 'ms': 89.75418853759766}, 'solution': {'lr': 0.01, 'model_index': 2}}, {'model_name': 'VGG16', 'assertividade': {'precision': 0.030910310200151316, 'accuracy': 0.1105, 'recall': 0.1105}, 'custo': {'mtp': 134309962, 'tpi': 0.0010961787715838972, 'ms': 512.3518447875977}, 'solution': {'lr': 0.009385339374622393, 'model_index': 4}}, {'model_name': 'ResNet50', 'assertividade': {'precision': 0.8262079001982474, 'accuracy': 0.8253, 'recall': 0.8253}, 'custo': {'mtp': 23528522, 'tpi': 0.002792718304190666, 'ms': 89.75418853759766}, 'solution': {'lr': 0.009200032538958128, 'model_index': 2}}, {'model_name': 'VGG16', 'assertividade': {'precision': 0.0697968749117569, 'accuracy': 0.1064, 'recall': 0.10640000000000001}, 'custo': {'mtp': 134309962, 'tpi': 0.0011415466381486054, 'ms': 512.3518447875977}, 'solution': {'lr': 0.008583254241427335, 'model_index': 4}}, {'model_name': 'InceptionV3', 'assertividade': {'precision': 0.8578975991702025, 'accuracy': 0.8557, 'recall': 0.8557}, 'custo': {'mtp': 24371444, 'tpi': 0.0054015171755651, 'ms': 92.96968078613281}, 'solution': {'lr': 0.007834984027862186, 'model_index': 3}}]
maximos_a:  [0.9003294748121103, 0.8979, 0.8978999999999999]
minimos_a:  [0.0, 0.0, 0.0]
maximos_c (fixos do aquecimento):  [134309962, 0.01336536556482315, 512.3518447875977]
minimos_c (fixos do aquecimento):  [2236682, 0.0026650354266166687, 8.532264709472656]
🔹 A (Assertividade Normalizada):  0.9529059356998771
🔹 C (Custo Normalizado):  0.8157997312462628
🔹 S (Score OACE):  0.8843528334730699
Resultado do OACE por Iteração:  {'model_name': 'InceptionV3', 'A': 0.9529059356998771, 'C': 0.8157997312462628, 'Score': 0.8843528334730699, 'solution': {'lr': 0.007834984027862186, 'model_index': 3}}
▶️ Iteration 57/150 (Round 2): model 4 e lr 0.007321352609678986
🔀 Random Seed Atual: 606
Epoch: 1 	Training Loss: 4.028325 	Validation Loss: 0.621003
Epoch: 2 	Training Loss: 1.845606 	Validation Loss: 0.501626
Epoch: 3 	Training Loss: 1.843583 	Validation Loss: 0.488307
Epoch: 4 	Training Loss: 1.842919 	Validation Loss: 0.479736
Epoch: 5 	Training Loss: 1.842842 	Validation Loss: 0.468088
Epoch: 6 	Training Loss: 1.842671 	Validation Loss: 0.473284
Epoch: 7 	Training Loss: 1.842652 	Validation Loss: 0.467019
Epoch: 8 	Training Loss: 1.842657 	Validation Loss: 0.483411
Epoch: 9 	Training Loss: 1.842514 	Validation Loss: 0.478955
Epoch: 10 	Training Loss: 1.842740 	Validation Loss: 0.476132
Epoch: 11 	Training Loss: 1.842637 	Validation Loss: 0.481999
Epoch: 12 	Training Loss: 1.842835 	Validation Loss: 0.465934
Epoch: 13 	Training Loss: 1.842718 	Validation Loss: 0.492369
Epoch: 14 	Training Loss: 1.842708 	Validation Loss: 0.479155
Epoch: 15 	Training Loss: 1.842653 	Validation Loss: 0.492631
Epoch: 16 	Training Loss: 1.842633 	Validation Loss: 0.490872
Epoch: 17 	Training Loss: 1.842758 	Validation Loss: 0.471132
Early stopping after 17 epochs due to no improvement.

🔎 INICIANDO A AVALIAÇÃO DO OACE PARA ITERAÇÃO ATUAL
iteration_metrics:  {'model_name': 'VGG16', 'assertividade': {'precision': 0.04583784143018542, 'accuracy': 0.1016, 'recall': 0.1016}, 'custo': {'mtp': 134309962, 'tpi': 0.0011684135266929675, 'ms': 512.3518447875977}, 'solution': {'lr': 0.007321352609678986, 'model_index': 4}}
accumulated_metrics:  [{'model_name': 'ResNet50', 'assertividade': {'precision': 0.8009218038002924, 'accuracy': 0.7939, 'recall': 0.7939}, 'custo': {'mtp': 23528522, 'tpi': 0.0028181349395946334, 'ms': 89.75418853759766}, 'solution': {'lr': 0.009411558605875382, 'model_index': 2}}, {'model_name': 'ResNet50', 'assertividade': {'precision': 0.7962583353880739, 'accuracy': 0.7912, 'recall': 0.7911999999999999}, 'custo': {'mtp': 23528522, 'tpi': 0.002786674317280958, 'ms': 89.75418853759766}, 'solution': {'lr': 0.01, 'model_index': 2}}, {'model_name': 'VGG16', 'assertividade': {'precision': 0.030910310200151316, 'accuracy': 0.1105, 'recall': 0.1105}, 'custo': {'mtp': 134309962, 'tpi': 0.0010961787715838972, 'ms': 512.3518447875977}, 'solution': {'lr': 0.009385339374622393, 'model_index': 4}}, {'model_name': 'ResNet50', 'assertividade': {'precision': 0.8262079001982474, 'accuracy': 0.8253, 'recall': 0.8253}, 'custo': {'mtp': 23528522, 'tpi': 0.002792718304190666, 'ms': 89.75418853759766}, 'solution': {'lr': 0.009200032538958128, 'model_index': 2}}, {'model_name': 'VGG16', 'assertividade': {'precision': 0.0697968749117569, 'accuracy': 0.1064, 'recall': 0.10640000000000001}, 'custo': {'mtp': 134309962, 'tpi': 0.0011415466381486054, 'ms': 512.3518447875977}, 'solution': {'lr': 0.008583254241427335, 'model_index': 4}}, {'model_name': 'InceptionV3', 'assertividade': {'precision': 0.8578975991702025, 'accuracy': 0.8557, 'recall': 0.8557}, 'custo': {'mtp': 24371444, 'tpi': 0.0054015171755651, 'ms': 92.96968078613281}, 'solution': {'lr': 0.007834984027862186, 'model_index': 3}}, {'model_name': 'VGG16', 'assertividade': {'precision': 0.04583784143018542, 'accuracy': 0.1016, 'recall': 0.1016}, 'custo': {'mtp': 134309962, 'tpi': 0.0011684135266929675, 'ms': 512.3518447875977}, 'solution': {'lr': 0.007321352609678986, 'model_index': 4}}]
maximos_a:  [0.9003294748121103, 0.8979, 0.8978999999999999]
minimos_a:  [0.0, 0.0, 0.0]
maximos_c (fixos do aquecimento):  [134309962, 0.01336536556482315, 512.3518447875977]
minimos_c (fixos do aquecimento):  [2236682, 0.0026650354266166687, 8.532264709472656]
🔹 A (Assertividade Normalizada):  0.06767713824894032
🔹 C (Custo Normalizado):  0.1883940966391198
🔹 S (Score OACE):  0.12803561744403005
Resultado do OACE por Iteração:  {'model_name': 'VGG16', 'A': 0.06767713824894032, 'C': 0.1883940966391198, 'Score': 0.12803561744403005, 'solution': {'lr': 0.007321352609678986, 'model_index': 4}}
▶️ Iteration 58/150 (Round 2): model 0 e lr 0.007665691294348975
🔀 Random Seed Atual: 607
Epoch: 1 	Training Loss: 1.842150 	Validation Loss: 0.435380
Epoch: 2 	Training Loss: 1.813226 	Validation Loss: 0.442814
Epoch: 3 	Training Loss: 1.834584 	Validation Loss: 0.458003
Epoch: 4 	Training Loss: 1.798728 	Validation Loss: 0.448211
Epoch: 5 	Training Loss: 1.883481 	Validation Loss: 0.456893
Epoch: 6 	Training Loss: 1.815402 	Validation Loss: 0.462733
Early stopping after 6 epochs due to no improvement.

🔎 INICIANDO A AVALIAÇÃO DO OACE PARA ITERAÇÃO ATUAL
iteration_metrics:  {'model_name': 'EfficientNetB0', 'assertividade': {'precision': 0.06798022166375269, 'accuracy': 0.1117, 'recall': 0.1117}, 'custo': {'mtp': 4020358, 'tpi': 0.003945086412369066, 'ms': 15.336448669433594}, 'solution': {'lr': 0.007665691294348975, 'model_index': 0}}
accumulated_metrics:  [{'model_name': 'ResNet50', 'assertividade': {'precision': 0.8009218038002924, 'accuracy': 0.7939, 'recall': 0.7939}, 'custo': {'mtp': 23528522, 'tpi': 0.0028181349395946334, 'ms': 89.75418853759766}, 'solution': {'lr': 0.009411558605875382, 'model_index': 2}}, {'model_name': 'ResNet50', 'assertividade': {'precision': 0.7962583353880739, 'accuracy': 0.7912, 'recall': 0.7911999999999999}, 'custo': {'mtp': 23528522, 'tpi': 0.002786674317280958, 'ms': 89.75418853759766}, 'solution': {'lr': 0.01, 'model_index': 2}}, {'model_name': 'VGG16', 'assertividade': {'precision': 0.030910310200151316, 'accuracy': 0.1105, 'recall': 0.1105}, 'custo': {'mtp': 134309962, 'tpi': 0.0010961787715838972, 'ms': 512.3518447875977}, 'solution': {'lr': 0.009385339374622393, 'model_index': 4}}, {'model_name': 'ResNet50', 'assertividade': {'precision': 0.8262079001982474, 'accuracy': 0.8253, 'recall': 0.8253}, 'custo': {'mtp': 23528522, 'tpi': 0.002792718304190666, 'ms': 89.75418853759766}, 'solution': {'lr': 0.009200032538958128, 'model_index': 2}}, {'model_name': 'VGG16', 'assertividade': {'precision': 0.0697968749117569, 'accuracy': 0.1064, 'recall': 0.10640000000000001}, 'custo': {'mtp': 134309962, 'tpi': 0.0011415466381486054, 'ms': 512.3518447875977}, 'solution': {'lr': 0.008583254241427335, 'model_index': 4}}, {'model_name': 'InceptionV3', 'assertividade': {'precision': 0.8578975991702025, 'accuracy': 0.8557, 'recall': 0.8557}, 'custo': {'mtp': 24371444, 'tpi': 0.0054015171755651, 'ms': 92.96968078613281}, 'solution': {'lr': 0.007834984027862186, 'model_index': 3}}, {'model_name': 'VGG16', 'assertividade': {'precision': 0.04583784143018542, 'accuracy': 0.1016, 'recall': 0.1016}, 'custo': {'mtp': 134309962, 'tpi': 0.0011684135266929675, 'ms': 512.3518447875977}, 'solution': {'lr': 0.007321352609678986, 'model_index': 4}}, {'model_name': 'EfficientNetB0', 'assertividade': {'precision': 0.06798022166375269, 'accuracy': 0.1117, 'recall': 0.1117}, 'custo': {'mtp': 4020358, 'tpi': 0.003945086412369066, 'ms': 15.336448669433594}, 'solution': {'lr': 0.007665691294348975, 'model_index': 0}}]
maximos_a:  [0.9003294748121103, 0.8979, 0.8978999999999999]
minimos_a:  [0.0, 0.0, 0.0]
maximos_c (fixos do aquecimento):  [134309962, 0.01336536556482315, 512.3518447875977]
minimos_c (fixos do aquecimento):  [2236682, 0.0026650354266166687, 8.532264709472656]
🔹 A (Assertividade Normalizada):  0.08867618624728521
🔹 C (Custo Normalizado):  0.9665020340892942
🔹 S (Score OACE):  0.5275891101682897
Resultado do OACE por Iteração:  {'model_name': 'EfficientNetB0', 'A': 0.08867618624728521, 'C': 0.9665020340892942, 'Score': 0.5275891101682897, 'solution': {'lr': 0.007665691294348975, 'model_index': 0}}
▶️ Iteration 59/150 (Round 2): model 0 e lr 0.007968809670981293
🔀 Random Seed Atual: 608
Epoch: 1 	Training Loss: 1.796251 	Validation Loss: 0.427794
Epoch: 2 	Training Loss: 1.804256 	Validation Loss: 0.471714
Epoch: 3 	Training Loss: 1.860637 	Validation Loss: 0.426811
Epoch: 4 	Training Loss: 1.748522 	Validation Loss: 0.417875
Epoch: 5 	Training Loss: 1.724289 	Validation Loss: 0.420525
Epoch: 6 	Training Loss: 1.763285 	Validation Loss: 0.422875
Epoch: 7 	Training Loss: 1.902462 	Validation Loss: 0.448526
Epoch: 8 	Training Loss: 1.735528 	Validation Loss: 0.440958
Epoch: 9 	Training Loss: 1.724704 	Validation Loss: 0.432238
Early stopping after 9 epochs due to no improvement.

🔎 INICIANDO A AVALIAÇÃO DO OACE PARA ITERAÇÃO ATUAL
iteration_metrics:  {'model_name': 'EfficientNetB0', 'assertividade': {'precision': 0.10281109219470826, 'accuracy': 0.172, 'recall': 0.17200000000000001}, 'custo': {'mtp': 4020358, 'tpi': 0.003598513876556591, 'ms': 15.336448669433594}, 'solution': {'lr': 0.007968809670981293, 'model_index': 0}}
accumulated_metrics:  [{'model_name': 'ResNet50', 'assertividade': {'precision': 0.8009218038002924, 'accuracy': 0.7939, 'recall': 0.7939}, 'custo': {'mtp': 23528522, 'tpi': 0.0028181349395946334, 'ms': 89.75418853759766}, 'solution': {'lr': 0.009411558605875382, 'model_index': 2}}, {'model_name': 'ResNet50', 'assertividade': {'precision': 0.7962583353880739, 'accuracy': 0.7912, 'recall': 0.7911999999999999}, 'custo': {'mtp': 23528522, 'tpi': 0.002786674317280958, 'ms': 89.75418853759766}, 'solution': {'lr': 0.01, 'model_index': 2}}, {'model_name': 'VGG16', 'assertividade': {'precision': 0.030910310200151316, 'accuracy': 0.1105, 'recall': 0.1105}, 'custo': {'mtp': 134309962, 'tpi': 0.0010961787715838972, 'ms': 512.3518447875977}, 'solution': {'lr': 0.009385339374622393, 'model_index': 4}}, {'model_name': 'ResNet50', 'assertividade': {'precision': 0.8262079001982474, 'accuracy': 0.8253, 'recall': 0.8253}, 'custo': {'mtp': 23528522, 'tpi': 0.002792718304190666, 'ms': 89.75418853759766}, 'solution': {'lr': 0.009200032538958128, 'model_index': 2}}, {'model_name': 'VGG16', 'assertividade': {'precision': 0.0697968749117569, 'accuracy': 0.1064, 'recall': 0.10640000000000001}, 'custo': {'mtp': 134309962, 'tpi': 0.0011415466381486054, 'ms': 512.3518447875977}, 'solution': {'lr': 0.008583254241427335, 'model_index': 4}}, {'model_name': 'InceptionV3', 'assertividade': {'precision': 0.8578975991702025, 'accuracy': 0.8557, 'recall': 0.8557}, 'custo': {'mtp': 24371444, 'tpi': 0.0054015171755651, 'ms': 92.96968078613281}, 'solution': {'lr': 0.007834984027862186, 'model_index': 3}}, {'model_name': 'VGG16', 'assertividade': {'precision': 0.04583784143018542, 'accuracy': 0.1016, 'recall': 0.1016}, 'custo': {'mtp': 134309962, 'tpi': 0.0011684135266929675, 'ms': 512.3518447875977}, 'solution': {'lr': 0.007321352609678986, 'model_index': 4}}, {'model_name': 'EfficientNetB0', 'assertividade': {'precision': 0.06798022166375269, 'accuracy': 0.1117, 'recall': 0.1117}, 'custo': {'mtp': 4020358, 'tpi': 0.003945086412369066, 'ms': 15.336448669433594}, 'solution': {'lr': 0.007665691294348975, 'model_index': 0}}, {'model_name': 'EfficientNetB0', 'assertividade': {'precision': 0.10281109219470826, 'accuracy': 0.172, 'recall': 0.17200000000000001}, 'custo': {'mtp': 4020358, 'tpi': 0.003598513876556591, 'ms': 15.336448669433594}, 'solution': {'lr': 0.007968809670981293, 'model_index': 0}}]
maximos_a:  [0.9003294748121103, 0.8979, 0.8978999999999999]
minimos_a:  [0.0, 0.0, 0.0]
maximos_c (fixos do aquecimento):  [134309962, 0.01336536556482315, 512.3518447875977]
minimos_c (fixos do aquecimento):  [2236682, 0.0026650354266166687, 8.532264709472656]
🔹 A (Assertividade Normalizada):  0.13503150865143437
🔹 C (Custo Normalizado):  0.9726039224386255
🔹 S (Score OACE):  0.5538177155450299
Resultado do OACE por Iteração:  {'model_name': 'EfficientNetB0', 'A': 0.13503150865143437, 'C': 0.9726039224386255, 'Score': 0.5538177155450299, 'solution': {'lr': 0.007968809670981293, 'model_index': 0}}
▶️ Iteration 60/150 (Round 2): model 1 e lr 0.007381222478438391
🔀 Random Seed Atual: 609
Epoch: 1 	Training Loss: 2.041091 	Validation Loss: 0.451359
Epoch: 2 	Training Loss: 1.936672 	Validation Loss: 0.469494
Epoch: 3 	Training Loss: 1.870907 	Validation Loss: 0.442452
Epoch: 4 	Training Loss: 1.824448 	Validation Loss: 0.452694
Epoch: 5 	Training Loss: 1.710209 	Validation Loss: 0.403459
Epoch: 6 	Training Loss: 1.653313 	Validation Loss: 0.444341
Epoch: 7 	Training Loss: 1.545460 	Validation Loss: 0.378076
Epoch: 8 	Training Loss: 1.444335 	Validation Loss: 0.360762
Epoch: 9 	Training Loss: 1.404973 	Validation Loss: 0.353691
Epoch: 10 	Training Loss: 1.356644 	Validation Loss: 0.355793
Epoch: 11 	Training Loss: 1.328052 	Validation Loss: 0.328355
Epoch: 12 	Training Loss: 1.270010 	Validation Loss: 0.298847
Epoch: 13 	Training Loss: 1.218576 	Validation Loss: 0.305665
Epoch: 14 	Training Loss: 1.176049 	Validation Loss: 0.292552
Epoch: 15 	Training Loss: 1.136093 	Validation Loss: 0.282237
Epoch: 16 	Training Loss: 1.108093 	Validation Loss: 0.266895
Epoch: 17 	Training Loss: 1.047987 	Validation Loss: 0.279306
Epoch: 18 	Training Loss: 1.019151 	Validation Loss: 0.272012
Epoch: 19 	Training Loss: 0.977017 	Validation Loss: 0.266540
Epoch: 20 	Training Loss: 0.953534 	Validation Loss: 0.232387
Epoch: 21 	Training Loss: 0.926307 	Validation Loss: 0.231666
Epoch: 22 	Training Loss: 0.899466 	Validation Loss: 0.223602
Epoch: 23 	Training Loss: 0.878904 	Validation Loss: 0.223128
Epoch: 24 	Training Loss: 0.859887 	Validation Loss: 0.212538
Epoch: 25 	Training Loss: 0.840676 	Validation Loss: 0.220534
Epoch: 26 	Training Loss: 0.819772 	Validation Loss: 0.214788
Epoch: 27 	Training Loss: 0.805598 	Validation Loss: 0.209124
Epoch: 28 	Training Loss: 0.792246 	Validation Loss: 0.191296
Epoch: 29 	Training Loss: 0.779501 	Validation Loss: 0.195140
Epoch: 30 	Training Loss: 0.771715 	Validation Loss: 0.184836

🔎 INICIANDO A AVALIAÇÃO DO OACE PARA ITERAÇÃO ATUAL
iteration_metrics:  {'model_name': 'MobileNetV2', 'assertividade': {'precision': 0.6786094694926865, 'accuracy': 0.671, 'recall': 0.671}, 'custo': {'mtp': 2236682, 'tpi': 0.0024538495738035556, 'ms': 8.532264709472656}, 'solution': {'lr': 0.007381222478438391, 'model_index': 1}}
accumulated_metrics:  [{'model_name': 'ResNet50', 'assertividade': {'precision': 0.8009218038002924, 'accuracy': 0.7939, 'recall': 0.7939}, 'custo': {'mtp': 23528522, 'tpi': 0.0028181349395946334, 'ms': 89.75418853759766}, 'solution': {'lr': 0.009411558605875382, 'model_index': 2}}, {'model_name': 'ResNet50', 'assertividade': {'precision': 0.7962583353880739, 'accuracy': 0.7912, 'recall': 0.7911999999999999}, 'custo': {'mtp': 23528522, 'tpi': 0.002786674317280958, 'ms': 89.75418853759766}, 'solution': {'lr': 0.01, 'model_index': 2}}, {'model_name': 'VGG16', 'assertividade': {'precision': 0.030910310200151316, 'accuracy': 0.1105, 'recall': 0.1105}, 'custo': {'mtp': 134309962, 'tpi': 0.0010961787715838972, 'ms': 512.3518447875977}, 'solution': {'lr': 0.009385339374622393, 'model_index': 4}}, {'model_name': 'ResNet50', 'assertividade': {'precision': 0.8262079001982474, 'accuracy': 0.8253, 'recall': 0.8253}, 'custo': {'mtp': 23528522, 'tpi': 0.002792718304190666, 'ms': 89.75418853759766}, 'solution': {'lr': 0.009200032538958128, 'model_index': 2}}, {'model_name': 'VGG16', 'assertividade': {'precision': 0.0697968749117569, 'accuracy': 0.1064, 'recall': 0.10640000000000001}, 'custo': {'mtp': 134309962, 'tpi': 0.0011415466381486054, 'ms': 512.3518447875977}, 'solution': {'lr': 0.008583254241427335, 'model_index': 4}}, {'model_name': 'InceptionV3', 'assertividade': {'precision': 0.8578975991702025, 'accuracy': 0.8557, 'recall': 0.8557}, 'custo': {'mtp': 24371444, 'tpi': 0.0054015171755651, 'ms': 92.96968078613281}, 'solution': {'lr': 0.007834984027862186, 'model_index': 3}}, {'model_name': 'VGG16', 'assertividade': {'precision': 0.04583784143018542, 'accuracy': 0.1016, 'recall': 0.1016}, 'custo': {'mtp': 134309962, 'tpi': 0.0011684135266929675, 'ms': 512.3518447875977}, 'solution': {'lr': 0.007321352609678986, 'model_index': 4}}, {'model_name': 'EfficientNetB0', 'assertividade': {'precision': 0.06798022166375269, 'accuracy': 0.1117, 'recall': 0.1117}, 'custo': {'mtp': 4020358, 'tpi': 0.003945086412369066, 'ms': 15.336448669433594}, 'solution': {'lr': 0.007665691294348975, 'model_index': 0}}, {'model_name': 'EfficientNetB0', 'assertividade': {'precision': 0.10281109219470826, 'accuracy': 0.172, 'recall': 0.17200000000000001}, 'custo': {'mtp': 4020358, 'tpi': 0.003598513876556591, 'ms': 15.336448669433594}, 'solution': {'lr': 0.007968809670981293, 'model_index': 0}}, {'model_name': 'MobileNetV2', 'assertividade': {'precision': 0.6786094694926865, 'accuracy': 0.671, 'recall': 0.671}, 'custo': {'mtp': 2236682, 'tpi': 0.0024538495738035556, 'ms': 8.532264709472656}, 'solution': {'lr': 0.007381222478438391, 'model_index': 1}}]
maximos_a:  [0.9003294748121103, 0.8979, 0.8978999999999999]
minimos_a:  [0.0, 0.0, 0.0]
maximos_c (fixos do aquecimento):  [134309962, 0.01336536556482315, 512.3518447875977]
minimos_c (fixos do aquecimento):  [2236682, 0.0026650354266166687, 8.532264709472656]
🔹 A (Assertividade Normalizada):  0.7520011994733099
🔹 C (Custo Normalizado):  1.0
🔹 S (Score OACE):  0.8760005997366549
Resultado do OACE por Iteração:  {'model_name': 'MobileNetV2', 'A': 0.7520011994733099, 'C': 1.0, 'Score': 0.8760005997366549, 'solution': {'lr': 0.007381222478438391, 'model_index': 1}}
✅ Checkpoint salvo na Rodada 2, Iteração 60.
▶️ Iteration 61/150 (Round 2): model 2 e lr 0.00757298478728058
🔀 Random Seed Atual: 610
Epoch: 1 	Training Loss: 2.459966 	Validation Loss: 0.548107
Epoch: 2 	Training Loss: 1.669637 	Validation Loss: 0.386011
Epoch: 3 	Training Loss: 1.477855 	Validation Loss: 0.369645
Epoch: 4 	Training Loss: 1.382550 	Validation Loss: 0.328718
Epoch: 5 	Training Loss: 1.284571 	Validation Loss: 0.299883
Epoch: 6 	Training Loss: 1.175110 	Validation Loss: 0.333554
Epoch: 7 	Training Loss: 1.054917 	Validation Loss: 0.267365
Epoch: 8 	Training Loss: 0.962920 	Validation Loss: 0.240286
Epoch: 9 	Training Loss: 0.883983 	Validation Loss: 0.226110
Epoch: 10 	Training Loss: 0.822948 	Validation Loss: 0.199895
Epoch: 11 	Training Loss: 0.768999 	Validation Loss: 0.185649
Epoch: 12 	Training Loss: 0.715807 	Validation Loss: 0.183910
Epoch: 13 	Training Loss: 0.693639 	Validation Loss: 0.172401
Epoch: 14 	Training Loss: 0.652704 	Validation Loss: 0.169311
Epoch: 15 	Training Loss: 0.621812 	Validation Loss: 0.157312
Epoch: 16 	Training Loss: 0.588596 	Validation Loss: 0.176396
Epoch: 17 	Training Loss: 0.568587 	Validation Loss: 0.158226
Epoch: 18 	Training Loss: 0.551828 	Validation Loss: 0.161519
Epoch: 19 	Training Loss: 0.520720 	Validation Loss: 0.148090
Epoch: 20 	Training Loss: 0.519974 	Validation Loss: 0.142493
Epoch: 21 	Training Loss: 0.479986 	Validation Loss: 0.142858
Epoch: 22 	Training Loss: 0.462839 	Validation Loss: 0.138568
Epoch: 23 	Training Loss: 0.445008 	Validation Loss: 0.134720
Epoch: 24 	Training Loss: 0.423835 	Validation Loss: 0.129522
Epoch: 25 	Training Loss: 0.417278 	Validation Loss: 0.138828
Epoch: 26 	Training Loss: 0.402677 	Validation Loss: 0.125738
Epoch: 27 	Training Loss: 0.384014 	Validation Loss: 0.124756
Epoch: 28 	Training Loss: 0.369576 	Validation Loss: 0.123247
Epoch: 29 	Training Loss: 0.350846 	Validation Loss: 0.124161
Epoch: 30 	Training Loss: 0.341477 	Validation Loss: 0.132998

🔎 INICIANDO A AVALIAÇÃO DO OACE PARA ITERAÇÃO ATUAL
iteration_metrics:  {'model_name': 'ResNet50', 'assertividade': {'precision': 0.7942024962942702, 'accuracy': 0.7927, 'recall': 0.7927000000000001}, 'custo': {'mtp': 23528522, 'tpi': 0.003041410142449057, 'ms': 89.75418853759766}, 'solution': {'lr': 0.00757298478728058, 'model_index': 2}}
accumulated_metrics:  [{'model_name': 'ResNet50', 'assertividade': {'precision': 0.8009218038002924, 'accuracy': 0.7939, 'recall': 0.7939}, 'custo': {'mtp': 23528522, 'tpi': 0.0028181349395946334, 'ms': 89.75418853759766}, 'solution': {'lr': 0.009411558605875382, 'model_index': 2}}, {'model_name': 'ResNet50', 'assertividade': {'precision': 0.7962583353880739, 'accuracy': 0.7912, 'recall': 0.7911999999999999}, 'custo': {'mtp': 23528522, 'tpi': 0.002786674317280958, 'ms': 89.75418853759766}, 'solution': {'lr': 0.01, 'model_index': 2}}, {'model_name': 'VGG16', 'assertividade': {'precision': 0.030910310200151316, 'accuracy': 0.1105, 'recall': 0.1105}, 'custo': {'mtp': 134309962, 'tpi': 0.0010961787715838972, 'ms': 512.3518447875977}, 'solution': {'lr': 0.009385339374622393, 'model_index': 4}}, {'model_name': 'ResNet50', 'assertividade': {'precision': 0.8262079001982474, 'accuracy': 0.8253, 'recall': 0.8253}, 'custo': {'mtp': 23528522, 'tpi': 0.002792718304190666, 'ms': 89.75418853759766}, 'solution': {'lr': 0.009200032538958128, 'model_index': 2}}, {'model_name': 'VGG16', 'assertividade': {'precision': 0.0697968749117569, 'accuracy': 0.1064, 'recall': 0.10640000000000001}, 'custo': {'mtp': 134309962, 'tpi': 0.0011415466381486054, 'ms': 512.3518447875977}, 'solution': {'lr': 0.008583254241427335, 'model_index': 4}}, {'model_name': 'InceptionV3', 'assertividade': {'precision': 0.8578975991702025, 'accuracy': 0.8557, 'recall': 0.8557}, 'custo': {'mtp': 24371444, 'tpi': 0.0054015171755651, 'ms': 92.96968078613281}, 'solution': {'lr': 0.007834984027862186, 'model_index': 3}}, {'model_name': 'VGG16', 'assertividade': {'precision': 0.04583784143018542, 'accuracy': 0.1016, 'recall': 0.1016}, 'custo': {'mtp': 134309962, 'tpi': 0.0011684135266929675, 'ms': 512.3518447875977}, 'solution': {'lr': 0.007321352609678986, 'model_index': 4}}, {'model_name': 'EfficientNetB0', 'assertividade': {'precision': 0.06798022166375269, 'accuracy': 0.1117, 'recall': 0.1117}, 'custo': {'mtp': 4020358, 'tpi': 0.003945086412369066, 'ms': 15.336448669433594}, 'solution': {'lr': 0.007665691294348975, 'model_index': 0}}, {'model_name': 'EfficientNetB0', 'assertividade': {'precision': 0.10281109219470826, 'accuracy': 0.172, 'recall': 0.17200000000000001}, 'custo': {'mtp': 4020358, 'tpi': 0.003598513876556591, 'ms': 15.336448669433594}, 'solution': {'lr': 0.007968809670981293, 'model_index': 0}}, {'model_name': 'MobileNetV2', 'assertividade': {'precision': 0.6786094694926865, 'accuracy': 0.671, 'recall': 0.671}, 'custo': {'mtp': 2236682, 'tpi': 0.0024538495738035556, 'ms': 8.532264709472656}, 'solution': {'lr': 0.007381222478438391, 'model_index': 1}}, {'model_name': 'ResNet50', 'assertividade': {'precision': 0.7942024962942702, 'accuracy': 0.7927, 'recall': 0.7927000000000001}, 'custo': {'mtp': 23528522, 'tpi': 0.003041410142449057, 'ms': 89.75418853759766}, 'solution': {'lr': 0.00757298478728058, 'model_index': 2}}]
maximos_a:  [0.9003294748121103, 0.8979, 0.8978999999999999]
minimos_a:  [0.0, 0.0, 0.0]
maximos_c (fixos do aquecimento):  [134309962, 0.01336536556482315, 512.3518447875977]
minimos_c (fixos do aquecimento):  [2236682, 0.0026650354266166687, 8.532264709472656]
🔹 A (Assertividade Normalizada):  0.8823164575550402
🔹 C (Custo Normalizado):  0.8625325317427645
🔹 S (Score OACE):  0.8724244946489024
Resultado do OACE por Iteração:  {'model_name': 'ResNet50', 'A': 0.8823164575550402, 'C': 0.8625325317427645, 'Score': 0.8724244946489024, 'solution': {'lr': 0.00757298478728058, 'model_index': 2}}
▶️ Iteration 62/150 (Round 2): model 2 e lr 0.007489412234523299
🔀 Random Seed Atual: 611
Epoch: 1 	Training Loss: 2.563737 	Validation Loss: 0.564378
Epoch: 2 	Training Loss: 1.783280 	Validation Loss: 0.411367
Epoch: 3 	Training Loss: 1.613287 	Validation Loss: 0.394047
Epoch: 4 	Training Loss: 1.499504 	Validation Loss: 0.352655
Epoch: 5 	Training Loss: 1.359859 	Validation Loss: 0.374187
Epoch: 6 	Training Loss: 1.276506 	Validation Loss: 0.308244
Epoch: 7 	Training Loss: 1.202703 	Validation Loss: 0.293834
Epoch: 8 	Training Loss: 1.131997 	Validation Loss: 0.271117
Epoch: 9 	Training Loss: 1.039291 	Validation Loss: 0.272793
Epoch: 10 	Training Loss: 0.943214 	Validation Loss: 0.223872
Epoch: 11 	Training Loss: 0.869385 	Validation Loss: 0.242415
Epoch: 12 	Training Loss: 0.815785 	Validation Loss: 0.206563
Epoch: 13 	Training Loss: 0.759700 	Validation Loss: 0.215669
Epoch: 14 	Training Loss: 0.701289 	Validation Loss: 0.181735
Epoch: 15 	Training Loss: 0.670294 	Validation Loss: 0.208081
Epoch: 16 	Training Loss: 0.623080 	Validation Loss: 0.180988
Epoch: 17 	Training Loss: 0.593906 	Validation Loss: 0.150223
Epoch: 18 	Training Loss: 0.569871 	Validation Loss: 0.149031
Epoch: 19 	Training Loss: 0.534622 	Validation Loss: 0.147909
Epoch: 20 	Training Loss: 0.512683 	Validation Loss: 0.173941
Epoch: 21 	Training Loss: 0.488924 	Validation Loss: 0.137004
Epoch: 22 	Training Loss: 0.457466 	Validation Loss: 0.138533
Epoch: 23 	Training Loss: 0.440501 	Validation Loss: 0.133741
Epoch: 24 	Training Loss: 0.419535 	Validation Loss: 0.131107
Epoch: 25 	Training Loss: 0.409202 	Validation Loss: 0.128545
Epoch: 26 	Training Loss: 0.386005 	Validation Loss: 0.146811
Epoch: 27 	Training Loss: 0.369486 	Validation Loss: 0.129279
Epoch: 28 	Training Loss: 0.349730 	Validation Loss: 0.131559
Epoch: 29 	Training Loss: 0.339240 	Validation Loss: 0.129572
Epoch: 30 	Training Loss: 0.327619 	Validation Loss: 0.128156

🔎 INICIANDO A AVALIAÇÃO DO OACE PARA ITERAÇÃO ATUAL
iteration_metrics:  {'model_name': 'ResNet50', 'assertividade': {'precision': 0.8042431437870426, 'accuracy': 0.7964, 'recall': 0.7964}, 'custo': {'mtp': 23528522, 'tpi': 0.002942202197518318, 'ms': 89.75418853759766}, 'solution': {'lr': 0.007489412234523299, 'model_index': 2}}
accumulated_metrics:  [{'model_name': 'ResNet50', 'assertividade': {'precision': 0.8009218038002924, 'accuracy': 0.7939, 'recall': 0.7939}, 'custo': {'mtp': 23528522, 'tpi': 0.0028181349395946334, 'ms': 89.75418853759766}, 'solution': {'lr': 0.009411558605875382, 'model_index': 2}}, {'model_name': 'ResNet50', 'assertividade': {'precision': 0.7962583353880739, 'accuracy': 0.7912, 'recall': 0.7911999999999999}, 'custo': {'mtp': 23528522, 'tpi': 0.002786674317280958, 'ms': 89.75418853759766}, 'solution': {'lr': 0.01, 'model_index': 2}}, {'model_name': 'VGG16', 'assertividade': {'precision': 0.030910310200151316, 'accuracy': 0.1105, 'recall': 0.1105}, 'custo': {'mtp': 134309962, 'tpi': 0.0010961787715838972, 'ms': 512.3518447875977}, 'solution': {'lr': 0.009385339374622393, 'model_index': 4}}, {'model_name': 'ResNet50', 'assertividade': {'precision': 0.8262079001982474, 'accuracy': 0.8253, 'recall': 0.8253}, 'custo': {'mtp': 23528522, 'tpi': 0.002792718304190666, 'ms': 89.75418853759766}, 'solution': {'lr': 0.009200032538958128, 'model_index': 2}}, {'model_name': 'VGG16', 'assertividade': {'precision': 0.0697968749117569, 'accuracy': 0.1064, 'recall': 0.10640000000000001}, 'custo': {'mtp': 134309962, 'tpi': 0.0011415466381486054, 'ms': 512.3518447875977}, 'solution': {'lr': 0.008583254241427335, 'model_index': 4}}, {'model_name': 'InceptionV3', 'assertividade': {'precision': 0.8578975991702025, 'accuracy': 0.8557, 'recall': 0.8557}, 'custo': {'mtp': 24371444, 'tpi': 0.0054015171755651, 'ms': 92.96968078613281}, 'solution': {'lr': 0.007834984027862186, 'model_index': 3}}, {'model_name': 'VGG16', 'assertividade': {'precision': 0.04583784143018542, 'accuracy': 0.1016, 'recall': 0.1016}, 'custo': {'mtp': 134309962, 'tpi': 0.0011684135266929675, 'ms': 512.3518447875977}, 'solution': {'lr': 0.007321352609678986, 'model_index': 4}}, {'model_name': 'EfficientNetB0', 'assertividade': {'precision': 0.06798022166375269, 'accuracy': 0.1117, 'recall': 0.1117}, 'custo': {'mtp': 4020358, 'tpi': 0.003945086412369066, 'ms': 15.336448669433594}, 'solution': {'lr': 0.007665691294348975, 'model_index': 0}}, {'model_name': 'EfficientNetB0', 'assertividade': {'precision': 0.10281109219470826, 'accuracy': 0.172, 'recall': 0.17200000000000001}, 'custo': {'mtp': 4020358, 'tpi': 0.003598513876556591, 'ms': 15.336448669433594}, 'solution': {'lr': 0.007968809670981293, 'model_index': 0}}, {'model_name': 'MobileNetV2', 'assertividade': {'precision': 0.6786094694926865, 'accuracy': 0.671, 'recall': 0.671}, 'custo': {'mtp': 2236682, 'tpi': 0.0024538495738035556, 'ms': 8.532264709472656}, 'solution': {'lr': 0.007381222478438391, 'model_index': 1}}, {'model_name': 'ResNet50', 'assertividade': {'precision': 0.7942024962942702, 'accuracy': 0.7927, 'recall': 0.7927000000000001}, 'custo': {'mtp': 23528522, 'tpi': 0.003041410142449057, 'ms': 89.75418853759766}, 'solution': {'lr': 0.00757298478728058, 'model_index': 2}}, {'model_name': 'ResNet50', 'assertividade': {'precision': 0.8042431437870426, 'accuracy': 0.7964, 'recall': 0.7964}, 'custo': {'mtp': 23528522, 'tpi': 0.002942202197518318, 'ms': 89.75418853759766}, 'solution': {'lr': 0.007489412234523299, 'model_index': 2}}]
maximos_a:  [0.9003294748121103, 0.8979, 0.8978999999999999]
minimos_a:  [0.0, 0.0, 0.0]
maximos_c (fixos do aquecimento):  [134309962, 0.01336536556482315, 512.3518447875977]
minimos_c (fixos do aquecimento):  [2236682, 0.0026650354266166687, 8.532264709472656]
🔹 A (Assertividade Normalizada):  0.8915746870220657
🔹 C (Custo Normalizado):  0.8642792246880517
🔹 S (Score OACE):  0.8779269558550586
Resultado do OACE por Iteração:  {'model_name': 'ResNet50', 'A': 0.8915746870220657, 'C': 0.8642792246880517, 'Score': 0.8779269558550586, 'solution': {'lr': 0.007489412234523299, 'model_index': 2}}
▶️ Iteration 63/150 (Round 2): model 2 e lr 0.007554773556347464
🔀 Random Seed Atual: 612
Epoch: 1 	Training Loss: 2.453162 	Validation Loss: 0.450165
Epoch: 2 	Training Loss: 1.652295 	Validation Loss: 0.381941
Epoch: 3 	Training Loss: 1.435017 	Validation Loss: 0.340222
Epoch: 4 	Training Loss: 1.300187 	Validation Loss: 0.329804
Epoch: 5 	Training Loss: 1.161922 	Validation Loss: 0.285681
Epoch: 6 	Training Loss: 1.029354 	Validation Loss: 0.317375
Epoch: 7 	Training Loss: 0.940891 	Validation Loss: 0.264707
Epoch: 8 	Training Loss: 0.852092 	Validation Loss: 0.265608
Epoch: 9 	Training Loss: 0.798148 	Validation Loss: 0.210302
Epoch: 10 	Training Loss: 0.740989 	Validation Loss: 0.193470
Epoch: 11 	Training Loss: 0.683831 	Validation Loss: 0.186566
Epoch: 12 	Training Loss: 0.646179 	Validation Loss: 0.170009
Epoch: 13 	Training Loss: 0.616722 	Validation Loss: 0.198284
Epoch: 14 	Training Loss: 0.616455 	Validation Loss: 0.156314
Epoch: 15 	Training Loss: 0.551980 	Validation Loss: 0.150790
Epoch: 16 	Training Loss: 0.518336 	Validation Loss: 0.157835
Epoch: 17 	Training Loss: 0.501108 	Validation Loss: 0.134505
Epoch: 18 	Training Loss: 0.486758 	Validation Loss: 0.159929
Epoch: 19 	Training Loss: 0.513303 	Validation Loss: 0.134236
Epoch: 20 	Training Loss: 0.450868 	Validation Loss: 0.127302
Epoch: 21 	Training Loss: 0.470914 	Validation Loss: 0.138170
Epoch: 22 	Training Loss: 0.409832 	Validation Loss: 0.132823
Epoch: 23 	Training Loss: 0.503684 	Validation Loss: 0.125119
Epoch: 24 	Training Loss: 0.380429 	Validation Loss: 0.116797
Epoch: 25 	Training Loss: 0.366965 	Validation Loss: 0.127994
Epoch: 26 	Training Loss: 0.364801 	Validation Loss: 0.113686
Epoch: 27 	Training Loss: 0.351299 	Validation Loss: 0.200605
Epoch: 28 	Training Loss: 0.343565 	Validation Loss: 0.122805
Epoch: 29 	Training Loss: 0.401333 	Validation Loss: 0.287427
Epoch: 30 	Training Loss: 0.395853 	Validation Loss: 0.124576

🔎 INICIANDO A AVALIAÇÃO DO OACE PARA ITERAÇÃO ATUAL
iteration_metrics:  {'model_name': 'ResNet50', 'assertividade': {'precision': 0.8077341729274735, 'accuracy': 0.8035, 'recall': 0.8035}, 'custo': {'mtp': 23528522, 'tpi': 0.0030761661043592317, 'ms': 89.75418853759766}, 'solution': {'lr': 0.007554773556347464, 'model_index': 2}}
accumulated_metrics:  [{'model_name': 'ResNet50', 'assertividade': {'precision': 0.8009218038002924, 'accuracy': 0.7939, 'recall': 0.7939}, 'custo': {'mtp': 23528522, 'tpi': 0.0028181349395946334, 'ms': 89.75418853759766}, 'solution': {'lr': 0.009411558605875382, 'model_index': 2}}, {'model_name': 'ResNet50', 'assertividade': {'precision': 0.7962583353880739, 'accuracy': 0.7912, 'recall': 0.7911999999999999}, 'custo': {'mtp': 23528522, 'tpi': 0.002786674317280958, 'ms': 89.75418853759766}, 'solution': {'lr': 0.01, 'model_index': 2}}, {'model_name': 'VGG16', 'assertividade': {'precision': 0.030910310200151316, 'accuracy': 0.1105, 'recall': 0.1105}, 'custo': {'mtp': 134309962, 'tpi': 0.0010961787715838972, 'ms': 512.3518447875977}, 'solution': {'lr': 0.009385339374622393, 'model_index': 4}}, {'model_name': 'ResNet50', 'assertividade': {'precision': 0.8262079001982474, 'accuracy': 0.8253, 'recall': 0.8253}, 'custo': {'mtp': 23528522, 'tpi': 0.002792718304190666, 'ms': 89.75418853759766}, 'solution': {'lr': 0.009200032538958128, 'model_index': 2}}, {'model_name': 'VGG16', 'assertividade': {'precision': 0.0697968749117569, 'accuracy': 0.1064, 'recall': 0.10640000000000001}, 'custo': {'mtp': 134309962, 'tpi': 0.0011415466381486054, 'ms': 512.3518447875977}, 'solution': {'lr': 0.008583254241427335, 'model_index': 4}}, {'model_name': 'InceptionV3', 'assertividade': {'precision': 0.8578975991702025, 'accuracy': 0.8557, 'recall': 0.8557}, 'custo': {'mtp': 24371444, 'tpi': 0.0054015171755651, 'ms': 92.96968078613281}, 'solution': {'lr': 0.007834984027862186, 'model_index': 3}}, {'model_name': 'VGG16', 'assertividade': {'precision': 0.04583784143018542, 'accuracy': 0.1016, 'recall': 0.1016}, 'custo': {'mtp': 134309962, 'tpi': 0.0011684135266929675, 'ms': 512.3518447875977}, 'solution': {'lr': 0.007321352609678986, 'model_index': 4}}, {'model_name': 'EfficientNetB0', 'assertividade': {'precision': 0.06798022166375269, 'accuracy': 0.1117, 'recall': 0.1117}, 'custo': {'mtp': 4020358, 'tpi': 0.003945086412369066, 'ms': 15.336448669433594}, 'solution': {'lr': 0.007665691294348975, 'model_index': 0}}, {'model_name': 'EfficientNetB0', 'assertividade': {'precision': 0.10281109219470826, 'accuracy': 0.172, 'recall': 0.17200000000000001}, 'custo': {'mtp': 4020358, 'tpi': 0.003598513876556591, 'ms': 15.336448669433594}, 'solution': {'lr': 0.007968809670981293, 'model_index': 0}}, {'model_name': 'MobileNetV2', 'assertividade': {'precision': 0.6786094694926865, 'accuracy': 0.671, 'recall': 0.671}, 'custo': {'mtp': 2236682, 'tpi': 0.0024538495738035556, 'ms': 8.532264709472656}, 'solution': {'lr': 0.007381222478438391, 'model_index': 1}}, {'model_name': 'ResNet50', 'assertividade': {'precision': 0.7942024962942702, 'accuracy': 0.7927, 'recall': 0.7927000000000001}, 'custo': {'mtp': 23528522, 'tpi': 0.003041410142449057, 'ms': 89.75418853759766}, 'solution': {'lr': 0.00757298478728058, 'model_index': 2}}, {'model_name': 'ResNet50', 'assertividade': {'precision': 0.8042431437870426, 'accuracy': 0.7964, 'recall': 0.7964}, 'custo': {'mtp': 23528522, 'tpi': 0.002942202197518318, 'ms': 89.75418853759766}, 'solution': {'lr': 0.007489412234523299, 'model_index': 2}}, {'model_name': 'ResNet50', 'assertividade': {'precision': 0.8077341729274735, 'accuracy': 0.8035, 'recall': 0.8035}, 'custo': {'mtp': 23528522, 'tpi': 0.0030761661043592317, 'ms': 89.75418853759766}, 'solution': {'lr': 0.007554773556347464, 'model_index': 2}}]
maximos_a:  [0.9003294748121103, 0.8979, 0.8978999999999999]
minimos_a:  [0.0, 0.0, 0.0]
maximos_c (fixos do aquecimento):  [134309962, 0.01336536556482315, 512.3518447875977]
minimos_c (fixos do aquecimento):  [2236682, 0.0026650354266166687, 8.532264709472656]
🔹 A (Assertividade Normalizada):  0.8965376470237846
🔹 C (Custo Normalizado):  0.8619206050113162
🔹 S (Score OACE):  0.8792291260175504
Resultado do OACE por Iteração:  {'model_name': 'ResNet50', 'A': 0.8965376470237846, 'C': 0.8619206050113162, 'Score': 0.8792291260175504, 'solution': {'lr': 0.007554773556347464, 'model_index': 2}}
▶️ Iteration 64/150 (Round 2): model 1 e lr 0.008046419612519723
🔀 Random Seed Atual: 613
Epoch: 1 	Training Loss: 2.030997 	Validation Loss: 0.531700
Epoch: 2 	Training Loss: 2.183758 	Validation Loss: 0.663205
Epoch: 3 	Training Loss: 1.923721 	Validation Loss: 0.440415
Epoch: 4 	Training Loss: 1.761507 	Validation Loss: 0.436196
Epoch: 5 	Training Loss: 1.721917 	Validation Loss: 0.416261
Epoch: 6 	Training Loss: 1.618203 	Validation Loss: 0.389863
Epoch: 7 	Training Loss: 1.520509 	Validation Loss: 0.364457
Epoch: 8 	Training Loss: 1.470639 	Validation Loss: 0.369303
Epoch: 9 	Training Loss: 1.423364 	Validation Loss: 0.348492
Epoch: 10 	Training Loss: 1.386553 	Validation Loss: 0.345384
Epoch: 11 	Training Loss: 1.346061 	Validation Loss: 0.323397
Epoch: 12 	Training Loss: 1.305167 	Validation Loss: 0.317158
Epoch: 13 	Training Loss: 1.274801 	Validation Loss: 0.313872
Epoch: 14 	Training Loss: 1.237468 	Validation Loss: 0.301866
Epoch: 15 	Training Loss: 1.169895 	Validation Loss: 0.291778
Epoch: 16 	Training Loss: 1.114995 	Validation Loss: 0.277416
Epoch: 17 	Training Loss: 1.056092 	Validation Loss: 0.253765
Epoch: 18 	Training Loss: 1.014453 	Validation Loss: 0.235195
Epoch: 19 	Training Loss: 0.984531 	Validation Loss: 0.240091
Epoch: 20 	Training Loss: 0.957236 	Validation Loss: 0.231703
Epoch: 21 	Training Loss: 0.927031 	Validation Loss: 0.217432
Epoch: 22 	Training Loss: 0.892532 	Validation Loss: 0.213359
Epoch: 23 	Training Loss: 0.864081 	Validation Loss: 0.288949
Epoch: 24 	Training Loss: 0.839779 	Validation Loss: 0.203806
Epoch: 25 	Training Loss: 0.820941 	Validation Loss: 0.198523
Epoch: 26 	Training Loss: 0.802525 	Validation Loss: 0.218837
Epoch: 27 	Training Loss: 0.789498 	Validation Loss: 0.196475
Epoch: 28 	Training Loss: 0.767827 	Validation Loss: 0.190414
Epoch: 29 	Training Loss: 0.764933 	Validation Loss: 0.186504
Epoch: 30 	Training Loss: 0.748088 	Validation Loss: 0.199853

🔎 INICIANDO A AVALIAÇÃO DO OACE PARA ITERAÇÃO ATUAL
iteration_metrics:  {'model_name': 'MobileNetV2', 'assertividade': {'precision': 0.6847048463203063, 'accuracy': 0.6648, 'recall': 0.6648000000000001}, 'custo': {'mtp': 2236682, 'tpi': 0.0025336985375471175, 'ms': 8.532264709472656}, 'solution': {'lr': 0.008046419612519723, 'model_index': 1}}
accumulated_metrics:  [{'model_name': 'ResNet50', 'assertividade': {'precision': 0.8009218038002924, 'accuracy': 0.7939, 'recall': 0.7939}, 'custo': {'mtp': 23528522, 'tpi': 0.0028181349395946334, 'ms': 89.75418853759766}, 'solution': {'lr': 0.009411558605875382, 'model_index': 2}}, {'model_name': 'ResNet50', 'assertividade': {'precision': 0.7962583353880739, 'accuracy': 0.7912, 'recall': 0.7911999999999999}, 'custo': {'mtp': 23528522, 'tpi': 0.002786674317280958, 'ms': 89.75418853759766}, 'solution': {'lr': 0.01, 'model_index': 2}}, {'model_name': 'VGG16', 'assertividade': {'precision': 0.030910310200151316, 'accuracy': 0.1105, 'recall': 0.1105}, 'custo': {'mtp': 134309962, 'tpi': 0.0010961787715838972, 'ms': 512.3518447875977}, 'solution': {'lr': 0.009385339374622393, 'model_index': 4}}, {'model_name': 'ResNet50', 'assertividade': {'precision': 0.8262079001982474, 'accuracy': 0.8253, 'recall': 0.8253}, 'custo': {'mtp': 23528522, 'tpi': 0.002792718304190666, 'ms': 89.75418853759766}, 'solution': {'lr': 0.009200032538958128, 'model_index': 2}}, {'model_name': 'VGG16', 'assertividade': {'precision': 0.0697968749117569, 'accuracy': 0.1064, 'recall': 0.10640000000000001}, 'custo': {'mtp': 134309962, 'tpi': 0.0011415466381486054, 'ms': 512.3518447875977}, 'solution': {'lr': 0.008583254241427335, 'model_index': 4}}, {'model_name': 'InceptionV3', 'assertividade': {'precision': 0.8578975991702025, 'accuracy': 0.8557, 'recall': 0.8557}, 'custo': {'mtp': 24371444, 'tpi': 0.0054015171755651, 'ms': 92.96968078613281}, 'solution': {'lr': 0.007834984027862186, 'model_index': 3}}, {'model_name': 'VGG16', 'assertividade': {'precision': 0.04583784143018542, 'accuracy': 0.1016, 'recall': 0.1016}, 'custo': {'mtp': 134309962, 'tpi': 0.0011684135266929675, 'ms': 512.3518447875977}, 'solution': {'lr': 0.007321352609678986, 'model_index': 4}}, {'model_name': 'EfficientNetB0', 'assertividade': {'precision': 0.06798022166375269, 'accuracy': 0.1117, 'recall': 0.1117}, 'custo': {'mtp': 4020358, 'tpi': 0.003945086412369066, 'ms': 15.336448669433594}, 'solution': {'lr': 0.007665691294348975, 'model_index': 0}}, {'model_name': 'EfficientNetB0', 'assertividade': {'precision': 0.10281109219470826, 'accuracy': 0.172, 'recall': 0.17200000000000001}, 'custo': {'mtp': 4020358, 'tpi': 0.003598513876556591, 'ms': 15.336448669433594}, 'solution': {'lr': 0.007968809670981293, 'model_index': 0}}, {'model_name': 'MobileNetV2', 'assertividade': {'precision': 0.6786094694926865, 'accuracy': 0.671, 'recall': 0.671}, 'custo': {'mtp': 2236682, 'tpi': 0.0024538495738035556, 'ms': 8.532264709472656}, 'solution': {'lr': 0.007381222478438391, 'model_index': 1}}, {'model_name': 'ResNet50', 'assertividade': {'precision': 0.7942024962942702, 'accuracy': 0.7927, 'recall': 0.7927000000000001}, 'custo': {'mtp': 23528522, 'tpi': 0.003041410142449057, 'ms': 89.75418853759766}, 'solution': {'lr': 0.00757298478728058, 'model_index': 2}}, {'model_name': 'ResNet50', 'assertividade': {'precision': 0.8042431437870426, 'accuracy': 0.7964, 'recall': 0.7964}, 'custo': {'mtp': 23528522, 'tpi': 0.002942202197518318, 'ms': 89.75418853759766}, 'solution': {'lr': 0.007489412234523299, 'model_index': 2}}, {'model_name': 'ResNet50', 'assertividade': {'precision': 0.8077341729274735, 'accuracy': 0.8035, 'recall': 0.8035}, 'custo': {'mtp': 23528522, 'tpi': 0.0030761661043592317, 'ms': 89.75418853759766}, 'solution': {'lr': 0.007554773556347464, 'model_index': 2}}, {'model_name': 'MobileNetV2', 'assertividade': {'precision': 0.6847048463203063, 'accuracy': 0.6648, 'recall': 0.6648000000000001}, 'custo': {'mtp': 2236682, 'tpi': 0.0025336985375471175, 'ms': 8.532264709472656}, 'solution': {'lr': 0.008046419612519723, 'model_index': 1}}]
maximos_a:  [0.9003294748121103, 0.8979, 0.8978999999999999]
minimos_a:  [0.0, 0.0, 0.0]
maximos_c (fixos do aquecimento):  [134309962, 0.01336536556482315, 512.3518447875977]
minimos_c (fixos do aquecimento):  [2236682, 0.0026650354266166687, 8.532264709472656]
🔹 A (Assertividade Normalizada):  0.755087883917387
🔹 C (Custo Normalizado):  1.0
🔹 S (Score OACE):  0.8775439419586935
Resultado do OACE por Iteração:  {'model_name': 'MobileNetV2', 'A': 0.755087883917387, 'C': 1.0, 'Score': 0.8775439419586935, 'solution': {'lr': 0.008046419612519723, 'model_index': 1}}
▶️ Iteration 65/150 (Round 2): model 0 e lr 0.007687934293544706
🔀 Random Seed Atual: 614
Epoch: 1 	Training Loss: 1.839798 	Validation Loss: 0.444582
Epoch: 2 	Training Loss: 1.843037 	Validation Loss: 0.458481
Epoch: 3 	Training Loss: 1.823788 	Validation Loss: 0.450936
Epoch: 4 	Training Loss: 1.878231 	Validation Loss: 0.462837
Epoch: 5 	Training Loss: 1.911834 	Validation Loss: 0.470455
Epoch: 6 	Training Loss: 1.883942 	Validation Loss: 0.463623
Early stopping after 6 epochs due to no improvement.

🔎 INICIANDO A AVALIAÇÃO DO OACE PARA ITERAÇÃO ATUAL
iteration_metrics:  {'model_name': 'EfficientNetB0', 'assertividade': {'precision': 0.1248386893874192, 'accuracy': 0.1237, 'recall': 0.1237}, 'custo': {'mtp': 4020358, 'tpi': 0.003957789415007185, 'ms': 15.336448669433594}, 'solution': {'lr': 0.007687934293544706, 'model_index': 0}}
accumulated_metrics:  [{'model_name': 'ResNet50', 'assertividade': {'precision': 0.8009218038002924, 'accuracy': 0.7939, 'recall': 0.7939}, 'custo': {'mtp': 23528522, 'tpi': 0.0028181349395946334, 'ms': 89.75418853759766}, 'solution': {'lr': 0.009411558605875382, 'model_index': 2}}, {'model_name': 'ResNet50', 'assertividade': {'precision': 0.7962583353880739, 'accuracy': 0.7912, 'recall': 0.7911999999999999}, 'custo': {'mtp': 23528522, 'tpi': 0.002786674317280958, 'ms': 89.75418853759766}, 'solution': {'lr': 0.01, 'model_index': 2}}, {'model_name': 'VGG16', 'assertividade': {'precision': 0.030910310200151316, 'accuracy': 0.1105, 'recall': 0.1105}, 'custo': {'mtp': 134309962, 'tpi': 0.0010961787715838972, 'ms': 512.3518447875977}, 'solution': {'lr': 0.009385339374622393, 'model_index': 4}}, {'model_name': 'ResNet50', 'assertividade': {'precision': 0.8262079001982474, 'accuracy': 0.8253, 'recall': 0.8253}, 'custo': {'mtp': 23528522, 'tpi': 0.002792718304190666, 'ms': 89.75418853759766}, 'solution': {'lr': 0.009200032538958128, 'model_index': 2}}, {'model_name': 'VGG16', 'assertividade': {'precision': 0.0697968749117569, 'accuracy': 0.1064, 'recall': 0.10640000000000001}, 'custo': {'mtp': 134309962, 'tpi': 0.0011415466381486054, 'ms': 512.3518447875977}, 'solution': {'lr': 0.008583254241427335, 'model_index': 4}}, {'model_name': 'InceptionV3', 'assertividade': {'precision': 0.8578975991702025, 'accuracy': 0.8557, 'recall': 0.8557}, 'custo': {'mtp': 24371444, 'tpi': 0.0054015171755651, 'ms': 92.96968078613281}, 'solution': {'lr': 0.007834984027862186, 'model_index': 3}}, {'model_name': 'VGG16', 'assertividade': {'precision': 0.04583784143018542, 'accuracy': 0.1016, 'recall': 0.1016}, 'custo': {'mtp': 134309962, 'tpi': 0.0011684135266929675, 'ms': 512.3518447875977}, 'solution': {'lr': 0.007321352609678986, 'model_index': 4}}, {'model_name': 'EfficientNetB0', 'assertividade': {'precision': 0.06798022166375269, 'accuracy': 0.1117, 'recall': 0.1117}, 'custo': {'mtp': 4020358, 'tpi': 0.003945086412369066, 'ms': 15.336448669433594}, 'solution': {'lr': 0.007665691294348975, 'model_index': 0}}, {'model_name': 'EfficientNetB0', 'assertividade': {'precision': 0.10281109219470826, 'accuracy': 0.172, 'recall': 0.17200000000000001}, 'custo': {'mtp': 4020358, 'tpi': 0.003598513876556591, 'ms': 15.336448669433594}, 'solution': {'lr': 0.007968809670981293, 'model_index': 0}}, {'model_name': 'MobileNetV2', 'assertividade': {'precision': 0.6786094694926865, 'accuracy': 0.671, 'recall': 0.671}, 'custo': {'mtp': 2236682, 'tpi': 0.0024538495738035556, 'ms': 8.532264709472656}, 'solution': {'lr': 0.007381222478438391, 'model_index': 1}}, {'model_name': 'ResNet50', 'assertividade': {'precision': 0.7942024962942702, 'accuracy': 0.7927, 'recall': 0.7927000000000001}, 'custo': {'mtp': 23528522, 'tpi': 0.003041410142449057, 'ms': 89.75418853759766}, 'solution': {'lr': 0.00757298478728058, 'model_index': 2}}, {'model_name': 'ResNet50', 'assertividade': {'precision': 0.8042431437870426, 'accuracy': 0.7964, 'recall': 0.7964}, 'custo': {'mtp': 23528522, 'tpi': 0.002942202197518318, 'ms': 89.75418853759766}, 'solution': {'lr': 0.007489412234523299, 'model_index': 2}}, {'model_name': 'ResNet50', 'assertividade': {'precision': 0.8077341729274735, 'accuracy': 0.8035, 'recall': 0.8035}, 'custo': {'mtp': 23528522, 'tpi': 0.0030761661043592317, 'ms': 89.75418853759766}, 'solution': {'lr': 0.007554773556347464, 'model_index': 2}}, {'model_name': 'MobileNetV2', 'assertividade': {'precision': 0.6847048463203063, 'accuracy': 0.6648, 'recall': 0.6648000000000001}, 'custo': {'mtp': 2236682, 'tpi': 0.0025336985375471175, 'ms': 8.532264709472656}, 'solution': {'lr': 0.008046419612519723, 'model_index': 1}}, {'model_name': 'EfficientNetB0', 'assertividade': {'precision': 0.1248386893874192, 'accuracy': 0.1237, 'recall': 0.1237}, 'custo': {'mtp': 4020358, 'tpi': 0.003957789415007185, 'ms': 15.336448669433594}, 'solution': {'lr': 0.007687934293544706, 'model_index': 0}}]
maximos_a:  [0.9003294748121103, 0.8979, 0.8978999999999999]
minimos_a:  [0.0, 0.0, 0.0]
maximos_c (fixos do aquecimento):  [134309962, 0.01336536556482315, 512.3518447875977]
minimos_c (fixos do aquecimento):  [2236682, 0.0026650354266166687, 8.532264709472656]
🔹 A (Assertividade Normalizada):  0.1384183609661912
🔹 C (Custo Normalizado):  0.9662783801762185
🔹 S (Score OACE):  0.5523483705712049
Resultado do OACE por Iteração:  {'model_name': 'EfficientNetB0', 'A': 0.1384183609661912, 'C': 0.9662783801762185, 'Score': 0.5523483705712049, 'solution': {'lr': 0.007687934293544706, 'model_index': 0}}
✅ Checkpoint salvo na Rodada 2, Iteração 65.
▶️ Iteration 66/150 (Round 2): model 4 e lr 0.007309453931443001
🔀 Random Seed Atual: 615
Epoch: 1 	Training Loss: 2.760634 	Validation Loss: 0.482404
Epoch: 2 	Training Loss: 1.840580 	Validation Loss: 0.465089
Epoch: 3 	Training Loss: 1.842762 	Validation Loss: 0.451205
Epoch: 4 	Training Loss: 1.815664 	Validation Loss: 0.445355
Epoch: 5 	Training Loss: 16.392074 	Validation Loss: 0.492145
Epoch: 6 	Training Loss: 1.846930 	Validation Loss: 0.460681
Epoch: 7 	Training Loss: 1.843064 	Validation Loss: 0.460541
Epoch: 8 	Training Loss: 1.842661 	Validation Loss: 0.460668
Epoch: 9 	Training Loss: 1.842638 	Validation Loss: 0.460664
Early stopping after 9 epochs due to no improvement.

🔎 INICIANDO A AVALIAÇÃO DO OACE PARA ITERAÇÃO ATUAL
iteration_metrics:  {'model_name': 'VGG16', 'assertividade': {'precision': 0.01, 'accuracy': 0.1, 'recall': 0.1}, 'custo': {'mtp': 134309962, 'tpi': 0.0011613247500863045, 'ms': 512.3518447875977}, 'solution': {'lr': 0.007309453931443001, 'model_index': 4}}
accumulated_metrics:  [{'model_name': 'ResNet50', 'assertividade': {'precision': 0.8009218038002924, 'accuracy': 0.7939, 'recall': 0.7939}, 'custo': {'mtp': 23528522, 'tpi': 0.0028181349395946334, 'ms': 89.75418853759766}, 'solution': {'lr': 0.009411558605875382, 'model_index': 2}}, {'model_name': 'ResNet50', 'assertividade': {'precision': 0.7962583353880739, 'accuracy': 0.7912, 'recall': 0.7911999999999999}, 'custo': {'mtp': 23528522, 'tpi': 0.002786674317280958, 'ms': 89.75418853759766}, 'solution': {'lr': 0.01, 'model_index': 2}}, {'model_name': 'VGG16', 'assertividade': {'precision': 0.030910310200151316, 'accuracy': 0.1105, 'recall': 0.1105}, 'custo': {'mtp': 134309962, 'tpi': 0.0010961787715838972, 'ms': 512.3518447875977}, 'solution': {'lr': 0.009385339374622393, 'model_index': 4}}, {'model_name': 'ResNet50', 'assertividade': {'precision': 0.8262079001982474, 'accuracy': 0.8253, 'recall': 0.8253}, 'custo': {'mtp': 23528522, 'tpi': 0.002792718304190666, 'ms': 89.75418853759766}, 'solution': {'lr': 0.009200032538958128, 'model_index': 2}}, {'model_name': 'VGG16', 'assertividade': {'precision': 0.0697968749117569, 'accuracy': 0.1064, 'recall': 0.10640000000000001}, 'custo': {'mtp': 134309962, 'tpi': 0.0011415466381486054, 'ms': 512.3518447875977}, 'solution': {'lr': 0.008583254241427335, 'model_index': 4}}, {'model_name': 'InceptionV3', 'assertividade': {'precision': 0.8578975991702025, 'accuracy': 0.8557, 'recall': 0.8557}, 'custo': {'mtp': 24371444, 'tpi': 0.0054015171755651, 'ms': 92.96968078613281}, 'solution': {'lr': 0.007834984027862186, 'model_index': 3}}, {'model_name': 'VGG16', 'assertividade': {'precision': 0.04583784143018542, 'accuracy': 0.1016, 'recall': 0.1016}, 'custo': {'mtp': 134309962, 'tpi': 0.0011684135266929675, 'ms': 512.3518447875977}, 'solution': {'lr': 0.007321352609678986, 'model_index': 4}}, {'model_name': 'EfficientNetB0', 'assertividade': {'precision': 0.06798022166375269, 'accuracy': 0.1117, 'recall': 0.1117}, 'custo': {'mtp': 4020358, 'tpi': 0.003945086412369066, 'ms': 15.336448669433594}, 'solution': {'lr': 0.007665691294348975, 'model_index': 0}}, {'model_name': 'EfficientNetB0', 'assertividade': {'precision': 0.10281109219470826, 'accuracy': 0.172, 'recall': 0.17200000000000001}, 'custo': {'mtp': 4020358, 'tpi': 0.003598513876556591, 'ms': 15.336448669433594}, 'solution': {'lr': 0.007968809670981293, 'model_index': 0}}, {'model_name': 'MobileNetV2', 'assertividade': {'precision': 0.6786094694926865, 'accuracy': 0.671, 'recall': 0.671}, 'custo': {'mtp': 2236682, 'tpi': 0.0024538495738035556, 'ms': 8.532264709472656}, 'solution': {'lr': 0.007381222478438391, 'model_index': 1}}, {'model_name': 'ResNet50', 'assertividade': {'precision': 0.7942024962942702, 'accuracy': 0.7927, 'recall': 0.7927000000000001}, 'custo': {'mtp': 23528522, 'tpi': 0.003041410142449057, 'ms': 89.75418853759766}, 'solution': {'lr': 0.00757298478728058, 'model_index': 2}}, {'model_name': 'ResNet50', 'assertividade': {'precision': 0.8042431437870426, 'accuracy': 0.7964, 'recall': 0.7964}, 'custo': {'mtp': 23528522, 'tpi': 0.002942202197518318, 'ms': 89.75418853759766}, 'solution': {'lr': 0.007489412234523299, 'model_index': 2}}, {'model_name': 'ResNet50', 'assertividade': {'precision': 0.8077341729274735, 'accuracy': 0.8035, 'recall': 0.8035}, 'custo': {'mtp': 23528522, 'tpi': 0.0030761661043592317, 'ms': 89.75418853759766}, 'solution': {'lr': 0.007554773556347464, 'model_index': 2}}, {'model_name': 'MobileNetV2', 'assertividade': {'precision': 0.6847048463203063, 'accuracy': 0.6648, 'recall': 0.6648000000000001}, 'custo': {'mtp': 2236682, 'tpi': 0.0025336985375471175, 'ms': 8.532264709472656}, 'solution': {'lr': 0.008046419612519723, 'model_index': 1}}, {'model_name': 'EfficientNetB0', 'assertividade': {'precision': 0.1248386893874192, 'accuracy': 0.1237, 'recall': 0.1237}, 'custo': {'mtp': 4020358, 'tpi': 0.003957789415007185, 'ms': 15.336448669433594}, 'solution': {'lr': 0.007687934293544706, 'model_index': 0}}, {'model_name': 'VGG16', 'assertividade': {'precision': 0.01, 'accuracy': 0.1, 'recall': 0.1}, 'custo': {'mtp': 134309962, 'tpi': 0.0011613247500863045, 'ms': 512.3518447875977}, 'solution': {'lr': 0.007309453931443001, 'model_index': 4}}]
maximos_a:  [0.9003294748121103, 0.8979, 0.8978999999999999]
minimos_a:  [0.0, 0.0, 0.0]
maximos_c (fixos do aquecimento):  [134309962, 0.01336536556482315, 512.3518447875977]
minimos_c (fixos do aquecimento):  [2236682, 0.0026650354266166687, 8.532264709472656]
🔹 A (Assertividade Normalizada):  0.038113669286845106
🔹 C (Custo Normalizado):  0.1883940966391198
🔹 S (Score OACE):  0.11325388296298244
Resultado do OACE por Iteração:  {'model_name': 'VGG16', 'A': 0.038113669286845106, 'C': 0.1883940966391198, 'Score': 0.11325388296298244, 'solution': {'lr': 0.007309453931443001, 'model_index': 4}}
▶️ Iteration 67/150 (Round 2): model 0 e lr 0.00691632082118639
🔀 Random Seed Atual: 616
Epoch: 1 	Training Loss: 1.773680 	Validation Loss: 0.519000
Epoch: 2 	Training Loss: 1.741853 	Validation Loss: 0.457735
Epoch: 3 	Training Loss: 1.827201 	Validation Loss: 0.434463
Epoch: 4 	Training Loss: 1.874505 	Validation Loss: 0.464466
Epoch: 5 	Training Loss: 1.873331 	Validation Loss: 0.463827
Epoch: 6 	Training Loss: 1.895255 	Validation Loss: 0.472031
Epoch: 7 	Training Loss: 1.865991 	Validation Loss: 0.446466
Epoch: 8 	Training Loss: 1.837155 	Validation Loss: 0.450673
Early stopping after 8 epochs due to no improvement.

🔎 INICIANDO A AVALIAÇÃO DO OACE PARA ITERAÇÃO ATUAL
iteration_metrics:  {'model_name': 'EfficientNetB0', 'assertividade': {'precision': 0.13136600218048108, 'accuracy': 0.1511, 'recall': 0.1511}, 'custo': {'mtp': 4020358, 'tpi': 0.004022663565957622, 'ms': 15.336448669433594}, 'solution': {'lr': 0.00691632082118639, 'model_index': 0}}
accumulated_metrics:  [{'model_name': 'ResNet50', 'assertividade': {'precision': 0.8009218038002924, 'accuracy': 0.7939, 'recall': 0.7939}, 'custo': {'mtp': 23528522, 'tpi': 0.0028181349395946334, 'ms': 89.75418853759766}, 'solution': {'lr': 0.009411558605875382, 'model_index': 2}}, {'model_name': 'ResNet50', 'assertividade': {'precision': 0.7962583353880739, 'accuracy': 0.7912, 'recall': 0.7911999999999999}, 'custo': {'mtp': 23528522, 'tpi': 0.002786674317280958, 'ms': 89.75418853759766}, 'solution': {'lr': 0.01, 'model_index': 2}}, {'model_name': 'VGG16', 'assertividade': {'precision': 0.030910310200151316, 'accuracy': 0.1105, 'recall': 0.1105}, 'custo': {'mtp': 134309962, 'tpi': 0.0010961787715838972, 'ms': 512.3518447875977}, 'solution': {'lr': 0.009385339374622393, 'model_index': 4}}, {'model_name': 'ResNet50', 'assertividade': {'precision': 0.8262079001982474, 'accuracy': 0.8253, 'recall': 0.8253}, 'custo': {'mtp': 23528522, 'tpi': 0.002792718304190666, 'ms': 89.75418853759766}, 'solution': {'lr': 0.009200032538958128, 'model_index': 2}}, {'model_name': 'VGG16', 'assertividade': {'precision': 0.0697968749117569, 'accuracy': 0.1064, 'recall': 0.10640000000000001}, 'custo': {'mtp': 134309962, 'tpi': 0.0011415466381486054, 'ms': 512.3518447875977}, 'solution': {'lr': 0.008583254241427335, 'model_index': 4}}, {'model_name': 'InceptionV3', 'assertividade': {'precision': 0.8578975991702025, 'accuracy': 0.8557, 'recall': 0.8557}, 'custo': {'mtp': 24371444, 'tpi': 0.0054015171755651, 'ms': 92.96968078613281}, 'solution': {'lr': 0.007834984027862186, 'model_index': 3}}, {'model_name': 'VGG16', 'assertividade': {'precision': 0.04583784143018542, 'accuracy': 0.1016, 'recall': 0.1016}, 'custo': {'mtp': 134309962, 'tpi': 0.0011684135266929675, 'ms': 512.3518447875977}, 'solution': {'lr': 0.007321352609678986, 'model_index': 4}}, {'model_name': 'EfficientNetB0', 'assertividade': {'precision': 0.06798022166375269, 'accuracy': 0.1117, 'recall': 0.1117}, 'custo': {'mtp': 4020358, 'tpi': 0.003945086412369066, 'ms': 15.336448669433594}, 'solution': {'lr': 0.007665691294348975, 'model_index': 0}}, {'model_name': 'EfficientNetB0', 'assertividade': {'precision': 0.10281109219470826, 'accuracy': 0.172, 'recall': 0.17200000000000001}, 'custo': {'mtp': 4020358, 'tpi': 0.003598513876556591, 'ms': 15.336448669433594}, 'solution': {'lr': 0.007968809670981293, 'model_index': 0}}, {'model_name': 'MobileNetV2', 'assertividade': {'precision': 0.6786094694926865, 'accuracy': 0.671, 'recall': 0.671}, 'custo': {'mtp': 2236682, 'tpi': 0.0024538495738035556, 'ms': 8.532264709472656}, 'solution': {'lr': 0.007381222478438391, 'model_index': 1}}, {'model_name': 'ResNet50', 'assertividade': {'precision': 0.7942024962942702, 'accuracy': 0.7927, 'recall': 0.7927000000000001}, 'custo': {'mtp': 23528522, 'tpi': 0.003041410142449057, 'ms': 89.75418853759766}, 'solution': {'lr': 0.00757298478728058, 'model_index': 2}}, {'model_name': 'ResNet50', 'assertividade': {'precision': 0.8042431437870426, 'accuracy': 0.7964, 'recall': 0.7964}, 'custo': {'mtp': 23528522, 'tpi': 0.002942202197518318, 'ms': 89.75418853759766}, 'solution': {'lr': 0.007489412234523299, 'model_index': 2}}, {'model_name': 'ResNet50', 'assertividade': {'precision': 0.8077341729274735, 'accuracy': 0.8035, 'recall': 0.8035}, 'custo': {'mtp': 23528522, 'tpi': 0.0030761661043592317, 'ms': 89.75418853759766}, 'solution': {'lr': 0.007554773556347464, 'model_index': 2}}, {'model_name': 'MobileNetV2', 'assertividade': {'precision': 0.6847048463203063, 'accuracy': 0.6648, 'recall': 0.6648000000000001}, 'custo': {'mtp': 2236682, 'tpi': 0.0025336985375471175, 'ms': 8.532264709472656}, 'solution': {'lr': 0.008046419612519723, 'model_index': 1}}, {'model_name': 'EfficientNetB0', 'assertividade': {'precision': 0.1248386893874192, 'accuracy': 0.1237, 'recall': 0.1237}, 'custo': {'mtp': 4020358, 'tpi': 0.003957789415007185, 'ms': 15.336448669433594}, 'solution': {'lr': 0.007687934293544706, 'model_index': 0}}, {'model_name': 'VGG16', 'assertividade': {'precision': 0.01, 'accuracy': 0.1, 'recall': 0.1}, 'custo': {'mtp': 134309962, 'tpi': 0.0011613247500863045, 'ms': 512.3518447875977}, 'solution': {'lr': 0.007309453931443001, 'model_index': 4}}, {'model_name': 'EfficientNetB0', 'assertividade': {'precision': 0.13136600218048108, 'accuracy': 0.1511, 'recall': 0.1511}, 'custo': {'mtp': 4020358, 'tpi': 0.004022663565957622, 'ms': 15.336448669433594}, 'solution': {'lr': 0.00691632082118639, 'model_index': 0}}]
maximos_a:  [0.9003294748121103, 0.8979, 0.8978999999999999]
minimos_a:  [0.0, 0.0, 0.0]
maximos_c (fixos do aquecimento):  [134309962, 0.01336536556482315, 512.3518447875977]
minimos_c (fixos do aquecimento):  [2236682, 0.0026650354266166687, 8.532264709472656]
🔹 A (Assertividade Normalizada):  0.15193502553286842
🔹 C (Custo Normalizado):  0.9651361811126682
🔹 S (Score OACE):  0.5585356033227683
Resultado do OACE por Iteração:  {'model_name': 'EfficientNetB0', 'A': 0.15193502553286842, 'C': 0.9651361811126682, 'Score': 0.5585356033227683, 'solution': {'lr': 0.00691632082118639, 'model_index': 0}}
▶️ Iteration 68/150 (Round 2): model 3 e lr 0.006261602283322618
🔀 Random Seed Atual: 617
Epoch: 1 	Training Loss: 1.757052 	Validation Loss: 0.393166
Epoch: 2 	Training Loss: 1.487062 	Validation Loss: 0.361196
Epoch: 3 	Training Loss: 1.280139 	Validation Loss: 0.305177
Epoch: 4 	Training Loss: 0.986441 	Validation Loss: 0.222393
Epoch: 5 	Training Loss: 0.772621 	Validation Loss: 0.163174
Epoch: 6 	Training Loss: 0.644155 	Validation Loss: 0.155166
Epoch: 7 	Training Loss: 0.554335 	Validation Loss: 0.132226
Epoch: 8 	Training Loss: 0.495327 	Validation Loss: 0.122897
Epoch: 9 	Training Loss: 0.437301 	Validation Loss: 0.109825
Epoch: 10 	Training Loss: 0.397059 	Validation Loss: 0.104588
Epoch: 11 	Training Loss: 0.360253 	Validation Loss: 0.094466
Epoch: 12 	Training Loss: 0.326811 	Validation Loss: 0.097971
Epoch: 13 	Training Loss: 0.300198 	Validation Loss: 0.108698
Epoch: 14 	Training Loss: 0.271904 	Validation Loss: 0.104829
Epoch: 15 	Training Loss: 0.242055 	Validation Loss: 0.084836
Epoch: 16 	Training Loss: 0.226844 	Validation Loss: 0.089749
Epoch: 17 	Training Loss: 0.208078 	Validation Loss: 0.109264
Epoch: 18 	Training Loss: 0.186941 	Validation Loss: 0.090803
Epoch: 19 	Training Loss: 0.170151 	Validation Loss: 0.085938
Epoch: 20 	Training Loss: 0.158907 	Validation Loss: 0.090394
Early stopping after 20 epochs due to no improvement.

🔎 INICIANDO A AVALIAÇÃO DO OACE PARA ITERAÇÃO ATUAL
iteration_metrics:  {'model_name': 'InceptionV3', 'assertividade': {'precision': 0.8712609687057101, 'accuracy': 0.8697, 'recall': 0.8696999999999999}, 'custo': {'mtp': 24371444, 'tpi': 0.005143475380672771, 'ms': 92.96968078613281}, 'solution': {'lr': 0.006261602283322618, 'model_index': 3}}
accumulated_metrics:  [{'model_name': 'ResNet50', 'assertividade': {'precision': 0.8009218038002924, 'accuracy': 0.7939, 'recall': 0.7939}, 'custo': {'mtp': 23528522, 'tpi': 0.0028181349395946334, 'ms': 89.75418853759766}, 'solution': {'lr': 0.009411558605875382, 'model_index': 2}}, {'model_name': 'ResNet50', 'assertividade': {'precision': 0.7962583353880739, 'accuracy': 0.7912, 'recall': 0.7911999999999999}, 'custo': {'mtp': 23528522, 'tpi': 0.002786674317280958, 'ms': 89.75418853759766}, 'solution': {'lr': 0.01, 'model_index': 2}}, {'model_name': 'VGG16', 'assertividade': {'precision': 0.030910310200151316, 'accuracy': 0.1105, 'recall': 0.1105}, 'custo': {'mtp': 134309962, 'tpi': 0.0010961787715838972, 'ms': 512.3518447875977}, 'solution': {'lr': 0.009385339374622393, 'model_index': 4}}, {'model_name': 'ResNet50', 'assertividade': {'precision': 0.8262079001982474, 'accuracy': 0.8253, 'recall': 0.8253}, 'custo': {'mtp': 23528522, 'tpi': 0.002792718304190666, 'ms': 89.75418853759766}, 'solution': {'lr': 0.009200032538958128, 'model_index': 2}}, {'model_name': 'VGG16', 'assertividade': {'precision': 0.0697968749117569, 'accuracy': 0.1064, 'recall': 0.10640000000000001}, 'custo': {'mtp': 134309962, 'tpi': 0.0011415466381486054, 'ms': 512.3518447875977}, 'solution': {'lr': 0.008583254241427335, 'model_index': 4}}, {'model_name': 'InceptionV3', 'assertividade': {'precision': 0.8578975991702025, 'accuracy': 0.8557, 'recall': 0.8557}, 'custo': {'mtp': 24371444, 'tpi': 0.0054015171755651, 'ms': 92.96968078613281}, 'solution': {'lr': 0.007834984027862186, 'model_index': 3}}, {'model_name': 'VGG16', 'assertividade': {'precision': 0.04583784143018542, 'accuracy': 0.1016, 'recall': 0.1016}, 'custo': {'mtp': 134309962, 'tpi': 0.0011684135266929675, 'ms': 512.3518447875977}, 'solution': {'lr': 0.007321352609678986, 'model_index': 4}}, {'model_name': 'EfficientNetB0', 'assertividade': {'precision': 0.06798022166375269, 'accuracy': 0.1117, 'recall': 0.1117}, 'custo': {'mtp': 4020358, 'tpi': 0.003945086412369066, 'ms': 15.336448669433594}, 'solution': {'lr': 0.007665691294348975, 'model_index': 0}}, {'model_name': 'EfficientNetB0', 'assertividade': {'precision': 0.10281109219470826, 'accuracy': 0.172, 'recall': 0.17200000000000001}, 'custo': {'mtp': 4020358, 'tpi': 0.003598513876556591, 'ms': 15.336448669433594}, 'solution': {'lr': 0.007968809670981293, 'model_index': 0}}, {'model_name': 'MobileNetV2', 'assertividade': {'precision': 0.6786094694926865, 'accuracy': 0.671, 'recall': 0.671}, 'custo': {'mtp': 2236682, 'tpi': 0.0024538495738035556, 'ms': 8.532264709472656}, 'solution': {'lr': 0.007381222478438391, 'model_index': 1}}, {'model_name': 'ResNet50', 'assertividade': {'precision': 0.7942024962942702, 'accuracy': 0.7927, 'recall': 0.7927000000000001}, 'custo': {'mtp': 23528522, 'tpi': 0.003041410142449057, 'ms': 89.75418853759766}, 'solution': {'lr': 0.00757298478728058, 'model_index': 2}}, {'model_name': 'ResNet50', 'assertividade': {'precision': 0.8042431437870426, 'accuracy': 0.7964, 'recall': 0.7964}, 'custo': {'mtp': 23528522, 'tpi': 0.002942202197518318, 'ms': 89.75418853759766}, 'solution': {'lr': 0.007489412234523299, 'model_index': 2}}, {'model_name': 'ResNet50', 'assertividade': {'precision': 0.8077341729274735, 'accuracy': 0.8035, 'recall': 0.8035}, 'custo': {'mtp': 23528522, 'tpi': 0.0030761661043592317, 'ms': 89.75418853759766}, 'solution': {'lr': 0.007554773556347464, 'model_index': 2}}, {'model_name': 'MobileNetV2', 'assertividade': {'precision': 0.6847048463203063, 'accuracy': 0.6648, 'recall': 0.6648000000000001}, 'custo': {'mtp': 2236682, 'tpi': 0.0025336985375471175, 'ms': 8.532264709472656}, 'solution': {'lr': 0.008046419612519723, 'model_index': 1}}, {'model_name': 'EfficientNetB0', 'assertividade': {'precision': 0.1248386893874192, 'accuracy': 0.1237, 'recall': 0.1237}, 'custo': {'mtp': 4020358, 'tpi': 0.003957789415007185, 'ms': 15.336448669433594}, 'solution': {'lr': 0.007687934293544706, 'model_index': 0}}, {'model_name': 'VGG16', 'assertividade': {'precision': 0.01, 'accuracy': 0.1, 'recall': 0.1}, 'custo': {'mtp': 134309962, 'tpi': 0.0011613247500863045, 'ms': 512.3518447875977}, 'solution': {'lr': 0.007309453931443001, 'model_index': 4}}, {'model_name': 'EfficientNetB0', 'assertividade': {'precision': 0.13136600218048108, 'accuracy': 0.1511, 'recall': 0.1511}, 'custo': {'mtp': 4020358, 'tpi': 0.004022663565957622, 'ms': 15.336448669433594}, 'solution': {'lr': 0.00691632082118639, 'model_index': 0}}, {'model_name': 'InceptionV3', 'assertividade': {'precision': 0.8712609687057101, 'accuracy': 0.8697, 'recall': 0.8696999999999999}, 'custo': {'mtp': 24371444, 'tpi': 0.005143475380672771, 'ms': 92.96968078613281}, 'solution': {'lr': 0.006261602283322618, 'model_index': 3}}]
maximos_a:  [0.9003294748121103, 0.8979, 0.8978999999999999]
minimos_a:  [0.0, 0.0, 0.0]
maximos_c (fixos do aquecimento):  [134309962, 0.01336536556482315, 512.3518447875977]
minimos_c (fixos do aquecimento):  [2236682, 0.0026650354266166687, 8.532264709472656]
🔹 A (Assertividade Normalizada):  0.9679504865680754
🔹 C (Custo Normalizado):  0.8203429135795162
🔹 S (Score OACE):  0.8941467000737957
Resultado do OACE por Iteração:  {'model_name': 'InceptionV3', 'A': 0.9679504865680754, 'C': 0.8203429135795162, 'Score': 0.8941467000737957, 'solution': {'lr': 0.006261602283322618, 'model_index': 3}}
▶️ Iteration 69/150 (Round 2): model 3 e lr 0.006503685863975264
🔀 Random Seed Atual: 618
Epoch: 1 	Training Loss: 1.854780 	Validation Loss: 0.442070
Epoch: 2 	Training Loss: 1.556426 	Validation Loss: 0.445708
Epoch: 3 	Training Loss: 1.401925 	Validation Loss: 0.336284
Epoch: 4 	Training Loss: 1.186049 	Validation Loss: 0.271743
Epoch: 5 	Training Loss: 0.957503 	Validation Loss: 0.242558
Epoch: 6 	Training Loss: 0.802785 	Validation Loss: 0.207466
Epoch: 7 	Training Loss: 0.672114 	Validation Loss: 0.154885
Epoch: 8 	Training Loss: 0.578256 	Validation Loss: 0.127562
Epoch: 9 	Training Loss: 0.500899 	Validation Loss: 0.120831
Epoch: 10 	Training Loss: 0.448903 	Validation Loss: 0.109159
Epoch: 11 	Training Loss: 0.398155 	Validation Loss: 0.111041
Epoch: 12 	Training Loss: 0.363688 	Validation Loss: 0.102448
Epoch: 13 	Training Loss: 0.327545 	Validation Loss: 0.092256
Epoch: 14 	Training Loss: 0.296321 	Validation Loss: 0.093581
Epoch: 15 	Training Loss: 0.267543 	Validation Loss: 0.098973
Epoch: 16 	Training Loss: 0.243699 	Validation Loss: 0.089969
Epoch: 17 	Training Loss: 0.221109 	Validation Loss: 0.100755
Epoch: 18 	Training Loss: 0.199466 	Validation Loss: 0.095179
Epoch: 19 	Training Loss: 0.177555 	Validation Loss: 0.097871
Epoch: 20 	Training Loss: 0.167311 	Validation Loss: 0.091401
Epoch: 21 	Training Loss: 0.148323 	Validation Loss: 0.096638
Early stopping after 21 epochs due to no improvement.

🔎 INICIANDO A AVALIAÇÃO DO OACE PARA ITERAÇÃO ATUAL
iteration_metrics:  {'model_name': 'InceptionV3', 'assertividade': {'precision': 0.8698179986182968, 'accuracy': 0.8603, 'recall': 0.8603}, 'custo': {'mtp': 24371444, 'tpi': 0.005547596390839595, 'ms': 92.96968078613281}, 'solution': {'lr': 0.006503685863975264, 'model_index': 3}}
accumulated_metrics:  [{'model_name': 'ResNet50', 'assertividade': {'precision': 0.8009218038002924, 'accuracy': 0.7939, 'recall': 0.7939}, 'custo': {'mtp': 23528522, 'tpi': 0.0028181349395946334, 'ms': 89.75418853759766}, 'solution': {'lr': 0.009411558605875382, 'model_index': 2}}, {'model_name': 'ResNet50', 'assertividade': {'precision': 0.7962583353880739, 'accuracy': 0.7912, 'recall': 0.7911999999999999}, 'custo': {'mtp': 23528522, 'tpi': 0.002786674317280958, 'ms': 89.75418853759766}, 'solution': {'lr': 0.01, 'model_index': 2}}, {'model_name': 'VGG16', 'assertividade': {'precision': 0.030910310200151316, 'accuracy': 0.1105, 'recall': 0.1105}, 'custo': {'mtp': 134309962, 'tpi': 0.0010961787715838972, 'ms': 512.3518447875977}, 'solution': {'lr': 0.009385339374622393, 'model_index': 4}}, {'model_name': 'ResNet50', 'assertividade': {'precision': 0.8262079001982474, 'accuracy': 0.8253, 'recall': 0.8253}, 'custo': {'mtp': 23528522, 'tpi': 0.002792718304190666, 'ms': 89.75418853759766}, 'solution': {'lr': 0.009200032538958128, 'model_index': 2}}, {'model_name': 'VGG16', 'assertividade': {'precision': 0.0697968749117569, 'accuracy': 0.1064, 'recall': 0.10640000000000001}, 'custo': {'mtp': 134309962, 'tpi': 0.0011415466381486054, 'ms': 512.3518447875977}, 'solution': {'lr': 0.008583254241427335, 'model_index': 4}}, {'model_name': 'InceptionV3', 'assertividade': {'precision': 0.8578975991702025, 'accuracy': 0.8557, 'recall': 0.8557}, 'custo': {'mtp': 24371444, 'tpi': 0.0054015171755651, 'ms': 92.96968078613281}, 'solution': {'lr': 0.007834984027862186, 'model_index': 3}}, {'model_name': 'VGG16', 'assertividade': {'precision': 0.04583784143018542, 'accuracy': 0.1016, 'recall': 0.1016}, 'custo': {'mtp': 134309962, 'tpi': 0.0011684135266929675, 'ms': 512.3518447875977}, 'solution': {'lr': 0.007321352609678986, 'model_index': 4}}, {'model_name': 'EfficientNetB0', 'assertividade': {'precision': 0.06798022166375269, 'accuracy': 0.1117, 'recall': 0.1117}, 'custo': {'mtp': 4020358, 'tpi': 0.003945086412369066, 'ms': 15.336448669433594}, 'solution': {'lr': 0.007665691294348975, 'model_index': 0}}, {'model_name': 'EfficientNetB0', 'assertividade': {'precision': 0.10281109219470826, 'accuracy': 0.172, 'recall': 0.17200000000000001}, 'custo': {'mtp': 4020358, 'tpi': 0.003598513876556591, 'ms': 15.336448669433594}, 'solution': {'lr': 0.007968809670981293, 'model_index': 0}}, {'model_name': 'MobileNetV2', 'assertividade': {'precision': 0.6786094694926865, 'accuracy': 0.671, 'recall': 0.671}, 'custo': {'mtp': 2236682, 'tpi': 0.0024538495738035556, 'ms': 8.532264709472656}, 'solution': {'lr': 0.007381222478438391, 'model_index': 1}}, {'model_name': 'ResNet50', 'assertividade': {'precision': 0.7942024962942702, 'accuracy': 0.7927, 'recall': 0.7927000000000001}, 'custo': {'mtp': 23528522, 'tpi': 0.003041410142449057, 'ms': 89.75418853759766}, 'solution': {'lr': 0.00757298478728058, 'model_index': 2}}, {'model_name': 'ResNet50', 'assertividade': {'precision': 0.8042431437870426, 'accuracy': 0.7964, 'recall': 0.7964}, 'custo': {'mtp': 23528522, 'tpi': 0.002942202197518318, 'ms': 89.75418853759766}, 'solution': {'lr': 0.007489412234523299, 'model_index': 2}}, {'model_name': 'ResNet50', 'assertividade': {'precision': 0.8077341729274735, 'accuracy': 0.8035, 'recall': 0.8035}, 'custo': {'mtp': 23528522, 'tpi': 0.0030761661043592317, 'ms': 89.75418853759766}, 'solution': {'lr': 0.007554773556347464, 'model_index': 2}}, {'model_name': 'MobileNetV2', 'assertividade': {'precision': 0.6847048463203063, 'accuracy': 0.6648, 'recall': 0.6648000000000001}, 'custo': {'mtp': 2236682, 'tpi': 0.0025336985375471175, 'ms': 8.532264709472656}, 'solution': {'lr': 0.008046419612519723, 'model_index': 1}}, {'model_name': 'EfficientNetB0', 'assertividade': {'precision': 0.1248386893874192, 'accuracy': 0.1237, 'recall': 0.1237}, 'custo': {'mtp': 4020358, 'tpi': 0.003957789415007185, 'ms': 15.336448669433594}, 'solution': {'lr': 0.007687934293544706, 'model_index': 0}}, {'model_name': 'VGG16', 'assertividade': {'precision': 0.01, 'accuracy': 0.1, 'recall': 0.1}, 'custo': {'mtp': 134309962, 'tpi': 0.0011613247500863045, 'ms': 512.3518447875977}, 'solution': {'lr': 0.007309453931443001, 'model_index': 4}}, {'model_name': 'EfficientNetB0', 'assertividade': {'precision': 0.13136600218048108, 'accuracy': 0.1511, 'recall': 0.1511}, 'custo': {'mtp': 4020358, 'tpi': 0.004022663565957622, 'ms': 15.336448669433594}, 'solution': {'lr': 0.00691632082118639, 'model_index': 0}}, {'model_name': 'InceptionV3', 'assertividade': {'precision': 0.8712609687057101, 'accuracy': 0.8697, 'recall': 0.8696999999999999}, 'custo': {'mtp': 24371444, 'tpi': 0.005143475380672771, 'ms': 92.96968078613281}, 'solution': {'lr': 0.006261602283322618, 'model_index': 3}}, {'model_name': 'InceptionV3', 'assertividade': {'precision': 0.8698179986182968, 'accuracy': 0.8603, 'recall': 0.8603}, 'custo': {'mtp': 24371444, 'tpi': 0.005547596390839595, 'ms': 92.96968078613281}, 'solution': {'lr': 0.006503685863975264, 'model_index': 3}}]
maximos_a:  [0.9003294748121103, 0.8979, 0.8978999999999999]
minimos_a:  [0.0, 0.0, 0.0]
maximos_c (fixos do aquecimento):  [134309962, 0.01336536556482315, 512.3518447875977]
minimos_c (fixos do aquecimento):  [2236682, 0.0026650354266166687, 8.532264709472656]
🔹 A (Assertividade Normalizada):  0.9639596261765748
🔹 C (Custo Normalizado):  0.8132278048249344
🔹 S (Score OACE):  0.8885937155007546
Resultado do OACE por Iteração:  {'model_name': 'InceptionV3', 'A': 0.9639596261765748, 'C': 0.8132278048249344, 'Score': 0.8885937155007546, 'solution': {'lr': 0.006503685863975264, 'model_index': 3}}
▶️ Iteration 70/150 (Round 2): model 1 e lr 0.006451332726154935
🔀 Random Seed Atual: 619
Epoch: 1 	Training Loss: 2.019338 	Validation Loss: 0.547269
Epoch: 2 	Training Loss: 1.874322 	Validation Loss: 0.432883
Epoch: 3 	Training Loss: 1.695362 	Validation Loss: 0.378735
Epoch: 4 	Training Loss: 1.499211 	Validation Loss: 0.355775
Epoch: 5 	Training Loss: 1.425715 	Validation Loss: 0.336282
Epoch: 6 	Training Loss: 1.359686 	Validation Loss: 0.323908
Epoch: 7 	Training Loss: 1.338384 	Validation Loss: 0.344711
Epoch: 8 	Training Loss: 1.301253 	Validation Loss: 0.315738
Epoch: 9 	Training Loss: 1.328276 	Validation Loss: 0.326108
Epoch: 10 	Training Loss: 1.244319 	Validation Loss: 0.291850
Epoch: 11 	Training Loss: 1.259057 	Validation Loss: 0.326297
Epoch: 12 	Training Loss: 1.230816 	Validation Loss: 0.280437
Epoch: 13 	Training Loss: 1.152295 	Validation Loss: 0.270327
Epoch: 14 	Training Loss: 1.098538 	Validation Loss: 0.250838
Epoch: 15 	Training Loss: 1.040581 	Validation Loss: 0.253974
Epoch: 16 	Training Loss: 1.014288 	Validation Loss: 0.243814
Epoch: 17 	Training Loss: 1.039103 	Validation Loss: 0.246928
Epoch: 18 	Training Loss: 0.999522 	Validation Loss: 0.240236
Epoch: 19 	Training Loss: 0.975150 	Validation Loss: 0.225152
Epoch: 20 	Training Loss: 0.929795 	Validation Loss: 0.229295
Epoch: 21 	Training Loss: 0.908115 	Validation Loss: 0.220547
Epoch: 22 	Training Loss: 0.874401 	Validation Loss: 0.226380
Epoch: 23 	Training Loss: 0.861594 	Validation Loss: 0.221502
Epoch: 24 	Training Loss: 0.842605 	Validation Loss: 0.214883
Epoch: 25 	Training Loss: 0.833155 	Validation Loss: 0.211322
Epoch: 26 	Training Loss: 0.806023 	Validation Loss: 0.205845
Epoch: 27 	Training Loss: 0.790964 	Validation Loss: 0.205535
Epoch: 28 	Training Loss: 0.780865 	Validation Loss: 0.196505
Epoch: 29 	Training Loss: 0.770070 	Validation Loss: 0.201054
Epoch: 30 	Training Loss: 0.759123 	Validation Loss: 0.189331

🔎 INICIANDO A AVALIAÇÃO DO OACE PARA ITERAÇÃO ATUAL
iteration_metrics:  {'model_name': 'MobileNetV2', 'assertividade': {'precision': 0.6952846098809776, 'accuracy': 0.6799, 'recall': 0.6799000000000001}, 'custo': {'mtp': 2236682, 'tpi': 0.002634264101648027, 'ms': 8.532264709472656}, 'solution': {'lr': 0.006451332726154935, 'model_index': 1}}
accumulated_metrics:  [{'model_name': 'ResNet50', 'assertividade': {'precision': 0.8009218038002924, 'accuracy': 0.7939, 'recall': 0.7939}, 'custo': {'mtp': 23528522, 'tpi': 0.0028181349395946334, 'ms': 89.75418853759766}, 'solution': {'lr': 0.009411558605875382, 'model_index': 2}}, {'model_name': 'ResNet50', 'assertividade': {'precision': 0.7962583353880739, 'accuracy': 0.7912, 'recall': 0.7911999999999999}, 'custo': {'mtp': 23528522, 'tpi': 0.002786674317280958, 'ms': 89.75418853759766}, 'solution': {'lr': 0.01, 'model_index': 2}}, {'model_name': 'VGG16', 'assertividade': {'precision': 0.030910310200151316, 'accuracy': 0.1105, 'recall': 0.1105}, 'custo': {'mtp': 134309962, 'tpi': 0.0010961787715838972, 'ms': 512.3518447875977}, 'solution': {'lr': 0.009385339374622393, 'model_index': 4}}, {'model_name': 'ResNet50', 'assertividade': {'precision': 0.8262079001982474, 'accuracy': 0.8253, 'recall': 0.8253}, 'custo': {'mtp': 23528522, 'tpi': 0.002792718304190666, 'ms': 89.75418853759766}, 'solution': {'lr': 0.009200032538958128, 'model_index': 2}}, {'model_name': 'VGG16', 'assertividade': {'precision': 0.0697968749117569, 'accuracy': 0.1064, 'recall': 0.10640000000000001}, 'custo': {'mtp': 134309962, 'tpi': 0.0011415466381486054, 'ms': 512.3518447875977}, 'solution': {'lr': 0.008583254241427335, 'model_index': 4}}, {'model_name': 'InceptionV3', 'assertividade': {'precision': 0.8578975991702025, 'accuracy': 0.8557, 'recall': 0.8557}, 'custo': {'mtp': 24371444, 'tpi': 0.0054015171755651, 'ms': 92.96968078613281}, 'solution': {'lr': 0.007834984027862186, 'model_index': 3}}, {'model_name': 'VGG16', 'assertividade': {'precision': 0.04583784143018542, 'accuracy': 0.1016, 'recall': 0.1016}, 'custo': {'mtp': 134309962, 'tpi': 0.0011684135266929675, 'ms': 512.3518447875977}, 'solution': {'lr': 0.007321352609678986, 'model_index': 4}}, {'model_name': 'EfficientNetB0', 'assertividade': {'precision': 0.06798022166375269, 'accuracy': 0.1117, 'recall': 0.1117}, 'custo': {'mtp': 4020358, 'tpi': 0.003945086412369066, 'ms': 15.336448669433594}, 'solution': {'lr': 0.007665691294348975, 'model_index': 0}}, {'model_name': 'EfficientNetB0', 'assertividade': {'precision': 0.10281109219470826, 'accuracy': 0.172, 'recall': 0.17200000000000001}, 'custo': {'mtp': 4020358, 'tpi': 0.003598513876556591, 'ms': 15.336448669433594}, 'solution': {'lr': 0.007968809670981293, 'model_index': 0}}, {'model_name': 'MobileNetV2', 'assertividade': {'precision': 0.6786094694926865, 'accuracy': 0.671, 'recall': 0.671}, 'custo': {'mtp': 2236682, 'tpi': 0.0024538495738035556, 'ms': 8.532264709472656}, 'solution': {'lr': 0.007381222478438391, 'model_index': 1}}, {'model_name': 'ResNet50', 'assertividade': {'precision': 0.7942024962942702, 'accuracy': 0.7927, 'recall': 0.7927000000000001}, 'custo': {'mtp': 23528522, 'tpi': 0.003041410142449057, 'ms': 89.75418853759766}, 'solution': {'lr': 0.00757298478728058, 'model_index': 2}}, {'model_name': 'ResNet50', 'assertividade': {'precision': 0.8042431437870426, 'accuracy': 0.7964, 'recall': 0.7964}, 'custo': {'mtp': 23528522, 'tpi': 0.002942202197518318, 'ms': 89.75418853759766}, 'solution': {'lr': 0.007489412234523299, 'model_index': 2}}, {'model_name': 'ResNet50', 'assertividade': {'precision': 0.8077341729274735, 'accuracy': 0.8035, 'recall': 0.8035}, 'custo': {'mtp': 23528522, 'tpi': 0.0030761661043592317, 'ms': 89.75418853759766}, 'solution': {'lr': 0.007554773556347464, 'model_index': 2}}, {'model_name': 'MobileNetV2', 'assertividade': {'precision': 0.6847048463203063, 'accuracy': 0.6648, 'recall': 0.6648000000000001}, 'custo': {'mtp': 2236682, 'tpi': 0.0025336985375471175, 'ms': 8.532264709472656}, 'solution': {'lr': 0.008046419612519723, 'model_index': 1}}, {'model_name': 'EfficientNetB0', 'assertividade': {'precision': 0.1248386893874192, 'accuracy': 0.1237, 'recall': 0.1237}, 'custo': {'mtp': 4020358, 'tpi': 0.003957789415007185, 'ms': 15.336448669433594}, 'solution': {'lr': 0.007687934293544706, 'model_index': 0}}, {'model_name': 'VGG16', 'assertividade': {'precision': 0.01, 'accuracy': 0.1, 'recall': 0.1}, 'custo': {'mtp': 134309962, 'tpi': 0.0011613247500863045, 'ms': 512.3518447875977}, 'solution': {'lr': 0.007309453931443001, 'model_index': 4}}, {'model_name': 'EfficientNetB0', 'assertividade': {'precision': 0.13136600218048108, 'accuracy': 0.1511, 'recall': 0.1511}, 'custo': {'mtp': 4020358, 'tpi': 0.004022663565957622, 'ms': 15.336448669433594}, 'solution': {'lr': 0.00691632082118639, 'model_index': 0}}, {'model_name': 'InceptionV3', 'assertividade': {'precision': 0.8712609687057101, 'accuracy': 0.8697, 'recall': 0.8696999999999999}, 'custo': {'mtp': 24371444, 'tpi': 0.005143475380672771, 'ms': 92.96968078613281}, 'solution': {'lr': 0.006261602283322618, 'model_index': 3}}, {'model_name': 'InceptionV3', 'assertividade': {'precision': 0.8698179986182968, 'accuracy': 0.8603, 'recall': 0.8603}, 'custo': {'mtp': 24371444, 'tpi': 0.005547596390839595, 'ms': 92.96968078613281}, 'solution': {'lr': 0.006503685863975264, 'model_index': 3}}, {'model_name': 'MobileNetV2', 'assertividade': {'precision': 0.6952846098809776, 'accuracy': 0.6799, 'recall': 0.6799000000000001}, 'custo': {'mtp': 2236682, 'tpi': 0.002634264101648027, 'ms': 8.532264709472656}, 'solution': {'lr': 0.006451332726154935, 'model_index': 1}}]
maximos_a:  [0.9003294748121103, 0.8979, 0.8978999999999999]
minimos_a:  [0.0, 0.0, 0.0]
maximos_c (fixos do aquecimento):  [134309962, 0.01336536556482315, 512.3518447875977]
minimos_c (fixos do aquecimento):  [2236682, 0.0026650354266166687, 8.532264709472656]
🔹 A (Assertividade Normalizada):  0.7682034361503677
🔹 C (Custo Normalizado):  1.0
🔹 S (Score OACE):  0.8841017180751838
Resultado do OACE por Iteração:  {'model_name': 'MobileNetV2', 'A': 0.7682034361503677, 'C': 1.0, 'Score': 0.8841017180751838, 'solution': {'lr': 0.006451332726154935, 'model_index': 1}}
✅ Checkpoint salvo na Rodada 2, Iteração 70.
▶️ Iteration 71/150 (Round 2): model 0 e lr 0.006462692723446212
🔀 Random Seed Atual: 620
Epoch: 1 	Training Loss: 1.668413 	Validation Loss: 0.455765
Epoch: 2 	Training Loss: 1.745456 	Validation Loss: 0.427987
Epoch: 3 	Training Loss: 1.790456 	Validation Loss: 0.443365
Epoch: 4 	Training Loss: 1.780681 	Validation Loss: 0.453381
Epoch: 5 	Training Loss: 1.784749 	Validation Loss: 0.429305
Epoch: 6 	Training Loss: 1.726604 	Validation Loss: 0.438889
Epoch: 7 	Training Loss: 1.764817 	Validation Loss: 0.455033
Early stopping after 7 epochs due to no improvement.

🔎 INICIANDO A AVALIAÇÃO DO OACE PARA ITERAÇÃO ATUAL
iteration_metrics:  {'model_name': 'EfficientNetB0', 'assertividade': {'precision': 0.05315194466843289, 'accuracy': 0.1371, 'recall': 0.1371}, 'custo': {'mtp': 4020358, 'tpi': 0.004043345238752426, 'ms': 15.336448669433594}, 'solution': {'lr': 0.006462692723446212, 'model_index': 0}}
accumulated_metrics:  [{'model_name': 'ResNet50', 'assertividade': {'precision': 0.8009218038002924, 'accuracy': 0.7939, 'recall': 0.7939}, 'custo': {'mtp': 23528522, 'tpi': 0.0028181349395946334, 'ms': 89.75418853759766}, 'solution': {'lr': 0.009411558605875382, 'model_index': 2}}, {'model_name': 'ResNet50', 'assertividade': {'precision': 0.7962583353880739, 'accuracy': 0.7912, 'recall': 0.7911999999999999}, 'custo': {'mtp': 23528522, 'tpi': 0.002786674317280958, 'ms': 89.75418853759766}, 'solution': {'lr': 0.01, 'model_index': 2}}, {'model_name': 'VGG16', 'assertividade': {'precision': 0.030910310200151316, 'accuracy': 0.1105, 'recall': 0.1105}, 'custo': {'mtp': 134309962, 'tpi': 0.0010961787715838972, 'ms': 512.3518447875977}, 'solution': {'lr': 0.009385339374622393, 'model_index': 4}}, {'model_name': 'ResNet50', 'assertividade': {'precision': 0.8262079001982474, 'accuracy': 0.8253, 'recall': 0.8253}, 'custo': {'mtp': 23528522, 'tpi': 0.002792718304190666, 'ms': 89.75418853759766}, 'solution': {'lr': 0.009200032538958128, 'model_index': 2}}, {'model_name': 'VGG16', 'assertividade': {'precision': 0.0697968749117569, 'accuracy': 0.1064, 'recall': 0.10640000000000001}, 'custo': {'mtp': 134309962, 'tpi': 0.0011415466381486054, 'ms': 512.3518447875977}, 'solution': {'lr': 0.008583254241427335, 'model_index': 4}}, {'model_name': 'InceptionV3', 'assertividade': {'precision': 0.8578975991702025, 'accuracy': 0.8557, 'recall': 0.8557}, 'custo': {'mtp': 24371444, 'tpi': 0.0054015171755651, 'ms': 92.96968078613281}, 'solution': {'lr': 0.007834984027862186, 'model_index': 3}}, {'model_name': 'VGG16', 'assertividade': {'precision': 0.04583784143018542, 'accuracy': 0.1016, 'recall': 0.1016}, 'custo': {'mtp': 134309962, 'tpi': 0.0011684135266929675, 'ms': 512.3518447875977}, 'solution': {'lr': 0.007321352609678986, 'model_index': 4}}, {'model_name': 'EfficientNetB0', 'assertividade': {'precision': 0.06798022166375269, 'accuracy': 0.1117, 'recall': 0.1117}, 'custo': {'mtp': 4020358, 'tpi': 0.003945086412369066, 'ms': 15.336448669433594}, 'solution': {'lr': 0.007665691294348975, 'model_index': 0}}, {'model_name': 'EfficientNetB0', 'assertividade': {'precision': 0.10281109219470826, 'accuracy': 0.172, 'recall': 0.17200000000000001}, 'custo': {'mtp': 4020358, 'tpi': 0.003598513876556591, 'ms': 15.336448669433594}, 'solution': {'lr': 0.007968809670981293, 'model_index': 0}}, {'model_name': 'MobileNetV2', 'assertividade': {'precision': 0.6786094694926865, 'accuracy': 0.671, 'recall': 0.671}, 'custo': {'mtp': 2236682, 'tpi': 0.0024538495738035556, 'ms': 8.532264709472656}, 'solution': {'lr': 0.007381222478438391, 'model_index': 1}}, {'model_name': 'ResNet50', 'assertividade': {'precision': 0.7942024962942702, 'accuracy': 0.7927, 'recall': 0.7927000000000001}, 'custo': {'mtp': 23528522, 'tpi': 0.003041410142449057, 'ms': 89.75418853759766}, 'solution': {'lr': 0.00757298478728058, 'model_index': 2}}, {'model_name': 'ResNet50', 'assertividade': {'precision': 0.8042431437870426, 'accuracy': 0.7964, 'recall': 0.7964}, 'custo': {'mtp': 23528522, 'tpi': 0.002942202197518318, 'ms': 89.75418853759766}, 'solution': {'lr': 0.007489412234523299, 'model_index': 2}}, {'model_name': 'ResNet50', 'assertividade': {'precision': 0.8077341729274735, 'accuracy': 0.8035, 'recall': 0.8035}, 'custo': {'mtp': 23528522, 'tpi': 0.0030761661043592317, 'ms': 89.75418853759766}, 'solution': {'lr': 0.007554773556347464, 'model_index': 2}}, {'model_name': 'MobileNetV2', 'assertividade': {'precision': 0.6847048463203063, 'accuracy': 0.6648, 'recall': 0.6648000000000001}, 'custo': {'mtp': 2236682, 'tpi': 0.0025336985375471175, 'ms': 8.532264709472656}, 'solution': {'lr': 0.008046419612519723, 'model_index': 1}}, {'model_name': 'EfficientNetB0', 'assertividade': {'precision': 0.1248386893874192, 'accuracy': 0.1237, 'recall': 0.1237}, 'custo': {'mtp': 4020358, 'tpi': 0.003957789415007185, 'ms': 15.336448669433594}, 'solution': {'lr': 0.007687934293544706, 'model_index': 0}}, {'model_name': 'VGG16', 'assertividade': {'precision': 0.01, 'accuracy': 0.1, 'recall': 0.1}, 'custo': {'mtp': 134309962, 'tpi': 0.0011613247500863045, 'ms': 512.3518447875977}, 'solution': {'lr': 0.007309453931443001, 'model_index': 4}}, {'model_name': 'EfficientNetB0', 'assertividade': {'precision': 0.13136600218048108, 'accuracy': 0.1511, 'recall': 0.1511}, 'custo': {'mtp': 4020358, 'tpi': 0.004022663565957622, 'ms': 15.336448669433594}, 'solution': {'lr': 0.00691632082118639, 'model_index': 0}}, {'model_name': 'InceptionV3', 'assertividade': {'precision': 0.8712609687057101, 'accuracy': 0.8697, 'recall': 0.8696999999999999}, 'custo': {'mtp': 24371444, 'tpi': 0.005143475380672771, 'ms': 92.96968078613281}, 'solution': {'lr': 0.006261602283322618, 'model_index': 3}}, {'model_name': 'InceptionV3', 'assertividade': {'precision': 0.8698179986182968, 'accuracy': 0.8603, 'recall': 0.8603}, 'custo': {'mtp': 24371444, 'tpi': 0.005547596390839595, 'ms': 92.96968078613281}, 'solution': {'lr': 0.006503685863975264, 'model_index': 3}}, {'model_name': 'MobileNetV2', 'assertividade': {'precision': 0.6952846098809776, 'accuracy': 0.6799, 'recall': 0.6799000000000001}, 'custo': {'mtp': 2236682, 'tpi': 0.002634264101648027, 'ms': 8.532264709472656}, 'solution': {'lr': 0.006451332726154935, 'model_index': 1}}, {'model_name': 'EfficientNetB0', 'assertividade': {'precision': 0.05315194466843289, 'accuracy': 0.1371, 'recall': 0.1371}, 'custo': {'mtp': 4020358, 'tpi': 0.004043345238752426, 'ms': 15.336448669433594}, 'solution': {'lr': 0.006462692723446212, 'model_index': 0}}]
maximos_a:  [0.9003294748121103, 0.8979, 0.8978999999999999]
minimos_a:  [0.0, 0.0, 0.0]
maximos_c (fixos do aquecimento):  [134309962, 0.01336536556482315, 512.3518447875977]
minimos_c (fixos do aquecimento):  [2236682, 0.0026650354266166687, 8.532264709472656]
🔹 A (Assertividade Normalizada):  0.08426217477028877
🔹 C (Custo Normalizado):  0.9647720516874226
🔹 S (Score OACE):  0.5245171132288557
Resultado do OACE por Iteração:  {'model_name': 'EfficientNetB0', 'A': 0.08426217477028877, 'C': 0.9647720516874226, 'Score': 0.5245171132288557, 'solution': {'lr': 0.006462692723446212, 'model_index': 0}}
▶️ Iteration 72/150 (Round 2): model 4 e lr 0.006105196024538004
🔀 Random Seed Atual: 621
Epoch: 1 	Training Loss: 2.123551 	Validation Loss: 0.485628
Epoch: 2 	Training Loss: 3.898052 	Validation Loss: 7.869544
Epoch: 3 	Training Loss: 2.363577 	Validation Loss: 0.482644
Epoch: 4 	Training Loss: 1.842774 	Validation Loss: 0.478101
Epoch: 5 	Training Loss: 1.842650 	Validation Loss: 0.477385
Epoch: 6 	Training Loss: 1.842647 	Validation Loss: 0.478306
Epoch: 7 	Training Loss: 1.842658 	Validation Loss: 0.492396
Epoch: 8 	Training Loss: 1.842660 	Validation Loss: 0.470863
Epoch: 9 	Training Loss: 1.842665 	Validation Loss: 0.474244
Epoch: 10 	Training Loss: 1.842683 	Validation Loss: 0.489358
Epoch: 11 	Training Loss: 1.842472 	Validation Loss: 0.468563
Epoch: 12 	Training Loss: 1.842677 	Validation Loss: 0.538851
Epoch: 13 	Training Loss: 1.842659 	Validation Loss: 0.494034
Epoch: 14 	Training Loss: 1.842588 	Validation Loss: 0.472110
Epoch: 15 	Training Loss: 1.842429 	Validation Loss: 0.478418
Epoch: 16 	Training Loss: 1.842644 	Validation Loss: 0.476797
Early stopping after 16 epochs due to no improvement.

🔎 INICIANDO A AVALIAÇÃO DO OACE PARA ITERAÇÃO ATUAL
iteration_metrics:  {'model_name': 'VGG16', 'assertividade': {'precision': 0.035603438593459755, 'accuracy': 0.101, 'recall': 0.101}, 'custo': {'mtp': 134309962, 'tpi': 0.0010741334052602196, 'ms': 512.3518447875977}, 'solution': {'lr': 0.006105196024538004, 'model_index': 4}}
accumulated_metrics:  [{'model_name': 'ResNet50', 'assertividade': {'precision': 0.8009218038002924, 'accuracy': 0.7939, 'recall': 0.7939}, 'custo': {'mtp': 23528522, 'tpi': 0.0028181349395946334, 'ms': 89.75418853759766}, 'solution': {'lr': 0.009411558605875382, 'model_index': 2}}, {'model_name': 'ResNet50', 'assertividade': {'precision': 0.7962583353880739, 'accuracy': 0.7912, 'recall': 0.7911999999999999}, 'custo': {'mtp': 23528522, 'tpi': 0.002786674317280958, 'ms': 89.75418853759766}, 'solution': {'lr': 0.01, 'model_index': 2}}, {'model_name': 'VGG16', 'assertividade': {'precision': 0.030910310200151316, 'accuracy': 0.1105, 'recall': 0.1105}, 'custo': {'mtp': 134309962, 'tpi': 0.0010961787715838972, 'ms': 512.3518447875977}, 'solution': {'lr': 0.009385339374622393, 'model_index': 4}}, {'model_name': 'ResNet50', 'assertividade': {'precision': 0.8262079001982474, 'accuracy': 0.8253, 'recall': 0.8253}, 'custo': {'mtp': 23528522, 'tpi': 0.002792718304190666, 'ms': 89.75418853759766}, 'solution': {'lr': 0.009200032538958128, 'model_index': 2}}, {'model_name': 'VGG16', 'assertividade': {'precision': 0.0697968749117569, 'accuracy': 0.1064, 'recall': 0.10640000000000001}, 'custo': {'mtp': 134309962, 'tpi': 0.0011415466381486054, 'ms': 512.3518447875977}, 'solution': {'lr': 0.008583254241427335, 'model_index': 4}}, {'model_name': 'InceptionV3', 'assertividade': {'precision': 0.8578975991702025, 'accuracy': 0.8557, 'recall': 0.8557}, 'custo': {'mtp': 24371444, 'tpi': 0.0054015171755651, 'ms': 92.96968078613281}, 'solution': {'lr': 0.007834984027862186, 'model_index': 3}}, {'model_name': 'VGG16', 'assertividade': {'precision': 0.04583784143018542, 'accuracy': 0.1016, 'recall': 0.1016}, 'custo': {'mtp': 134309962, 'tpi': 0.0011684135266929675, 'ms': 512.3518447875977}, 'solution': {'lr': 0.007321352609678986, 'model_index': 4}}, {'model_name': 'EfficientNetB0', 'assertividade': {'precision': 0.06798022166375269, 'accuracy': 0.1117, 'recall': 0.1117}, 'custo': {'mtp': 4020358, 'tpi': 0.003945086412369066, 'ms': 15.336448669433594}, 'solution': {'lr': 0.007665691294348975, 'model_index': 0}}, {'model_name': 'EfficientNetB0', 'assertividade': {'precision': 0.10281109219470826, 'accuracy': 0.172, 'recall': 0.17200000000000001}, 'custo': {'mtp': 4020358, 'tpi': 0.003598513876556591, 'ms': 15.336448669433594}, 'solution': {'lr': 0.007968809670981293, 'model_index': 0}}, {'model_name': 'MobileNetV2', 'assertividade': {'precision': 0.6786094694926865, 'accuracy': 0.671, 'recall': 0.671}, 'custo': {'mtp': 2236682, 'tpi': 0.0024538495738035556, 'ms': 8.532264709472656}, 'solution': {'lr': 0.007381222478438391, 'model_index': 1}}, {'model_name': 'ResNet50', 'assertividade': {'precision': 0.7942024962942702, 'accuracy': 0.7927, 'recall': 0.7927000000000001}, 'custo': {'mtp': 23528522, 'tpi': 0.003041410142449057, 'ms': 89.75418853759766}, 'solution': {'lr': 0.00757298478728058, 'model_index': 2}}, {'model_name': 'ResNet50', 'assertividade': {'precision': 0.8042431437870426, 'accuracy': 0.7964, 'recall': 0.7964}, 'custo': {'mtp': 23528522, 'tpi': 0.002942202197518318, 'ms': 89.75418853759766}, 'solution': {'lr': 0.007489412234523299, 'model_index': 2}}, {'model_name': 'ResNet50', 'assertividade': {'precision': 0.8077341729274735, 'accuracy': 0.8035, 'recall': 0.8035}, 'custo': {'mtp': 23528522, 'tpi': 0.0030761661043592317, 'ms': 89.75418853759766}, 'solution': {'lr': 0.007554773556347464, 'model_index': 2}}, {'model_name': 'MobileNetV2', 'assertividade': {'precision': 0.6847048463203063, 'accuracy': 0.6648, 'recall': 0.6648000000000001}, 'custo': {'mtp': 2236682, 'tpi': 0.0025336985375471175, 'ms': 8.532264709472656}, 'solution': {'lr': 0.008046419612519723, 'model_index': 1}}, {'model_name': 'EfficientNetB0', 'assertividade': {'precision': 0.1248386893874192, 'accuracy': 0.1237, 'recall': 0.1237}, 'custo': {'mtp': 4020358, 'tpi': 0.003957789415007185, 'ms': 15.336448669433594}, 'solution': {'lr': 0.007687934293544706, 'model_index': 0}}, {'model_name': 'VGG16', 'assertividade': {'precision': 0.01, 'accuracy': 0.1, 'recall': 0.1}, 'custo': {'mtp': 134309962, 'tpi': 0.0011613247500863045, 'ms': 512.3518447875977}, 'solution': {'lr': 0.007309453931443001, 'model_index': 4}}, {'model_name': 'EfficientNetB0', 'assertividade': {'precision': 0.13136600218048108, 'accuracy': 0.1511, 'recall': 0.1511}, 'custo': {'mtp': 4020358, 'tpi': 0.004022663565957622, 'ms': 15.336448669433594}, 'solution': {'lr': 0.00691632082118639, 'model_index': 0}}, {'model_name': 'InceptionV3', 'assertividade': {'precision': 0.8712609687057101, 'accuracy': 0.8697, 'recall': 0.8696999999999999}, 'custo': {'mtp': 24371444, 'tpi': 0.005143475380672771, 'ms': 92.96968078613281}, 'solution': {'lr': 0.006261602283322618, 'model_index': 3}}, {'model_name': 'InceptionV3', 'assertividade': {'precision': 0.8698179986182968, 'accuracy': 0.8603, 'recall': 0.8603}, 'custo': {'mtp': 24371444, 'tpi': 0.005547596390839595, 'ms': 92.96968078613281}, 'solution': {'lr': 0.006503685863975264, 'model_index': 3}}, {'model_name': 'MobileNetV2', 'assertividade': {'precision': 0.6952846098809776, 'accuracy': 0.6799, 'recall': 0.6799000000000001}, 'custo': {'mtp': 2236682, 'tpi': 0.002634264101648027, 'ms': 8.532264709472656}, 'solution': {'lr': 0.006451332726154935, 'model_index': 1}}, {'model_name': 'EfficientNetB0', 'assertividade': {'precision': 0.05315194466843289, 'accuracy': 0.1371, 'recall': 0.1371}, 'custo': {'mtp': 4020358, 'tpi': 0.004043345238752426, 'ms': 15.336448669433594}, 'solution': {'lr': 0.006462692723446212, 'model_index': 0}}, {'model_name': 'VGG16', 'assertividade': {'precision': 0.035603438593459755, 'accuracy': 0.101, 'recall': 0.101}, 'custo': {'mtp': 134309962, 'tpi': 0.0010741334052602196, 'ms': 512.3518447875977}, 'solution': {'lr': 0.006105196024538004, 'model_index': 4}}]
maximos_a:  [0.9003294748121103, 0.8979, 0.8978999999999999]
minimos_a:  [0.0, 0.0, 0.0]
maximos_c (fixos do aquecimento):  [134309962, 0.01336536556482315, 512.3518447875977]
minimos_c (fixos do aquecimento):  [2236682, 0.0026650354266166687, 8.532264709472656]
🔹 A (Assertividade Normalizada):  0.05919161979177483
🔹 C (Custo Normalizado):  0.1883940966391198
🔹 S (Score OACE):  0.1237928582154473
Resultado do OACE por Iteração:  {'model_name': 'VGG16', 'A': 0.05919161979177483, 'C': 0.1883940966391198, 'Score': 0.1237928582154473, 'solution': {'lr': 0.006105196024538004, 'model_index': 4}}
▶️ Iteration 73/150 (Round 2): model 4 e lr 0.005878443865063257
🔀 Random Seed Atual: 622
Epoch: 1 	Training Loss: 2.466354 	Validation Loss: 0.455296
Epoch: 2 	Training Loss: 1.826641 	Validation Loss: 0.443454
Epoch: 3 	Training Loss: 2.025970 	Validation Loss: 0.436833
Epoch: 4 	Training Loss: 1.696594 	Validation Loss: 0.411068
Epoch: 5 	Training Loss: 1.610920 	Validation Loss: 0.397048
Epoch: 6 	Training Loss: 3.051760 	Validation Loss: 0.460548
Epoch: 7 	Training Loss: 1.844931 	Validation Loss: 0.460645
Epoch: 8 	Training Loss: 1.842983 	Validation Loss: 0.460653
Epoch: 9 	Training Loss: 1.842971 	Validation Loss: 0.460588
Epoch: 10 	Training Loss: 1.842647 	Validation Loss: 0.460575
Early stopping after 10 epochs due to no improvement.

🔎 INICIANDO A AVALIAÇÃO DO OACE PARA ITERAÇÃO ATUAL
iteration_metrics:  {'model_name': 'VGG16', 'assertividade': {'precision': 0.01, 'accuracy': 0.1, 'recall': 0.1}, 'custo': {'mtp': 134309962, 'tpi': 0.001185572071439901, 'ms': 512.3518447875977}, 'solution': {'lr': 0.005878443865063257, 'model_index': 4}}
accumulated_metrics:  [{'model_name': 'ResNet50', 'assertividade': {'precision': 0.8009218038002924, 'accuracy': 0.7939, 'recall': 0.7939}, 'custo': {'mtp': 23528522, 'tpi': 0.0028181349395946334, 'ms': 89.75418853759766}, 'solution': {'lr': 0.009411558605875382, 'model_index': 2}}, {'model_name': 'ResNet50', 'assertividade': {'precision': 0.7962583353880739, 'accuracy': 0.7912, 'recall': 0.7911999999999999}, 'custo': {'mtp': 23528522, 'tpi': 0.002786674317280958, 'ms': 89.75418853759766}, 'solution': {'lr': 0.01, 'model_index': 2}}, {'model_name': 'VGG16', 'assertividade': {'precision': 0.030910310200151316, 'accuracy': 0.1105, 'recall': 0.1105}, 'custo': {'mtp': 134309962, 'tpi': 0.0010961787715838972, 'ms': 512.3518447875977}, 'solution': {'lr': 0.009385339374622393, 'model_index': 4}}, {'model_name': 'ResNet50', 'assertividade': {'precision': 0.8262079001982474, 'accuracy': 0.8253, 'recall': 0.8253}, 'custo': {'mtp': 23528522, 'tpi': 0.002792718304190666, 'ms': 89.75418853759766}, 'solution': {'lr': 0.009200032538958128, 'model_index': 2}}, {'model_name': 'VGG16', 'assertividade': {'precision': 0.0697968749117569, 'accuracy': 0.1064, 'recall': 0.10640000000000001}, 'custo': {'mtp': 134309962, 'tpi': 0.0011415466381486054, 'ms': 512.3518447875977}, 'solution': {'lr': 0.008583254241427335, 'model_index': 4}}, {'model_name': 'InceptionV3', 'assertividade': {'precision': 0.8578975991702025, 'accuracy': 0.8557, 'recall': 0.8557}, 'custo': {'mtp': 24371444, 'tpi': 0.0054015171755651, 'ms': 92.96968078613281}, 'solution': {'lr': 0.007834984027862186, 'model_index': 3}}, {'model_name': 'VGG16', 'assertividade': {'precision': 0.04583784143018542, 'accuracy': 0.1016, 'recall': 0.1016}, 'custo': {'mtp': 134309962, 'tpi': 0.0011684135266929675, 'ms': 512.3518447875977}, 'solution': {'lr': 0.007321352609678986, 'model_index': 4}}, {'model_name': 'EfficientNetB0', 'assertividade': {'precision': 0.06798022166375269, 'accuracy': 0.1117, 'recall': 0.1117}, 'custo': {'mtp': 4020358, 'tpi': 0.003945086412369066, 'ms': 15.336448669433594}, 'solution': {'lr': 0.007665691294348975, 'model_index': 0}}, {'model_name': 'EfficientNetB0', 'assertividade': {'precision': 0.10281109219470826, 'accuracy': 0.172, 'recall': 0.17200000000000001}, 'custo': {'mtp': 4020358, 'tpi': 0.003598513876556591, 'ms': 15.336448669433594}, 'solution': {'lr': 0.007968809670981293, 'model_index': 0}}, {'model_name': 'MobileNetV2', 'assertividade': {'precision': 0.6786094694926865, 'accuracy': 0.671, 'recall': 0.671}, 'custo': {'mtp': 2236682, 'tpi': 0.0024538495738035556, 'ms': 8.532264709472656}, 'solution': {'lr': 0.007381222478438391, 'model_index': 1}}, {'model_name': 'ResNet50', 'assertividade': {'precision': 0.7942024962942702, 'accuracy': 0.7927, 'recall': 0.7927000000000001}, 'custo': {'mtp': 23528522, 'tpi': 0.003041410142449057, 'ms': 89.75418853759766}, 'solution': {'lr': 0.00757298478728058, 'model_index': 2}}, {'model_name': 'ResNet50', 'assertividade': {'precision': 0.8042431437870426, 'accuracy': 0.7964, 'recall': 0.7964}, 'custo': {'mtp': 23528522, 'tpi': 0.002942202197518318, 'ms': 89.75418853759766}, 'solution': {'lr': 0.007489412234523299, 'model_index': 2}}, {'model_name': 'ResNet50', 'assertividade': {'precision': 0.8077341729274735, 'accuracy': 0.8035, 'recall': 0.8035}, 'custo': {'mtp': 23528522, 'tpi': 0.0030761661043592317, 'ms': 89.75418853759766}, 'solution': {'lr': 0.007554773556347464, 'model_index': 2}}, {'model_name': 'MobileNetV2', 'assertividade': {'precision': 0.6847048463203063, 'accuracy': 0.6648, 'recall': 0.6648000000000001}, 'custo': {'mtp': 2236682, 'tpi': 0.0025336985375471175, 'ms': 8.532264709472656}, 'solution': {'lr': 0.008046419612519723, 'model_index': 1}}, {'model_name': 'EfficientNetB0', 'assertividade': {'precision': 0.1248386893874192, 'accuracy': 0.1237, 'recall': 0.1237}, 'custo': {'mtp': 4020358, 'tpi': 0.003957789415007185, 'ms': 15.336448669433594}, 'solution': {'lr': 0.007687934293544706, 'model_index': 0}}, {'model_name': 'VGG16', 'assertividade': {'precision': 0.01, 'accuracy': 0.1, 'recall': 0.1}, 'custo': {'mtp': 134309962, 'tpi': 0.0011613247500863045, 'ms': 512.3518447875977}, 'solution': {'lr': 0.007309453931443001, 'model_index': 4}}, {'model_name': 'EfficientNetB0', 'assertividade': {'precision': 0.13136600218048108, 'accuracy': 0.1511, 'recall': 0.1511}, 'custo': {'mtp': 4020358, 'tpi': 0.004022663565957622, 'ms': 15.336448669433594}, 'solution': {'lr': 0.00691632082118639, 'model_index': 0}}, {'model_name': 'InceptionV3', 'assertividade': {'precision': 0.8712609687057101, 'accuracy': 0.8697, 'recall': 0.8696999999999999}, 'custo': {'mtp': 24371444, 'tpi': 0.005143475380672771, 'ms': 92.96968078613281}, 'solution': {'lr': 0.006261602283322618, 'model_index': 3}}, {'model_name': 'InceptionV3', 'assertividade': {'precision': 0.8698179986182968, 'accuracy': 0.8603, 'recall': 0.8603}, 'custo': {'mtp': 24371444, 'tpi': 0.005547596390839595, 'ms': 92.96968078613281}, 'solution': {'lr': 0.006503685863975264, 'model_index': 3}}, {'model_name': 'MobileNetV2', 'assertividade': {'precision': 0.6952846098809776, 'accuracy': 0.6799, 'recall': 0.6799000000000001}, 'custo': {'mtp': 2236682, 'tpi': 0.002634264101648027, 'ms': 8.532264709472656}, 'solution': {'lr': 0.006451332726154935, 'model_index': 1}}, {'model_name': 'EfficientNetB0', 'assertividade': {'precision': 0.05315194466843289, 'accuracy': 0.1371, 'recall': 0.1371}, 'custo': {'mtp': 4020358, 'tpi': 0.004043345238752426, 'ms': 15.336448669433594}, 'solution': {'lr': 0.006462692723446212, 'model_index': 0}}, {'model_name': 'VGG16', 'assertividade': {'precision': 0.035603438593459755, 'accuracy': 0.101, 'recall': 0.101}, 'custo': {'mtp': 134309962, 'tpi': 0.0010741334052602196, 'ms': 512.3518447875977}, 'solution': {'lr': 0.006105196024538004, 'model_index': 4}}, {'model_name': 'VGG16', 'assertividade': {'precision': 0.01, 'accuracy': 0.1, 'recall': 0.1}, 'custo': {'mtp': 134309962, 'tpi': 0.001185572071439901, 'ms': 512.3518447875977}, 'solution': {'lr': 0.005878443865063257, 'model_index': 4}}]
maximos_a:  [0.9003294748121103, 0.8979, 0.8978999999999999]
minimos_a:  [0.0, 0.0, 0.0]
maximos_c (fixos do aquecimento):  [134309962, 0.01336536556482315, 512.3518447875977]
minimos_c (fixos do aquecimento):  [2236682, 0.0026650354266166687, 8.532264709472656]
🔹 A (Assertividade Normalizada):  0.038113669286845106
🔹 C (Custo Normalizado):  0.1883940966391198
🔹 S (Score OACE):  0.11325388296298244
Resultado do OACE por Iteração:  {'model_name': 'VGG16', 'A': 0.038113669286845106, 'C': 0.1883940966391198, 'Score': 0.11325388296298244, 'solution': {'lr': 0.005878443865063257, 'model_index': 4}}
▶️ Iteration 74/150 (Round 2): model 3 e lr 0.005638140049519019
🔀 Random Seed Atual: 623
Epoch: 1 	Training Loss: 1.613050 	Validation Loss: 0.335048
Epoch: 2 	Training Loss: 1.272622 	Validation Loss: 0.323767
Epoch: 3 	Training Loss: 0.979224 	Validation Loss: 0.229151
Epoch: 4 	Training Loss: 0.792194 	Validation Loss: 0.205496
Epoch: 5 	Training Loss: 0.666321 	Validation Loss: 0.143481
Epoch: 6 	Training Loss: 0.561798 	Validation Loss: 0.139575
Epoch: 7 	Training Loss: 0.490432 	Validation Loss: 0.119964
Epoch: 8 	Training Loss: 0.440307 	Validation Loss: 0.122963
Epoch: 9 	Training Loss: 0.395333 	Validation Loss: 0.114641
Epoch: 10 	Training Loss: 0.369125 	Validation Loss: 0.108688
Epoch: 11 	Training Loss: 0.325503 	Validation Loss: 0.094182
Epoch: 12 	Training Loss: 0.297022 	Validation Loss: 0.097084
Epoch: 13 	Training Loss: 0.269936 	Validation Loss: 0.094616
Epoch: 14 	Training Loss: 0.247885 	Validation Loss: 0.101828
Epoch: 15 	Training Loss: 0.220813 	Validation Loss: 0.102693
Epoch: 16 	Training Loss: 0.206127 	Validation Loss: 0.101797
Early stopping after 16 epochs due to no improvement.

🔎 INICIANDO A AVALIAÇÃO DO OACE PARA ITERAÇÃO ATUAL
iteration_metrics:  {'model_name': 'InceptionV3', 'assertividade': {'precision': 0.8442797368090256, 'accuracy': 0.8424, 'recall': 0.8423999999999999}, 'custo': {'mtp': 24371444, 'tpi': 0.005463994992007116, 'ms': 92.96968078613281}, 'solution': {'lr': 0.005638140049519019, 'model_index': 3}}
accumulated_metrics:  [{'model_name': 'ResNet50', 'assertividade': {'precision': 0.8009218038002924, 'accuracy': 0.7939, 'recall': 0.7939}, 'custo': {'mtp': 23528522, 'tpi': 0.0028181349395946334, 'ms': 89.75418853759766}, 'solution': {'lr': 0.009411558605875382, 'model_index': 2}}, {'model_name': 'ResNet50', 'assertividade': {'precision': 0.7962583353880739, 'accuracy': 0.7912, 'recall': 0.7911999999999999}, 'custo': {'mtp': 23528522, 'tpi': 0.002786674317280958, 'ms': 89.75418853759766}, 'solution': {'lr': 0.01, 'model_index': 2}}, {'model_name': 'VGG16', 'assertividade': {'precision': 0.030910310200151316, 'accuracy': 0.1105, 'recall': 0.1105}, 'custo': {'mtp': 134309962, 'tpi': 0.0010961787715838972, 'ms': 512.3518447875977}, 'solution': {'lr': 0.009385339374622393, 'model_index': 4}}, {'model_name': 'ResNet50', 'assertividade': {'precision': 0.8262079001982474, 'accuracy': 0.8253, 'recall': 0.8253}, 'custo': {'mtp': 23528522, 'tpi': 0.002792718304190666, 'ms': 89.75418853759766}, 'solution': {'lr': 0.009200032538958128, 'model_index': 2}}, {'model_name': 'VGG16', 'assertividade': {'precision': 0.0697968749117569, 'accuracy': 0.1064, 'recall': 0.10640000000000001}, 'custo': {'mtp': 134309962, 'tpi': 0.0011415466381486054, 'ms': 512.3518447875977}, 'solution': {'lr': 0.008583254241427335, 'model_index': 4}}, {'model_name': 'InceptionV3', 'assertividade': {'precision': 0.8578975991702025, 'accuracy': 0.8557, 'recall': 0.8557}, 'custo': {'mtp': 24371444, 'tpi': 0.0054015171755651, 'ms': 92.96968078613281}, 'solution': {'lr': 0.007834984027862186, 'model_index': 3}}, {'model_name': 'VGG16', 'assertividade': {'precision': 0.04583784143018542, 'accuracy': 0.1016, 'recall': 0.1016}, 'custo': {'mtp': 134309962, 'tpi': 0.0011684135266929675, 'ms': 512.3518447875977}, 'solution': {'lr': 0.007321352609678986, 'model_index': 4}}, {'model_name': 'EfficientNetB0', 'assertividade': {'precision': 0.06798022166375269, 'accuracy': 0.1117, 'recall': 0.1117}, 'custo': {'mtp': 4020358, 'tpi': 0.003945086412369066, 'ms': 15.336448669433594}, 'solution': {'lr': 0.007665691294348975, 'model_index': 0}}, {'model_name': 'EfficientNetB0', 'assertividade': {'precision': 0.10281109219470826, 'accuracy': 0.172, 'recall': 0.17200000000000001}, 'custo': {'mtp': 4020358, 'tpi': 0.003598513876556591, 'ms': 15.336448669433594}, 'solution': {'lr': 0.007968809670981293, 'model_index': 0}}, {'model_name': 'MobileNetV2', 'assertividade': {'precision': 0.6786094694926865, 'accuracy': 0.671, 'recall': 0.671}, 'custo': {'mtp': 2236682, 'tpi': 0.0024538495738035556, 'ms': 8.532264709472656}, 'solution': {'lr': 0.007381222478438391, 'model_index': 1}}, {'model_name': 'ResNet50', 'assertividade': {'precision': 0.7942024962942702, 'accuracy': 0.7927, 'recall': 0.7927000000000001}, 'custo': {'mtp': 23528522, 'tpi': 0.003041410142449057, 'ms': 89.75418853759766}, 'solution': {'lr': 0.00757298478728058, 'model_index': 2}}, {'model_name': 'ResNet50', 'assertividade': {'precision': 0.8042431437870426, 'accuracy': 0.7964, 'recall': 0.7964}, 'custo': {'mtp': 23528522, 'tpi': 0.002942202197518318, 'ms': 89.75418853759766}, 'solution': {'lr': 0.007489412234523299, 'model_index': 2}}, {'model_name': 'ResNet50', 'assertividade': {'precision': 0.8077341729274735, 'accuracy': 0.8035, 'recall': 0.8035}, 'custo': {'mtp': 23528522, 'tpi': 0.0030761661043592317, 'ms': 89.75418853759766}, 'solution': {'lr': 0.007554773556347464, 'model_index': 2}}, {'model_name': 'MobileNetV2', 'assertividade': {'precision': 0.6847048463203063, 'accuracy': 0.6648, 'recall': 0.6648000000000001}, 'custo': {'mtp': 2236682, 'tpi': 0.0025336985375471175, 'ms': 8.532264709472656}, 'solution': {'lr': 0.008046419612519723, 'model_index': 1}}, {'model_name': 'EfficientNetB0', 'assertividade': {'precision': 0.1248386893874192, 'accuracy': 0.1237, 'recall': 0.1237}, 'custo': {'mtp': 4020358, 'tpi': 0.003957789415007185, 'ms': 15.336448669433594}, 'solution': {'lr': 0.007687934293544706, 'model_index': 0}}, {'model_name': 'VGG16', 'assertividade': {'precision': 0.01, 'accuracy': 0.1, 'recall': 0.1}, 'custo': {'mtp': 134309962, 'tpi': 0.0011613247500863045, 'ms': 512.3518447875977}, 'solution': {'lr': 0.007309453931443001, 'model_index': 4}}, {'model_name': 'EfficientNetB0', 'assertividade': {'precision': 0.13136600218048108, 'accuracy': 0.1511, 'recall': 0.1511}, 'custo': {'mtp': 4020358, 'tpi': 0.004022663565957622, 'ms': 15.336448669433594}, 'solution': {'lr': 0.00691632082118639, 'model_index': 0}}, {'model_name': 'InceptionV3', 'assertividade': {'precision': 0.8712609687057101, 'accuracy': 0.8697, 'recall': 0.8696999999999999}, 'custo': {'mtp': 24371444, 'tpi': 0.005143475380672771, 'ms': 92.96968078613281}, 'solution': {'lr': 0.006261602283322618, 'model_index': 3}}, {'model_name': 'InceptionV3', 'assertividade': {'precision': 0.8698179986182968, 'accuracy': 0.8603, 'recall': 0.8603}, 'custo': {'mtp': 24371444, 'tpi': 0.005547596390839595, 'ms': 92.96968078613281}, 'solution': {'lr': 0.006503685863975264, 'model_index': 3}}, {'model_name': 'MobileNetV2', 'assertividade': {'precision': 0.6952846098809776, 'accuracy': 0.6799, 'recall': 0.6799000000000001}, 'custo': {'mtp': 2236682, 'tpi': 0.002634264101648027, 'ms': 8.532264709472656}, 'solution': {'lr': 0.006451332726154935, 'model_index': 1}}, {'model_name': 'EfficientNetB0', 'assertividade': {'precision': 0.05315194466843289, 'accuracy': 0.1371, 'recall': 0.1371}, 'custo': {'mtp': 4020358, 'tpi': 0.004043345238752426, 'ms': 15.336448669433594}, 'solution': {'lr': 0.006462692723446212, 'model_index': 0}}, {'model_name': 'VGG16', 'assertividade': {'precision': 0.035603438593459755, 'accuracy': 0.101, 'recall': 0.101}, 'custo': {'mtp': 134309962, 'tpi': 0.0010741334052602196, 'ms': 512.3518447875977}, 'solution': {'lr': 0.006105196024538004, 'model_index': 4}}, {'model_name': 'VGG16', 'assertividade': {'precision': 0.01, 'accuracy': 0.1, 'recall': 0.1}, 'custo': {'mtp': 134309962, 'tpi': 0.001185572071439901, 'ms': 512.3518447875977}, 'solution': {'lr': 0.005878443865063257, 'model_index': 4}}, {'model_name': 'InceptionV3', 'assertividade': {'precision': 0.8442797368090256, 'accuracy': 0.8424, 'recall': 0.8423999999999999}, 'custo': {'mtp': 24371444, 'tpi': 0.005463994992007116, 'ms': 92.96968078613281}, 'solution': {'lr': 0.005638140049519019, 'model_index': 3}}]
maximos_a:  [0.9003294748121103, 0.8979, 0.8978999999999999]
minimos_a:  [0.0, 0.0, 0.0]
maximos_c (fixos do aquecimento):  [134309962, 0.01336536556482315, 512.3518447875977]
minimos_c (fixos do aquecimento):  [2236682, 0.0026650354266166687, 8.532264709472656]
🔹 A (Assertividade Normalizada):  0.9378648447483897
🔹 C (Custo Normalizado):  0.8146997229627286
🔹 S (Score OACE):  0.8762822838555592
Resultado do OACE por Iteração:  {'model_name': 'InceptionV3', 'A': 0.9378648447483897, 'C': 0.8146997229627286, 'Score': 0.8762822838555592, 'solution': {'lr': 0.005638140049519019, 'model_index': 3}}
▶️ Iteration 75/150 (Round 2): model 1 e lr 0.005125342560045348
🔀 Random Seed Atual: 624
Epoch: 1 	Training Loss: 2.071469 	Validation Loss: 0.828398
Epoch: 2 	Training Loss: 1.895889 	Validation Loss: 0.436313
Epoch: 3 	Training Loss: 1.662903 	Validation Loss: 0.395444
Epoch: 4 	Training Loss: 1.547586 	Validation Loss: 0.384685
Epoch: 5 	Training Loss: 1.452618 	Validation Loss: 0.348472
Epoch: 6 	Training Loss: 1.394669 	Validation Loss: 0.335810
Epoch: 7 	Training Loss: 1.329797 	Validation Loss: 0.314771
Epoch: 8 	Training Loss: 1.230933 	Validation Loss: 0.329084
Epoch: 9 	Training Loss: 1.146745 	Validation Loss: 0.279154
Epoch: 10 	Training Loss: 1.079569 	Validation Loss: 0.262822
Epoch: 11 	Training Loss: 1.026577 	Validation Loss: 0.262678
Epoch: 12 	Training Loss: 0.980581 	Validation Loss: 0.235944
Epoch: 13 	Training Loss: 0.937237 	Validation Loss: 0.219728
Epoch: 14 	Training Loss: 0.889138 	Validation Loss: 0.210530
Epoch: 15 	Training Loss: 0.859654 	Validation Loss: 0.214563
Epoch: 16 	Training Loss: 0.829639 	Validation Loss: 0.214213
Epoch: 17 	Training Loss: 0.806398 	Validation Loss: 0.208818
Epoch: 18 	Training Loss: 0.777223 	Validation Loss: 0.188779
Epoch: 19 	Training Loss: 0.752202 	Validation Loss: 0.190238
Epoch: 20 	Training Loss: 0.728772 	Validation Loss: 0.174113
Epoch: 21 	Training Loss: 0.705653 	Validation Loss: 0.177625
Epoch: 22 	Training Loss: 0.690875 	Validation Loss: 0.165733
Epoch: 23 	Training Loss: 0.672944 	Validation Loss: 0.164062
Epoch: 24 	Training Loss: 0.653525 	Validation Loss: 0.164342
Epoch: 25 	Training Loss: 0.648169 	Validation Loss: 0.156019
Epoch: 26 	Training Loss: 0.629394 	Validation Loss: 0.158445
Epoch: 27 	Training Loss: 0.620173 	Validation Loss: 0.149226
Epoch: 28 	Training Loss: 0.609523 	Validation Loss: 0.145133
Epoch: 29 	Training Loss: 0.600330 	Validation Loss: 0.155523
Epoch: 30 	Training Loss: 0.585919 	Validation Loss: 0.145431

🔎 INICIANDO A AVALIAÇÃO DO OACE PARA ITERAÇÃO ATUAL
iteration_metrics:  {'model_name': 'MobileNetV2', 'assertividade': {'precision': 0.7529173332552663, 'accuracy': 0.7472, 'recall': 0.7472}, 'custo': {'mtp': 2236682, 'tpi': 0.002584711001936797, 'ms': 8.532264709472656}, 'solution': {'lr': 0.005125342560045348, 'model_index': 1}}
accumulated_metrics:  [{'model_name': 'ResNet50', 'assertividade': {'precision': 0.8009218038002924, 'accuracy': 0.7939, 'recall': 0.7939}, 'custo': {'mtp': 23528522, 'tpi': 0.0028181349395946334, 'ms': 89.75418853759766}, 'solution': {'lr': 0.009411558605875382, 'model_index': 2}}, {'model_name': 'ResNet50', 'assertividade': {'precision': 0.7962583353880739, 'accuracy': 0.7912, 'recall': 0.7911999999999999}, 'custo': {'mtp': 23528522, 'tpi': 0.002786674317280958, 'ms': 89.75418853759766}, 'solution': {'lr': 0.01, 'model_index': 2}}, {'model_name': 'VGG16', 'assertividade': {'precision': 0.030910310200151316, 'accuracy': 0.1105, 'recall': 0.1105}, 'custo': {'mtp': 134309962, 'tpi': 0.0010961787715838972, 'ms': 512.3518447875977}, 'solution': {'lr': 0.009385339374622393, 'model_index': 4}}, {'model_name': 'ResNet50', 'assertividade': {'precision': 0.8262079001982474, 'accuracy': 0.8253, 'recall': 0.8253}, 'custo': {'mtp': 23528522, 'tpi': 0.002792718304190666, 'ms': 89.75418853759766}, 'solution': {'lr': 0.009200032538958128, 'model_index': 2}}, {'model_name': 'VGG16', 'assertividade': {'precision': 0.0697968749117569, 'accuracy': 0.1064, 'recall': 0.10640000000000001}, 'custo': {'mtp': 134309962, 'tpi': 0.0011415466381486054, 'ms': 512.3518447875977}, 'solution': {'lr': 0.008583254241427335, 'model_index': 4}}, {'model_name': 'InceptionV3', 'assertividade': {'precision': 0.8578975991702025, 'accuracy': 0.8557, 'recall': 0.8557}, 'custo': {'mtp': 24371444, 'tpi': 0.0054015171755651, 'ms': 92.96968078613281}, 'solution': {'lr': 0.007834984027862186, 'model_index': 3}}, {'model_name': 'VGG16', 'assertividade': {'precision': 0.04583784143018542, 'accuracy': 0.1016, 'recall': 0.1016}, 'custo': {'mtp': 134309962, 'tpi': 0.0011684135266929675, 'ms': 512.3518447875977}, 'solution': {'lr': 0.007321352609678986, 'model_index': 4}}, {'model_name': 'EfficientNetB0', 'assertividade': {'precision': 0.06798022166375269, 'accuracy': 0.1117, 'recall': 0.1117}, 'custo': {'mtp': 4020358, 'tpi': 0.003945086412369066, 'ms': 15.336448669433594}, 'solution': {'lr': 0.007665691294348975, 'model_index': 0}}, {'model_name': 'EfficientNetB0', 'assertividade': {'precision': 0.10281109219470826, 'accuracy': 0.172, 'recall': 0.17200000000000001}, 'custo': {'mtp': 4020358, 'tpi': 0.003598513876556591, 'ms': 15.336448669433594}, 'solution': {'lr': 0.007968809670981293, 'model_index': 0}}, {'model_name': 'MobileNetV2', 'assertividade': {'precision': 0.6786094694926865, 'accuracy': 0.671, 'recall': 0.671}, 'custo': {'mtp': 2236682, 'tpi': 0.0024538495738035556, 'ms': 8.532264709472656}, 'solution': {'lr': 0.007381222478438391, 'model_index': 1}}, {'model_name': 'ResNet50', 'assertividade': {'precision': 0.7942024962942702, 'accuracy': 0.7927, 'recall': 0.7927000000000001}, 'custo': {'mtp': 23528522, 'tpi': 0.003041410142449057, 'ms': 89.75418853759766}, 'solution': {'lr': 0.00757298478728058, 'model_index': 2}}, {'model_name': 'ResNet50', 'assertividade': {'precision': 0.8042431437870426, 'accuracy': 0.7964, 'recall': 0.7964}, 'custo': {'mtp': 23528522, 'tpi': 0.002942202197518318, 'ms': 89.75418853759766}, 'solution': {'lr': 0.007489412234523299, 'model_index': 2}}, {'model_name': 'ResNet50', 'assertividade': {'precision': 0.8077341729274735, 'accuracy': 0.8035, 'recall': 0.8035}, 'custo': {'mtp': 23528522, 'tpi': 0.0030761661043592317, 'ms': 89.75418853759766}, 'solution': {'lr': 0.007554773556347464, 'model_index': 2}}, {'model_name': 'MobileNetV2', 'assertividade': {'precision': 0.6847048463203063, 'accuracy': 0.6648, 'recall': 0.6648000000000001}, 'custo': {'mtp': 2236682, 'tpi': 0.0025336985375471175, 'ms': 8.532264709472656}, 'solution': {'lr': 0.008046419612519723, 'model_index': 1}}, {'model_name': 'EfficientNetB0', 'assertividade': {'precision': 0.1248386893874192, 'accuracy': 0.1237, 'recall': 0.1237}, 'custo': {'mtp': 4020358, 'tpi': 0.003957789415007185, 'ms': 15.336448669433594}, 'solution': {'lr': 0.007687934293544706, 'model_index': 0}}, {'model_name': 'VGG16', 'assertividade': {'precision': 0.01, 'accuracy': 0.1, 'recall': 0.1}, 'custo': {'mtp': 134309962, 'tpi': 0.0011613247500863045, 'ms': 512.3518447875977}, 'solution': {'lr': 0.007309453931443001, 'model_index': 4}}, {'model_name': 'EfficientNetB0', 'assertividade': {'precision': 0.13136600218048108, 'accuracy': 0.1511, 'recall': 0.1511}, 'custo': {'mtp': 4020358, 'tpi': 0.004022663565957622, 'ms': 15.336448669433594}, 'solution': {'lr': 0.00691632082118639, 'model_index': 0}}, {'model_name': 'InceptionV3', 'assertividade': {'precision': 0.8712609687057101, 'accuracy': 0.8697, 'recall': 0.8696999999999999}, 'custo': {'mtp': 24371444, 'tpi': 0.005143475380672771, 'ms': 92.96968078613281}, 'solution': {'lr': 0.006261602283322618, 'model_index': 3}}, {'model_name': 'InceptionV3', 'assertividade': {'precision': 0.8698179986182968, 'accuracy': 0.8603, 'recall': 0.8603}, 'custo': {'mtp': 24371444, 'tpi': 0.005547596390839595, 'ms': 92.96968078613281}, 'solution': {'lr': 0.006503685863975264, 'model_index': 3}}, {'model_name': 'MobileNetV2', 'assertividade': {'precision': 0.6952846098809776, 'accuracy': 0.6799, 'recall': 0.6799000000000001}, 'custo': {'mtp': 2236682, 'tpi': 0.002634264101648027, 'ms': 8.532264709472656}, 'solution': {'lr': 0.006451332726154935, 'model_index': 1}}, {'model_name': 'EfficientNetB0', 'assertividade': {'precision': 0.05315194466843289, 'accuracy': 0.1371, 'recall': 0.1371}, 'custo': {'mtp': 4020358, 'tpi': 0.004043345238752426, 'ms': 15.336448669433594}, 'solution': {'lr': 0.006462692723446212, 'model_index': 0}}, {'model_name': 'VGG16', 'assertividade': {'precision': 0.035603438593459755, 'accuracy': 0.101, 'recall': 0.101}, 'custo': {'mtp': 134309962, 'tpi': 0.0010741334052602196, 'ms': 512.3518447875977}, 'solution': {'lr': 0.006105196024538004, 'model_index': 4}}, {'model_name': 'VGG16', 'assertividade': {'precision': 0.01, 'accuracy': 0.1, 'recall': 0.1}, 'custo': {'mtp': 134309962, 'tpi': 0.001185572071439901, 'ms': 512.3518447875977}, 'solution': {'lr': 0.005878443865063257, 'model_index': 4}}, {'model_name': 'InceptionV3', 'assertividade': {'precision': 0.8442797368090256, 'accuracy': 0.8424, 'recall': 0.8423999999999999}, 'custo': {'mtp': 24371444, 'tpi': 0.005463994992007116, 'ms': 92.96968078613281}, 'solution': {'lr': 0.005638140049519019, 'model_index': 3}}, {'model_name': 'MobileNetV2', 'assertividade': {'precision': 0.7529173332552663, 'accuracy': 0.7472, 'recall': 0.7472}, 'custo': {'mtp': 2236682, 'tpi': 0.002584711001936797, 'ms': 8.532264709472656}, 'solution': {'lr': 0.005125342560045348, 'model_index': 1}}]
maximos_a:  [0.9003294748121103, 0.8979, 0.8978999999999999]
minimos_a:  [0.0, 0.0, 0.0]
maximos_c (fixos do aquecimento):  [134309962, 0.01336536556482315, 512.3518447875977]
minimos_c (fixos do aquecimento):  [2236682, 0.0026650354266166687, 8.532264709472656]
🔹 A (Assertividade Normalizada):  0.8351630392271159
🔹 C (Custo Normalizado):  1.0
🔹 S (Score OACE):  0.9175815196135579
Resultado do OACE por Iteração:  {'model_name': 'MobileNetV2', 'A': 0.8351630392271159, 'C': 1.0, 'Score': 0.9175815196135579, 'solution': {'lr': 0.005125342560045348, 'model_index': 1}}
✅ Checkpoint salvo na Rodada 2, Iteração 75.
▶️ Iteration 76/150 (Round 2): model 0 e lr 0.004806745735259634
🔀 Random Seed Atual: 625
Epoch: 1 	Training Loss: 1.410508 	Validation Loss: 0.399663
Epoch: 2 	Training Loss: 1.634461 	Validation Loss: 0.499817
Epoch: 3 	Training Loss: 1.691116 	Validation Loss: 0.471775
Epoch: 4 	Training Loss: 1.821520 	Validation Loss: 0.575480
Epoch: 5 	Training Loss: 1.716944 	Validation Loss: 0.421419
Epoch: 6 	Training Loss: 1.742997 	Validation Loss: 0.457606
Early stopping after 6 epochs due to no improvement.

🔎 INICIANDO A AVALIAÇÃO DO OACE PARA ITERAÇÃO ATUAL
iteration_metrics:  {'model_name': 'EfficientNetB0', 'assertividade': {'precision': 0.0853012013078647, 'accuracy': 0.1353, 'recall': 0.13529999999999998}, 'custo': {'mtp': 4020358, 'tpi': 0.003957494808610078, 'ms': 15.336448669433594}, 'solution': {'lr': 0.004806745735259634, 'model_index': 0}}
accumulated_metrics:  [{'model_name': 'ResNet50', 'assertividade': {'precision': 0.8009218038002924, 'accuracy': 0.7939, 'recall': 0.7939}, 'custo': {'mtp': 23528522, 'tpi': 0.0028181349395946334, 'ms': 89.75418853759766}, 'solution': {'lr': 0.009411558605875382, 'model_index': 2}}, {'model_name': 'ResNet50', 'assertividade': {'precision': 0.7962583353880739, 'accuracy': 0.7912, 'recall': 0.7911999999999999}, 'custo': {'mtp': 23528522, 'tpi': 0.002786674317280958, 'ms': 89.75418853759766}, 'solution': {'lr': 0.01, 'model_index': 2}}, {'model_name': 'VGG16', 'assertividade': {'precision': 0.030910310200151316, 'accuracy': 0.1105, 'recall': 0.1105}, 'custo': {'mtp': 134309962, 'tpi': 0.0010961787715838972, 'ms': 512.3518447875977}, 'solution': {'lr': 0.009385339374622393, 'model_index': 4}}, {'model_name': 'ResNet50', 'assertividade': {'precision': 0.8262079001982474, 'accuracy': 0.8253, 'recall': 0.8253}, 'custo': {'mtp': 23528522, 'tpi': 0.002792718304190666, 'ms': 89.75418853759766}, 'solution': {'lr': 0.009200032538958128, 'model_index': 2}}, {'model_name': 'VGG16', 'assertividade': {'precision': 0.0697968749117569, 'accuracy': 0.1064, 'recall': 0.10640000000000001}, 'custo': {'mtp': 134309962, 'tpi': 0.0011415466381486054, 'ms': 512.3518447875977}, 'solution': {'lr': 0.008583254241427335, 'model_index': 4}}, {'model_name': 'InceptionV3', 'assertividade': {'precision': 0.8578975991702025, 'accuracy': 0.8557, 'recall': 0.8557}, 'custo': {'mtp': 24371444, 'tpi': 0.0054015171755651, 'ms': 92.96968078613281}, 'solution': {'lr': 0.007834984027862186, 'model_index': 3}}, {'model_name': 'VGG16', 'assertividade': {'precision': 0.04583784143018542, 'accuracy': 0.1016, 'recall': 0.1016}, 'custo': {'mtp': 134309962, 'tpi': 0.0011684135266929675, 'ms': 512.3518447875977}, 'solution': {'lr': 0.007321352609678986, 'model_index': 4}}, {'model_name': 'EfficientNetB0', 'assertividade': {'precision': 0.06798022166375269, 'accuracy': 0.1117, 'recall': 0.1117}, 'custo': {'mtp': 4020358, 'tpi': 0.003945086412369066, 'ms': 15.336448669433594}, 'solution': {'lr': 0.007665691294348975, 'model_index': 0}}, {'model_name': 'EfficientNetB0', 'assertividade': {'precision': 0.10281109219470826, 'accuracy': 0.172, 'recall': 0.17200000000000001}, 'custo': {'mtp': 4020358, 'tpi': 0.003598513876556591, 'ms': 15.336448669433594}, 'solution': {'lr': 0.007968809670981293, 'model_index': 0}}, {'model_name': 'MobileNetV2', 'assertividade': {'precision': 0.6786094694926865, 'accuracy': 0.671, 'recall': 0.671}, 'custo': {'mtp': 2236682, 'tpi': 0.0024538495738035556, 'ms': 8.532264709472656}, 'solution': {'lr': 0.007381222478438391, 'model_index': 1}}, {'model_name': 'ResNet50', 'assertividade': {'precision': 0.7942024962942702, 'accuracy': 0.7927, 'recall': 0.7927000000000001}, 'custo': {'mtp': 23528522, 'tpi': 0.003041410142449057, 'ms': 89.75418853759766}, 'solution': {'lr': 0.00757298478728058, 'model_index': 2}}, {'model_name': 'ResNet50', 'assertividade': {'precision': 0.8042431437870426, 'accuracy': 0.7964, 'recall': 0.7964}, 'custo': {'mtp': 23528522, 'tpi': 0.002942202197518318, 'ms': 89.75418853759766}, 'solution': {'lr': 0.007489412234523299, 'model_index': 2}}, {'model_name': 'ResNet50', 'assertividade': {'precision': 0.8077341729274735, 'accuracy': 0.8035, 'recall': 0.8035}, 'custo': {'mtp': 23528522, 'tpi': 0.0030761661043592317, 'ms': 89.75418853759766}, 'solution': {'lr': 0.007554773556347464, 'model_index': 2}}, {'model_name': 'MobileNetV2', 'assertividade': {'precision': 0.6847048463203063, 'accuracy': 0.6648, 'recall': 0.6648000000000001}, 'custo': {'mtp': 2236682, 'tpi': 0.0025336985375471175, 'ms': 8.532264709472656}, 'solution': {'lr': 0.008046419612519723, 'model_index': 1}}, {'model_name': 'EfficientNetB0', 'assertividade': {'precision': 0.1248386893874192, 'accuracy': 0.1237, 'recall': 0.1237}, 'custo': {'mtp': 4020358, 'tpi': 0.003957789415007185, 'ms': 15.336448669433594}, 'solution': {'lr': 0.007687934293544706, 'model_index': 0}}, {'model_name': 'VGG16', 'assertividade': {'precision': 0.01, 'accuracy': 0.1, 'recall': 0.1}, 'custo': {'mtp': 134309962, 'tpi': 0.0011613247500863045, 'ms': 512.3518447875977}, 'solution': {'lr': 0.007309453931443001, 'model_index': 4}}, {'model_name': 'EfficientNetB0', 'assertividade': {'precision': 0.13136600218048108, 'accuracy': 0.1511, 'recall': 0.1511}, 'custo': {'mtp': 4020358, 'tpi': 0.004022663565957622, 'ms': 15.336448669433594}, 'solution': {'lr': 0.00691632082118639, 'model_index': 0}}, {'model_name': 'InceptionV3', 'assertividade': {'precision': 0.8712609687057101, 'accuracy': 0.8697, 'recall': 0.8696999999999999}, 'custo': {'mtp': 24371444, 'tpi': 0.005143475380672771, 'ms': 92.96968078613281}, 'solution': {'lr': 0.006261602283322618, 'model_index': 3}}, {'model_name': 'InceptionV3', 'assertividade': {'precision': 0.8698179986182968, 'accuracy': 0.8603, 'recall': 0.8603}, 'custo': {'mtp': 24371444, 'tpi': 0.005547596390839595, 'ms': 92.96968078613281}, 'solution': {'lr': 0.006503685863975264, 'model_index': 3}}, {'model_name': 'MobileNetV2', 'assertividade': {'precision': 0.6952846098809776, 'accuracy': 0.6799, 'recall': 0.6799000000000001}, 'custo': {'mtp': 2236682, 'tpi': 0.002634264101648027, 'ms': 8.532264709472656}, 'solution': {'lr': 0.006451332726154935, 'model_index': 1}}, {'model_name': 'EfficientNetB0', 'assertividade': {'precision': 0.05315194466843289, 'accuracy': 0.1371, 'recall': 0.1371}, 'custo': {'mtp': 4020358, 'tpi': 0.004043345238752426, 'ms': 15.336448669433594}, 'solution': {'lr': 0.006462692723446212, 'model_index': 0}}, {'model_name': 'VGG16', 'assertividade': {'precision': 0.035603438593459755, 'accuracy': 0.101, 'recall': 0.101}, 'custo': {'mtp': 134309962, 'tpi': 0.0010741334052602196, 'ms': 512.3518447875977}, 'solution': {'lr': 0.006105196024538004, 'model_index': 4}}, {'model_name': 'VGG16', 'assertividade': {'precision': 0.01, 'accuracy': 0.1, 'recall': 0.1}, 'custo': {'mtp': 134309962, 'tpi': 0.001185572071439901, 'ms': 512.3518447875977}, 'solution': {'lr': 0.005878443865063257, 'model_index': 4}}, {'model_name': 'InceptionV3', 'assertividade': {'precision': 0.8442797368090256, 'accuracy': 0.8424, 'recall': 0.8423999999999999}, 'custo': {'mtp': 24371444, 'tpi': 0.005463994992007116, 'ms': 92.96968078613281}, 'solution': {'lr': 0.005638140049519019, 'model_index': 3}}, {'model_name': 'MobileNetV2', 'assertividade': {'precision': 0.7529173332552663, 'accuracy': 0.7472, 'recall': 0.7472}, 'custo': {'mtp': 2236682, 'tpi': 0.002584711001936797, 'ms': 8.532264709472656}, 'solution': {'lr': 0.005125342560045348, 'model_index': 1}}, {'model_name': 'EfficientNetB0', 'assertividade': {'precision': 0.0853012013078647, 'accuracy': 0.1353, 'recall': 0.13529999999999998}, 'custo': {'mtp': 4020358, 'tpi': 0.003957494808610078, 'ms': 15.336448669433594}, 'solution': {'lr': 0.004806745735259634, 'model_index': 0}}]
maximos_a:  [0.9003294748121103, 0.8979, 0.8978999999999999]
minimos_a:  [0.0, 0.0, 0.0]
maximos_c (fixos do aquecimento):  [134309962, 0.01336536556482315, 512.3518447875977]
minimos_c (fixos do aquecimento):  [2236682, 0.0026650354266166687, 8.532264709472656]
🔹 A (Assertividade Normalizada):  0.10981230087287862
🔹 C (Custo Normalizado):  0.9662835671288947
🔹 S (Score OACE):  0.5380479340008867
Resultado do OACE por Iteração:  {'model_name': 'EfficientNetB0', 'A': 0.10981230087287862, 'C': 0.9662835671288947, 'Score': 0.5380479340008867, 'solution': {'lr': 0.004806745735259634, 'model_index': 0}}
▶️ Iteration 77/150 (Round 2): model 2 e lr 0.005285534690351972
🔀 Random Seed Atual: 626
Epoch: 1 	Training Loss: 1.865654 	Validation Loss: 0.376362
Epoch: 2 	Training Loss: 1.370239 	Validation Loss: 0.326541
Epoch: 3 	Training Loss: 1.221259 	Validation Loss: 0.299261
Epoch: 4 	Training Loss: 1.131346 	Validation Loss: 0.278018
Epoch: 5 	Training Loss: 1.045947 	Validation Loss: 0.276352
Epoch: 6 	Training Loss: 0.928618 	Validation Loss: 0.268796
Epoch: 7 	Training Loss: 0.893696 	Validation Loss: 0.244388
Epoch: 8 	Training Loss: 0.839493 	Validation Loss: 0.227329
Epoch: 9 	Training Loss: 0.769474 	Validation Loss: 0.186554
Epoch: 10 	Training Loss: 0.749007 	Validation Loss: 0.192448
Epoch: 11 	Training Loss: 0.741184 	Validation Loss: 0.184960
Epoch: 12 	Training Loss: 0.683643 	Validation Loss: 0.193221
Epoch: 13 	Training Loss: 0.641019 	Validation Loss: 0.158027
Epoch: 14 	Training Loss: 0.613023 	Validation Loss: 0.172712
Epoch: 15 	Training Loss: 0.576398 	Validation Loss: 0.161418
Epoch: 16 	Training Loss: 0.570702 	Validation Loss: 0.172667
Epoch: 17 	Training Loss: 0.556205 	Validation Loss: 0.156910
Epoch: 18 	Training Loss: 0.510857 	Validation Loss: 0.142471
Epoch: 19 	Training Loss: 0.493733 	Validation Loss: 0.159481
Epoch: 20 	Training Loss: 0.474417 	Validation Loss: 0.137623
Epoch: 21 	Training Loss: 0.449490 	Validation Loss: 0.144812
Epoch: 22 	Training Loss: 0.436445 	Validation Loss: 0.130814
Epoch: 23 	Training Loss: 0.413477 	Validation Loss: 0.124944
Epoch: 24 	Training Loss: 0.413956 	Validation Loss: 0.123903
Epoch: 25 	Training Loss: 0.401679 	Validation Loss: 0.156768
Epoch: 26 	Training Loss: 0.385420 	Validation Loss: 0.124475
Epoch: 27 	Training Loss: 0.364574 	Validation Loss: 0.144979
Epoch: 28 	Training Loss: 0.353973 	Validation Loss: 0.129215
Epoch: 29 	Training Loss: 0.353092 	Validation Loss: 0.110875
Epoch: 30 	Training Loss: 0.337416 	Validation Loss: 0.120855

🔎 INICIANDO A AVALIAÇÃO DO OACE PARA ITERAÇÃO ATUAL
iteration_metrics:  {'model_name': 'ResNet50', 'assertividade': {'precision': 0.8077068585230256, 'accuracy': 0.8034, 'recall': 0.8034000000000001}, 'custo': {'mtp': 23528522, 'tpi': 0.0031378922189117236, 'ms': 89.75418853759766}, 'solution': {'lr': 0.005285534690351972, 'model_index': 2}}
accumulated_metrics:  [{'model_name': 'ResNet50', 'assertividade': {'precision': 0.8009218038002924, 'accuracy': 0.7939, 'recall': 0.7939}, 'custo': {'mtp': 23528522, 'tpi': 0.0028181349395946334, 'ms': 89.75418853759766}, 'solution': {'lr': 0.009411558605875382, 'model_index': 2}}, {'model_name': 'ResNet50', 'assertividade': {'precision': 0.7962583353880739, 'accuracy': 0.7912, 'recall': 0.7911999999999999}, 'custo': {'mtp': 23528522, 'tpi': 0.002786674317280958, 'ms': 89.75418853759766}, 'solution': {'lr': 0.01, 'model_index': 2}}, {'model_name': 'VGG16', 'assertividade': {'precision': 0.030910310200151316, 'accuracy': 0.1105, 'recall': 0.1105}, 'custo': {'mtp': 134309962, 'tpi': 0.0010961787715838972, 'ms': 512.3518447875977}, 'solution': {'lr': 0.009385339374622393, 'model_index': 4}}, {'model_name': 'ResNet50', 'assertividade': {'precision': 0.8262079001982474, 'accuracy': 0.8253, 'recall': 0.8253}, 'custo': {'mtp': 23528522, 'tpi': 0.002792718304190666, 'ms': 89.75418853759766}, 'solution': {'lr': 0.009200032538958128, 'model_index': 2}}, {'model_name': 'VGG16', 'assertividade': {'precision': 0.0697968749117569, 'accuracy': 0.1064, 'recall': 0.10640000000000001}, 'custo': {'mtp': 134309962, 'tpi': 0.0011415466381486054, 'ms': 512.3518447875977}, 'solution': {'lr': 0.008583254241427335, 'model_index': 4}}, {'model_name': 'InceptionV3', 'assertividade': {'precision': 0.8578975991702025, 'accuracy': 0.8557, 'recall': 0.8557}, 'custo': {'mtp': 24371444, 'tpi': 0.0054015171755651, 'ms': 92.96968078613281}, 'solution': {'lr': 0.007834984027862186, 'model_index': 3}}, {'model_name': 'VGG16', 'assertividade': {'precision': 0.04583784143018542, 'accuracy': 0.1016, 'recall': 0.1016}, 'custo': {'mtp': 134309962, 'tpi': 0.0011684135266929675, 'ms': 512.3518447875977}, 'solution': {'lr': 0.007321352609678986, 'model_index': 4}}, {'model_name': 'EfficientNetB0', 'assertividade': {'precision': 0.06798022166375269, 'accuracy': 0.1117, 'recall': 0.1117}, 'custo': {'mtp': 4020358, 'tpi': 0.003945086412369066, 'ms': 15.336448669433594}, 'solution': {'lr': 0.007665691294348975, 'model_index': 0}}, {'model_name': 'EfficientNetB0', 'assertividade': {'precision': 0.10281109219470826, 'accuracy': 0.172, 'recall': 0.17200000000000001}, 'custo': {'mtp': 4020358, 'tpi': 0.003598513876556591, 'ms': 15.336448669433594}, 'solution': {'lr': 0.007968809670981293, 'model_index': 0}}, {'model_name': 'MobileNetV2', 'assertividade': {'precision': 0.6786094694926865, 'accuracy': 0.671, 'recall': 0.671}, 'custo': {'mtp': 2236682, 'tpi': 0.0024538495738035556, 'ms': 8.532264709472656}, 'solution': {'lr': 0.007381222478438391, 'model_index': 1}}, {'model_name': 'ResNet50', 'assertividade': {'precision': 0.7942024962942702, 'accuracy': 0.7927, 'recall': 0.7927000000000001}, 'custo': {'mtp': 23528522, 'tpi': 0.003041410142449057, 'ms': 89.75418853759766}, 'solution': {'lr': 0.00757298478728058, 'model_index': 2}}, {'model_name': 'ResNet50', 'assertividade': {'precision': 0.8042431437870426, 'accuracy': 0.7964, 'recall': 0.7964}, 'custo': {'mtp': 23528522, 'tpi': 0.002942202197518318, 'ms': 89.75418853759766}, 'solution': {'lr': 0.007489412234523299, 'model_index': 2}}, {'model_name': 'ResNet50', 'assertividade': {'precision': 0.8077341729274735, 'accuracy': 0.8035, 'recall': 0.8035}, 'custo': {'mtp': 23528522, 'tpi': 0.0030761661043592317, 'ms': 89.75418853759766}, 'solution': {'lr': 0.007554773556347464, 'model_index': 2}}, {'model_name': 'MobileNetV2', 'assertividade': {'precision': 0.6847048463203063, 'accuracy': 0.6648, 'recall': 0.6648000000000001}, 'custo': {'mtp': 2236682, 'tpi': 0.0025336985375471175, 'ms': 8.532264709472656}, 'solution': {'lr': 0.008046419612519723, 'model_index': 1}}, {'model_name': 'EfficientNetB0', 'assertividade': {'precision': 0.1248386893874192, 'accuracy': 0.1237, 'recall': 0.1237}, 'custo': {'mtp': 4020358, 'tpi': 0.003957789415007185, 'ms': 15.336448669433594}, 'solution': {'lr': 0.007687934293544706, 'model_index': 0}}, {'model_name': 'VGG16', 'assertividade': {'precision': 0.01, 'accuracy': 0.1, 'recall': 0.1}, 'custo': {'mtp': 134309962, 'tpi': 0.0011613247500863045, 'ms': 512.3518447875977}, 'solution': {'lr': 0.007309453931443001, 'model_index': 4}}, {'model_name': 'EfficientNetB0', 'assertividade': {'precision': 0.13136600218048108, 'accuracy': 0.1511, 'recall': 0.1511}, 'custo': {'mtp': 4020358, 'tpi': 0.004022663565957622, 'ms': 15.336448669433594}, 'solution': {'lr': 0.00691632082118639, 'model_index': 0}}, {'model_name': 'InceptionV3', 'assertividade': {'precision': 0.8712609687057101, 'accuracy': 0.8697, 'recall': 0.8696999999999999}, 'custo': {'mtp': 24371444, 'tpi': 0.005143475380672771, 'ms': 92.96968078613281}, 'solution': {'lr': 0.006261602283322618, 'model_index': 3}}, {'model_name': 'InceptionV3', 'assertividade': {'precision': 0.8698179986182968, 'accuracy': 0.8603, 'recall': 0.8603}, 'custo': {'mtp': 24371444, 'tpi': 0.005547596390839595, 'ms': 92.96968078613281}, 'solution': {'lr': 0.006503685863975264, 'model_index': 3}}, {'model_name': 'MobileNetV2', 'assertividade': {'precision': 0.6952846098809776, 'accuracy': 0.6799, 'recall': 0.6799000000000001}, 'custo': {'mtp': 2236682, 'tpi': 0.002634264101648027, 'ms': 8.532264709472656}, 'solution': {'lr': 0.006451332726154935, 'model_index': 1}}, {'model_name': 'EfficientNetB0', 'assertividade': {'precision': 0.05315194466843289, 'accuracy': 0.1371, 'recall': 0.1371}, 'custo': {'mtp': 4020358, 'tpi': 0.004043345238752426, 'ms': 15.336448669433594}, 'solution': {'lr': 0.006462692723446212, 'model_index': 0}}, {'model_name': 'VGG16', 'assertividade': {'precision': 0.035603438593459755, 'accuracy': 0.101, 'recall': 0.101}, 'custo': {'mtp': 134309962, 'tpi': 0.0010741334052602196, 'ms': 512.3518447875977}, 'solution': {'lr': 0.006105196024538004, 'model_index': 4}}, {'model_name': 'VGG16', 'assertividade': {'precision': 0.01, 'accuracy': 0.1, 'recall': 0.1}, 'custo': {'mtp': 134309962, 'tpi': 0.001185572071439901, 'ms': 512.3518447875977}, 'solution': {'lr': 0.005878443865063257, 'model_index': 4}}, {'model_name': 'InceptionV3', 'assertividade': {'precision': 0.8442797368090256, 'accuracy': 0.8424, 'recall': 0.8423999999999999}, 'custo': {'mtp': 24371444, 'tpi': 0.005463994992007116, 'ms': 92.96968078613281}, 'solution': {'lr': 0.005638140049519019, 'model_index': 3}}, {'model_name': 'MobileNetV2', 'assertividade': {'precision': 0.7529173332552663, 'accuracy': 0.7472, 'recall': 0.7472}, 'custo': {'mtp': 2236682, 'tpi': 0.002584711001936797, 'ms': 8.532264709472656}, 'solution': {'lr': 0.005125342560045348, 'model_index': 1}}, {'model_name': 'EfficientNetB0', 'assertividade': {'precision': 0.0853012013078647, 'accuracy': 0.1353, 'recall': 0.13529999999999998}, 'custo': {'mtp': 4020358, 'tpi': 0.003957494808610078, 'ms': 15.336448669433594}, 'solution': {'lr': 0.004806745735259634, 'model_index': 0}}, {'model_name': 'ResNet50', 'assertividade': {'precision': 0.8077068585230256, 'accuracy': 0.8034, 'recall': 0.8034000000000001}, 'custo': {'mtp': 23528522, 'tpi': 0.0031378922189117236, 'ms': 89.75418853759766}, 'solution': {'lr': 0.005285534690351972, 'model_index': 2}}]
maximos_a:  [0.9003294748121103, 0.8979, 0.8978999999999999]
minimos_a:  [0.0, 0.0, 0.0]
maximos_c (fixos do aquecimento):  [134309962, 0.01336536556482315, 512.3518447875977]
minimos_c (fixos do aquecimento):  [2236682, 0.0026650354266166687, 8.532264709472656]
🔹 A (Assertividade Normalizada):  0.8964854821902278
🔹 C (Custo Normalizado):  0.8608338314781672
🔹 S (Score OACE):  0.8786596568341976
Resultado do OACE por Iteração:  {'model_name': 'ResNet50', 'A': 0.8964854821902278, 'C': 0.8608338314781672, 'Score': 0.8786596568341976, 'solution': {'lr': 0.005285534690351972, 'model_index': 2}}
▶️ Iteration 78/150 (Round 2): model 0 e lr 0.005143324100179946
🔀 Random Seed Atual: 627
Epoch: 1 	Training Loss: 1.425710 	Validation Loss: 0.481137
Epoch: 2 	Training Loss: 1.758637 	Validation Loss: 0.461503
Epoch: 3 	Training Loss: 1.739732 	Validation Loss: 0.442910
Epoch: 4 	Training Loss: 1.748784 	Validation Loss: 0.434873
Epoch: 5 	Training Loss: 1.776374 	Validation Loss: 0.430383
Epoch: 6 	Training Loss: 1.720246 	Validation Loss: 0.410157
Epoch: 7 	Training Loss: 1.800165 	Validation Loss: 0.467996
Epoch: 8 	Training Loss: 1.847428 	Validation Loss: 0.462874
Epoch: 9 	Training Loss: 1.751047 	Validation Loss: 0.476379
Epoch: 10 	Training Loss: 1.810522 	Validation Loss: 0.421417
Epoch: 11 	Training Loss: 1.828695 	Validation Loss: 0.458634
Early stopping after 11 epochs due to no improvement.

🔎 INICIANDO A AVALIAÇÃO DO OACE PARA ITERAÇÃO ATUAL
iteration_metrics:  {'model_name': 'EfficientNetB0', 'assertividade': {'precision': 0.09191782894674771, 'accuracy': 0.115, 'recall': 0.11500000000000002}, 'custo': {'mtp': 4020358, 'tpi': 0.0039758500020215465, 'ms': 15.336448669433594}, 'solution': {'lr': 0.005143324100179946, 'model_index': 0}}
accumulated_metrics:  [{'model_name': 'ResNet50', 'assertividade': {'precision': 0.8009218038002924, 'accuracy': 0.7939, 'recall': 0.7939}, 'custo': {'mtp': 23528522, 'tpi': 0.0028181349395946334, 'ms': 89.75418853759766}, 'solution': {'lr': 0.009411558605875382, 'model_index': 2}}, {'model_name': 'ResNet50', 'assertividade': {'precision': 0.7962583353880739, 'accuracy': 0.7912, 'recall': 0.7911999999999999}, 'custo': {'mtp': 23528522, 'tpi': 0.002786674317280958, 'ms': 89.75418853759766}, 'solution': {'lr': 0.01, 'model_index': 2}}, {'model_name': 'VGG16', 'assertividade': {'precision': 0.030910310200151316, 'accuracy': 0.1105, 'recall': 0.1105}, 'custo': {'mtp': 134309962, 'tpi': 0.0010961787715838972, 'ms': 512.3518447875977}, 'solution': {'lr': 0.009385339374622393, 'model_index': 4}}, {'model_name': 'ResNet50', 'assertividade': {'precision': 0.8262079001982474, 'accuracy': 0.8253, 'recall': 0.8253}, 'custo': {'mtp': 23528522, 'tpi': 0.002792718304190666, 'ms': 89.75418853759766}, 'solution': {'lr': 0.009200032538958128, 'model_index': 2}}, {'model_name': 'VGG16', 'assertividade': {'precision': 0.0697968749117569, 'accuracy': 0.1064, 'recall': 0.10640000000000001}, 'custo': {'mtp': 134309962, 'tpi': 0.0011415466381486054, 'ms': 512.3518447875977}, 'solution': {'lr': 0.008583254241427335, 'model_index': 4}}, {'model_name': 'InceptionV3', 'assertividade': {'precision': 0.8578975991702025, 'accuracy': 0.8557, 'recall': 0.8557}, 'custo': {'mtp': 24371444, 'tpi': 0.0054015171755651, 'ms': 92.96968078613281}, 'solution': {'lr': 0.007834984027862186, 'model_index': 3}}, {'model_name': 'VGG16', 'assertividade': {'precision': 0.04583784143018542, 'accuracy': 0.1016, 'recall': 0.1016}, 'custo': {'mtp': 134309962, 'tpi': 0.0011684135266929675, 'ms': 512.3518447875977}, 'solution': {'lr': 0.007321352609678986, 'model_index': 4}}, {'model_name': 'EfficientNetB0', 'assertividade': {'precision': 0.06798022166375269, 'accuracy': 0.1117, 'recall': 0.1117}, 'custo': {'mtp': 4020358, 'tpi': 0.003945086412369066, 'ms': 15.336448669433594}, 'solution': {'lr': 0.007665691294348975, 'model_index': 0}}, {'model_name': 'EfficientNetB0', 'assertividade': {'precision': 0.10281109219470826, 'accuracy': 0.172, 'recall': 0.17200000000000001}, 'custo': {'mtp': 4020358, 'tpi': 0.003598513876556591, 'ms': 15.336448669433594}, 'solution': {'lr': 0.007968809670981293, 'model_index': 0}}, {'model_name': 'MobileNetV2', 'assertividade': {'precision': 0.6786094694926865, 'accuracy': 0.671, 'recall': 0.671}, 'custo': {'mtp': 2236682, 'tpi': 0.0024538495738035556, 'ms': 8.532264709472656}, 'solution': {'lr': 0.007381222478438391, 'model_index': 1}}, {'model_name': 'ResNet50', 'assertividade': {'precision': 0.7942024962942702, 'accuracy': 0.7927, 'recall': 0.7927000000000001}, 'custo': {'mtp': 23528522, 'tpi': 0.003041410142449057, 'ms': 89.75418853759766}, 'solution': {'lr': 0.00757298478728058, 'model_index': 2}}, {'model_name': 'ResNet50', 'assertividade': {'precision': 0.8042431437870426, 'accuracy': 0.7964, 'recall': 0.7964}, 'custo': {'mtp': 23528522, 'tpi': 0.002942202197518318, 'ms': 89.75418853759766}, 'solution': {'lr': 0.007489412234523299, 'model_index': 2}}, {'model_name': 'ResNet50', 'assertividade': {'precision': 0.8077341729274735, 'accuracy': 0.8035, 'recall': 0.8035}, 'custo': {'mtp': 23528522, 'tpi': 0.0030761661043592317, 'ms': 89.75418853759766}, 'solution': {'lr': 0.007554773556347464, 'model_index': 2}}, {'model_name': 'MobileNetV2', 'assertividade': {'precision': 0.6847048463203063, 'accuracy': 0.6648, 'recall': 0.6648000000000001}, 'custo': {'mtp': 2236682, 'tpi': 0.0025336985375471175, 'ms': 8.532264709472656}, 'solution': {'lr': 0.008046419612519723, 'model_index': 1}}, {'model_name': 'EfficientNetB0', 'assertividade': {'precision': 0.1248386893874192, 'accuracy': 0.1237, 'recall': 0.1237}, 'custo': {'mtp': 4020358, 'tpi': 0.003957789415007185, 'ms': 15.336448669433594}, 'solution': {'lr': 0.007687934293544706, 'model_index': 0}}, {'model_name': 'VGG16', 'assertividade': {'precision': 0.01, 'accuracy': 0.1, 'recall': 0.1}, 'custo': {'mtp': 134309962, 'tpi': 0.0011613247500863045, 'ms': 512.3518447875977}, 'solution': {'lr': 0.007309453931443001, 'model_index': 4}}, {'model_name': 'EfficientNetB0', 'assertividade': {'precision': 0.13136600218048108, 'accuracy': 0.1511, 'recall': 0.1511}, 'custo': {'mtp': 4020358, 'tpi': 0.004022663565957622, 'ms': 15.336448669433594}, 'solution': {'lr': 0.00691632082118639, 'model_index': 0}}, {'model_name': 'InceptionV3', 'assertividade': {'precision': 0.8712609687057101, 'accuracy': 0.8697, 'recall': 0.8696999999999999}, 'custo': {'mtp': 24371444, 'tpi': 0.005143475380672771, 'ms': 92.96968078613281}, 'solution': {'lr': 0.006261602283322618, 'model_index': 3}}, {'model_name': 'InceptionV3', 'assertividade': {'precision': 0.8698179986182968, 'accuracy': 0.8603, 'recall': 0.8603}, 'custo': {'mtp': 24371444, 'tpi': 0.005547596390839595, 'ms': 92.96968078613281}, 'solution': {'lr': 0.006503685863975264, 'model_index': 3}}, {'model_name': 'MobileNetV2', 'assertividade': {'precision': 0.6952846098809776, 'accuracy': 0.6799, 'recall': 0.6799000000000001}, 'custo': {'mtp': 2236682, 'tpi': 0.002634264101648027, 'ms': 8.532264709472656}, 'solution': {'lr': 0.006451332726154935, 'model_index': 1}}, {'model_name': 'EfficientNetB0', 'assertividade': {'precision': 0.05315194466843289, 'accuracy': 0.1371, 'recall': 0.1371}, 'custo': {'mtp': 4020358, 'tpi': 0.004043345238752426, 'ms': 15.336448669433594}, 'solution': {'lr': 0.006462692723446212, 'model_index': 0}}, {'model_name': 'VGG16', 'assertividade': {'precision': 0.035603438593459755, 'accuracy': 0.101, 'recall': 0.101}, 'custo': {'mtp': 134309962, 'tpi': 0.0010741334052602196, 'ms': 512.3518447875977}, 'solution': {'lr': 0.006105196024538004, 'model_index': 4}}, {'model_name': 'VGG16', 'assertividade': {'precision': 0.01, 'accuracy': 0.1, 'recall': 0.1}, 'custo': {'mtp': 134309962, 'tpi': 0.001185572071439901, 'ms': 512.3518447875977}, 'solution': {'lr': 0.005878443865063257, 'model_index': 4}}, {'model_name': 'InceptionV3', 'assertividade': {'precision': 0.8442797368090256, 'accuracy': 0.8424, 'recall': 0.8423999999999999}, 'custo': {'mtp': 24371444, 'tpi': 0.005463994992007116, 'ms': 92.96968078613281}, 'solution': {'lr': 0.005638140049519019, 'model_index': 3}}, {'model_name': 'MobileNetV2', 'assertividade': {'precision': 0.7529173332552663, 'accuracy': 0.7472, 'recall': 0.7472}, 'custo': {'mtp': 2236682, 'tpi': 0.002584711001936797, 'ms': 8.532264709472656}, 'solution': {'lr': 0.005125342560045348, 'model_index': 1}}, {'model_name': 'EfficientNetB0', 'assertividade': {'precision': 0.0853012013078647, 'accuracy': 0.1353, 'recall': 0.13529999999999998}, 'custo': {'mtp': 4020358, 'tpi': 0.003957494808610078, 'ms': 15.336448669433594}, 'solution': {'lr': 0.004806745735259634, 'model_index': 0}}, {'model_name': 'ResNet50', 'assertividade': {'precision': 0.8077068585230256, 'accuracy': 0.8034, 'recall': 0.8034000000000001}, 'custo': {'mtp': 23528522, 'tpi': 0.0031378922189117236, 'ms': 89.75418853759766}, 'solution': {'lr': 0.005285534690351972, 'model_index': 2}}, {'model_name': 'EfficientNetB0', 'assertividade': {'precision': 0.09191782894674771, 'accuracy': 0.115, 'recall': 0.11500000000000002}, 'custo': {'mtp': 4020358, 'tpi': 0.0039758500020215465, 'ms': 15.336448669433594}, 'solution': {'lr': 0.005143324100179946, 'model_index': 0}}]
maximos_a:  [0.9003294748121103, 0.8979, 0.8978999999999999]
minimos_a:  [0.0, 0.0, 0.0]
maximos_c (fixos do aquecimento):  [134309962, 0.01336536556482315, 512.3518447875977]
minimos_c (fixos do aquecimento):  [2236682, 0.0026650354266166687, 8.532264709472656]
🔹 A (Assertividade Normalizada):  0.10909222654615987
🔹 C (Custo Normalizado):  0.9659603985876697
🔹 S (Score OACE):  0.5375263125669147
Resultado do OACE por Iteração:  {'model_name': 'EfficientNetB0', 'A': 0.10909222654615987, 'C': 0.9659603985876697, 'Score': 0.5375263125669147, 'solution': {'lr': 0.005143324100179946, 'model_index': 0}}
▶️ Iteration 79/150 (Round 2): model 4 e lr 0.005584700524162901
🔀 Random Seed Atual: 628
Epoch: 1 	Training Loss: 2.280739 	Validation Loss: 0.459860
Epoch: 2 	Training Loss: 2.282696 	Validation Loss: 0.489479
Epoch: 3 	Training Loss: 1.819823 	Validation Loss: 0.455787
Epoch: 4 	Training Loss: 1.783818 	Validation Loss: 0.433380
Epoch: 5 	Training Loss: 1.925275 	Validation Loss: 0.470558
Epoch: 6 	Training Loss: 1.819564 	Validation Loss: 0.459292
Epoch: 7 	Training Loss: 1.801021 	Validation Loss: 0.445697
Epoch: 8 	Training Loss: 1.772722 	Validation Loss: 0.440176
Epoch: 9 	Training Loss: 10.771262 	Validation Loss: 0.465705
Early stopping after 9 epochs due to no improvement.

🔎 INICIANDO A AVALIAÇÃO DO OACE PARA ITERAÇÃO ATUAL
iteration_metrics:  {'model_name': 'VGG16', 'assertividade': {'precision': 0.030796762332266848, 'accuracy': 0.1015, 'recall': 0.10149999999999999}, 'custo': {'mtp': 134309962, 'tpi': 0.0010828121452574517, 'ms': 512.3518447875977}, 'solution': {'lr': 0.005584700524162901, 'model_index': 4}}
accumulated_metrics:  [{'model_name': 'ResNet50', 'assertividade': {'precision': 0.8009218038002924, 'accuracy': 0.7939, 'recall': 0.7939}, 'custo': {'mtp': 23528522, 'tpi': 0.0028181349395946334, 'ms': 89.75418853759766}, 'solution': {'lr': 0.009411558605875382, 'model_index': 2}}, {'model_name': 'ResNet50', 'assertividade': {'precision': 0.7962583353880739, 'accuracy': 0.7912, 'recall': 0.7911999999999999}, 'custo': {'mtp': 23528522, 'tpi': 0.002786674317280958, 'ms': 89.75418853759766}, 'solution': {'lr': 0.01, 'model_index': 2}}, {'model_name': 'VGG16', 'assertividade': {'precision': 0.030910310200151316, 'accuracy': 0.1105, 'recall': 0.1105}, 'custo': {'mtp': 134309962, 'tpi': 0.0010961787715838972, 'ms': 512.3518447875977}, 'solution': {'lr': 0.009385339374622393, 'model_index': 4}}, {'model_name': 'ResNet50', 'assertividade': {'precision': 0.8262079001982474, 'accuracy': 0.8253, 'recall': 0.8253}, 'custo': {'mtp': 23528522, 'tpi': 0.002792718304190666, 'ms': 89.75418853759766}, 'solution': {'lr': 0.009200032538958128, 'model_index': 2}}, {'model_name': 'VGG16', 'assertividade': {'precision': 0.0697968749117569, 'accuracy': 0.1064, 'recall': 0.10640000000000001}, 'custo': {'mtp': 134309962, 'tpi': 0.0011415466381486054, 'ms': 512.3518447875977}, 'solution': {'lr': 0.008583254241427335, 'model_index': 4}}, {'model_name': 'InceptionV3', 'assertividade': {'precision': 0.8578975991702025, 'accuracy': 0.8557, 'recall': 0.8557}, 'custo': {'mtp': 24371444, 'tpi': 0.0054015171755651, 'ms': 92.96968078613281}, 'solution': {'lr': 0.007834984027862186, 'model_index': 3}}, {'model_name': 'VGG16', 'assertividade': {'precision': 0.04583784143018542, 'accuracy': 0.1016, 'recall': 0.1016}, 'custo': {'mtp': 134309962, 'tpi': 0.0011684135266929675, 'ms': 512.3518447875977}, 'solution': {'lr': 0.007321352609678986, 'model_index': 4}}, {'model_name': 'EfficientNetB0', 'assertividade': {'precision': 0.06798022166375269, 'accuracy': 0.1117, 'recall': 0.1117}, 'custo': {'mtp': 4020358, 'tpi': 0.003945086412369066, 'ms': 15.336448669433594}, 'solution': {'lr': 0.007665691294348975, 'model_index': 0}}, {'model_name': 'EfficientNetB0', 'assertividade': {'precision': 0.10281109219470826, 'accuracy': 0.172, 'recall': 0.17200000000000001}, 'custo': {'mtp': 4020358, 'tpi': 0.003598513876556591, 'ms': 15.336448669433594}, 'solution': {'lr': 0.007968809670981293, 'model_index': 0}}, {'model_name': 'MobileNetV2', 'assertividade': {'precision': 0.6786094694926865, 'accuracy': 0.671, 'recall': 0.671}, 'custo': {'mtp': 2236682, 'tpi': 0.0024538495738035556, 'ms': 8.532264709472656}, 'solution': {'lr': 0.007381222478438391, 'model_index': 1}}, {'model_name': 'ResNet50', 'assertividade': {'precision': 0.7942024962942702, 'accuracy': 0.7927, 'recall': 0.7927000000000001}, 'custo': {'mtp': 23528522, 'tpi': 0.003041410142449057, 'ms': 89.75418853759766}, 'solution': {'lr': 0.00757298478728058, 'model_index': 2}}, {'model_name': 'ResNet50', 'assertividade': {'precision': 0.8042431437870426, 'accuracy': 0.7964, 'recall': 0.7964}, 'custo': {'mtp': 23528522, 'tpi': 0.002942202197518318, 'ms': 89.75418853759766}, 'solution': {'lr': 0.007489412234523299, 'model_index': 2}}, {'model_name': 'ResNet50', 'assertividade': {'precision': 0.8077341729274735, 'accuracy': 0.8035, 'recall': 0.8035}, 'custo': {'mtp': 23528522, 'tpi': 0.0030761661043592317, 'ms': 89.75418853759766}, 'solution': {'lr': 0.007554773556347464, 'model_index': 2}}, {'model_name': 'MobileNetV2', 'assertividade': {'precision': 0.6847048463203063, 'accuracy': 0.6648, 'recall': 0.6648000000000001}, 'custo': {'mtp': 2236682, 'tpi': 0.0025336985375471175, 'ms': 8.532264709472656}, 'solution': {'lr': 0.008046419612519723, 'model_index': 1}}, {'model_name': 'EfficientNetB0', 'assertividade': {'precision': 0.1248386893874192, 'accuracy': 0.1237, 'recall': 0.1237}, 'custo': {'mtp': 4020358, 'tpi': 0.003957789415007185, 'ms': 15.336448669433594}, 'solution': {'lr': 0.007687934293544706, 'model_index': 0}}, {'model_name': 'VGG16', 'assertividade': {'precision': 0.01, 'accuracy': 0.1, 'recall': 0.1}, 'custo': {'mtp': 134309962, 'tpi': 0.0011613247500863045, 'ms': 512.3518447875977}, 'solution': {'lr': 0.007309453931443001, 'model_index': 4}}, {'model_name': 'EfficientNetB0', 'assertividade': {'precision': 0.13136600218048108, 'accuracy': 0.1511, 'recall': 0.1511}, 'custo': {'mtp': 4020358, 'tpi': 0.004022663565957622, 'ms': 15.336448669433594}, 'solution': {'lr': 0.00691632082118639, 'model_index': 0}}, {'model_name': 'InceptionV3', 'assertividade': {'precision': 0.8712609687057101, 'accuracy': 0.8697, 'recall': 0.8696999999999999}, 'custo': {'mtp': 24371444, 'tpi': 0.005143475380672771, 'ms': 92.96968078613281}, 'solution': {'lr': 0.006261602283322618, 'model_index': 3}}, {'model_name': 'InceptionV3', 'assertividade': {'precision': 0.8698179986182968, 'accuracy': 0.8603, 'recall': 0.8603}, 'custo': {'mtp': 24371444, 'tpi': 0.005547596390839595, 'ms': 92.96968078613281}, 'solution': {'lr': 0.006503685863975264, 'model_index': 3}}, {'model_name': 'MobileNetV2', 'assertividade': {'precision': 0.6952846098809776, 'accuracy': 0.6799, 'recall': 0.6799000000000001}, 'custo': {'mtp': 2236682, 'tpi': 0.002634264101648027, 'ms': 8.532264709472656}, 'solution': {'lr': 0.006451332726154935, 'model_index': 1}}, {'model_name': 'EfficientNetB0', 'assertividade': {'precision': 0.05315194466843289, 'accuracy': 0.1371, 'recall': 0.1371}, 'custo': {'mtp': 4020358, 'tpi': 0.004043345238752426, 'ms': 15.336448669433594}, 'solution': {'lr': 0.006462692723446212, 'model_index': 0}}, {'model_name': 'VGG16', 'assertividade': {'precision': 0.035603438593459755, 'accuracy': 0.101, 'recall': 0.101}, 'custo': {'mtp': 134309962, 'tpi': 0.0010741334052602196, 'ms': 512.3518447875977}, 'solution': {'lr': 0.006105196024538004, 'model_index': 4}}, {'model_name': 'VGG16', 'assertividade': {'precision': 0.01, 'accuracy': 0.1, 'recall': 0.1}, 'custo': {'mtp': 134309962, 'tpi': 0.001185572071439901, 'ms': 512.3518447875977}, 'solution': {'lr': 0.005878443865063257, 'model_index': 4}}, {'model_name': 'InceptionV3', 'assertividade': {'precision': 0.8442797368090256, 'accuracy': 0.8424, 'recall': 0.8423999999999999}, 'custo': {'mtp': 24371444, 'tpi': 0.005463994992007116, 'ms': 92.96968078613281}, 'solution': {'lr': 0.005638140049519019, 'model_index': 3}}, {'model_name': 'MobileNetV2', 'assertividade': {'precision': 0.7529173332552663, 'accuracy': 0.7472, 'recall': 0.7472}, 'custo': {'mtp': 2236682, 'tpi': 0.002584711001936797, 'ms': 8.532264709472656}, 'solution': {'lr': 0.005125342560045348, 'model_index': 1}}, {'model_name': 'EfficientNetB0', 'assertividade': {'precision': 0.0853012013078647, 'accuracy': 0.1353, 'recall': 0.13529999999999998}, 'custo': {'mtp': 4020358, 'tpi': 0.003957494808610078, 'ms': 15.336448669433594}, 'solution': {'lr': 0.004806745735259634, 'model_index': 0}}, {'model_name': 'ResNet50', 'assertividade': {'precision': 0.8077068585230256, 'accuracy': 0.8034, 'recall': 0.8034000000000001}, 'custo': {'mtp': 23528522, 'tpi': 0.0031378922189117236, 'ms': 89.75418853759766}, 'solution': {'lr': 0.005285534690351972, 'model_index': 2}}, {'model_name': 'EfficientNetB0', 'assertividade': {'precision': 0.09191782894674771, 'accuracy': 0.115, 'recall': 0.11500000000000002}, 'custo': {'mtp': 4020358, 'tpi': 0.0039758500020215465, 'ms': 15.336448669433594}, 'solution': {'lr': 0.005143324100179946, 'model_index': 0}}, {'model_name': 'VGG16', 'assertividade': {'precision': 0.030796762332266848, 'accuracy': 0.1015, 'recall': 0.10149999999999999}, 'custo': {'mtp': 134309962, 'tpi': 0.0010828121452574517, 'ms': 512.3518447875977}, 'solution': {'lr': 0.005584700524162901, 'model_index': 4}}]
maximos_a:  [0.9003294748121103, 0.8979, 0.8978999999999999]
minimos_a:  [0.0, 0.0, 0.0]
maximos_c (fixos do aquecimento):  [134309962, 0.01336536556482315, 512.3518447875977]
minimos_c (fixos do aquecimento):  [2236682, 0.0026650354266166687, 8.532264709472656]
🔹 A (Assertividade Normalizada):  0.055440848073220916
🔹 C (Custo Normalizado):  0.1883940966391198
🔹 S (Score OACE):  0.12191747235617036
Resultado do OACE por Iteração:  {'model_name': 'VGG16', 'A': 0.055440848073220916, 'C': 0.1883940966391198, 'Score': 0.12191747235617036, 'solution': {'lr': 0.005584700524162901, 'model_index': 4}}
▶️ Iteration 80/150 (Round 2): model 0 e lr 0.006006869250016379
🔀 Random Seed Atual: 629
Epoch: 1 	Training Loss: 1.657135 	Validation Loss: 0.428358
Epoch: 2 	Training Loss: 1.805357 	Validation Loss: 0.428841
Epoch: 3 	Training Loss: 1.714327 	Validation Loss: 0.421595
Epoch: 4 	Training Loss: 1.765623 	Validation Loss: 0.430994
Epoch: 5 	Training Loss: 1.812696 	Validation Loss: 0.460987
Epoch: 6 	Training Loss: 1.886561 	Validation Loss: 0.461020
Epoch: 7 	Training Loss: 1.801402 	Validation Loss: 0.535184
Epoch: 8 	Training Loss: 1.772403 	Validation Loss: 0.475889
Early stopping after 8 epochs due to no improvement.

🔎 INICIANDO A AVALIAÇÃO DO OACE PARA ITERAÇÃO ATUAL
iteration_metrics:  {'model_name': 'EfficientNetB0', 'assertividade': {'precision': 0.0978445901869881, 'accuracy': 0.1778, 'recall': 0.1778}, 'custo': {'mtp': 4020358, 'tpi': 0.0036647836114190946, 'ms': 15.336448669433594}, 'solution': {'lr': 0.006006869250016379, 'model_index': 0}}
accumulated_metrics:  [{'model_name': 'ResNet50', 'assertividade': {'precision': 0.8009218038002924, 'accuracy': 0.7939, 'recall': 0.7939}, 'custo': {'mtp': 23528522, 'tpi': 0.0028181349395946334, 'ms': 89.75418853759766}, 'solution': {'lr': 0.009411558605875382, 'model_index': 2}}, {'model_name': 'ResNet50', 'assertividade': {'precision': 0.7962583353880739, 'accuracy': 0.7912, 'recall': 0.7911999999999999}, 'custo': {'mtp': 23528522, 'tpi': 0.002786674317280958, 'ms': 89.75418853759766}, 'solution': {'lr': 0.01, 'model_index': 2}}, {'model_name': 'VGG16', 'assertividade': {'precision': 0.030910310200151316, 'accuracy': 0.1105, 'recall': 0.1105}, 'custo': {'mtp': 134309962, 'tpi': 0.0010961787715838972, 'ms': 512.3518447875977}, 'solution': {'lr': 0.009385339374622393, 'model_index': 4}}, {'model_name': 'ResNet50', 'assertividade': {'precision': 0.8262079001982474, 'accuracy': 0.8253, 'recall': 0.8253}, 'custo': {'mtp': 23528522, 'tpi': 0.002792718304190666, 'ms': 89.75418853759766}, 'solution': {'lr': 0.009200032538958128, 'model_index': 2}}, {'model_name': 'VGG16', 'assertividade': {'precision': 0.0697968749117569, 'accuracy': 0.1064, 'recall': 0.10640000000000001}, 'custo': {'mtp': 134309962, 'tpi': 0.0011415466381486054, 'ms': 512.3518447875977}, 'solution': {'lr': 0.008583254241427335, 'model_index': 4}}, {'model_name': 'InceptionV3', 'assertividade': {'precision': 0.8578975991702025, 'accuracy': 0.8557, 'recall': 0.8557}, 'custo': {'mtp': 24371444, 'tpi': 0.0054015171755651, 'ms': 92.96968078613281}, 'solution': {'lr': 0.007834984027862186, 'model_index': 3}}, {'model_name': 'VGG16', 'assertividade': {'precision': 0.04583784143018542, 'accuracy': 0.1016, 'recall': 0.1016}, 'custo': {'mtp': 134309962, 'tpi': 0.0011684135266929675, 'ms': 512.3518447875977}, 'solution': {'lr': 0.007321352609678986, 'model_index': 4}}, {'model_name': 'EfficientNetB0', 'assertividade': {'precision': 0.06798022166375269, 'accuracy': 0.1117, 'recall': 0.1117}, 'custo': {'mtp': 4020358, 'tpi': 0.003945086412369066, 'ms': 15.336448669433594}, 'solution': {'lr': 0.007665691294348975, 'model_index': 0}}, {'model_name': 'EfficientNetB0', 'assertividade': {'precision': 0.10281109219470826, 'accuracy': 0.172, 'recall': 0.17200000000000001}, 'custo': {'mtp': 4020358, 'tpi': 0.003598513876556591, 'ms': 15.336448669433594}, 'solution': {'lr': 0.007968809670981293, 'model_index': 0}}, {'model_name': 'MobileNetV2', 'assertividade': {'precision': 0.6786094694926865, 'accuracy': 0.671, 'recall': 0.671}, 'custo': {'mtp': 2236682, 'tpi': 0.0024538495738035556, 'ms': 8.532264709472656}, 'solution': {'lr': 0.007381222478438391, 'model_index': 1}}, {'model_name': 'ResNet50', 'assertividade': {'precision': 0.7942024962942702, 'accuracy': 0.7927, 'recall': 0.7927000000000001}, 'custo': {'mtp': 23528522, 'tpi': 0.003041410142449057, 'ms': 89.75418853759766}, 'solution': {'lr': 0.00757298478728058, 'model_index': 2}}, {'model_name': 'ResNet50', 'assertividade': {'precision': 0.8042431437870426, 'accuracy': 0.7964, 'recall': 0.7964}, 'custo': {'mtp': 23528522, 'tpi': 0.002942202197518318, 'ms': 89.75418853759766}, 'solution': {'lr': 0.007489412234523299, 'model_index': 2}}, {'model_name': 'ResNet50', 'assertividade': {'precision': 0.8077341729274735, 'accuracy': 0.8035, 'recall': 0.8035}, 'custo': {'mtp': 23528522, 'tpi': 0.0030761661043592317, 'ms': 89.75418853759766}, 'solution': {'lr': 0.007554773556347464, 'model_index': 2}}, {'model_name': 'MobileNetV2', 'assertividade': {'precision': 0.6847048463203063, 'accuracy': 0.6648, 'recall': 0.6648000000000001}, 'custo': {'mtp': 2236682, 'tpi': 0.0025336985375471175, 'ms': 8.532264709472656}, 'solution': {'lr': 0.008046419612519723, 'model_index': 1}}, {'model_name': 'EfficientNetB0', 'assertividade': {'precision': 0.1248386893874192, 'accuracy': 0.1237, 'recall': 0.1237}, 'custo': {'mtp': 4020358, 'tpi': 0.003957789415007185, 'ms': 15.336448669433594}, 'solution': {'lr': 0.007687934293544706, 'model_index': 0}}, {'model_name': 'VGG16', 'assertividade': {'precision': 0.01, 'accuracy': 0.1, 'recall': 0.1}, 'custo': {'mtp': 134309962, 'tpi': 0.0011613247500863045, 'ms': 512.3518447875977}, 'solution': {'lr': 0.007309453931443001, 'model_index': 4}}, {'model_name': 'EfficientNetB0', 'assertividade': {'precision': 0.13136600218048108, 'accuracy': 0.1511, 'recall': 0.1511}, 'custo': {'mtp': 4020358, 'tpi': 0.004022663565957622, 'ms': 15.336448669433594}, 'solution': {'lr': 0.00691632082118639, 'model_index': 0}}, {'model_name': 'InceptionV3', 'assertividade': {'precision': 0.8712609687057101, 'accuracy': 0.8697, 'recall': 0.8696999999999999}, 'custo': {'mtp': 24371444, 'tpi': 0.005143475380672771, 'ms': 92.96968078613281}, 'solution': {'lr': 0.006261602283322618, 'model_index': 3}}, {'model_name': 'InceptionV3', 'assertividade': {'precision': 0.8698179986182968, 'accuracy': 0.8603, 'recall': 0.8603}, 'custo': {'mtp': 24371444, 'tpi': 0.005547596390839595, 'ms': 92.96968078613281}, 'solution': {'lr': 0.006503685863975264, 'model_index': 3}}, {'model_name': 'MobileNetV2', 'assertividade': {'precision': 0.6952846098809776, 'accuracy': 0.6799, 'recall': 0.6799000000000001}, 'custo': {'mtp': 2236682, 'tpi': 0.002634264101648027, 'ms': 8.532264709472656}, 'solution': {'lr': 0.006451332726154935, 'model_index': 1}}, {'model_name': 'EfficientNetB0', 'assertividade': {'precision': 0.05315194466843289, 'accuracy': 0.1371, 'recall': 0.1371}, 'custo': {'mtp': 4020358, 'tpi': 0.004043345238752426, 'ms': 15.336448669433594}, 'solution': {'lr': 0.006462692723446212, 'model_index': 0}}, {'model_name': 'VGG16', 'assertividade': {'precision': 0.035603438593459755, 'accuracy': 0.101, 'recall': 0.101}, 'custo': {'mtp': 134309962, 'tpi': 0.0010741334052602196, 'ms': 512.3518447875977}, 'solution': {'lr': 0.006105196024538004, 'model_index': 4}}, {'model_name': 'VGG16', 'assertividade': {'precision': 0.01, 'accuracy': 0.1, 'recall': 0.1}, 'custo': {'mtp': 134309962, 'tpi': 0.001185572071439901, 'ms': 512.3518447875977}, 'solution': {'lr': 0.005878443865063257, 'model_index': 4}}, {'model_name': 'InceptionV3', 'assertividade': {'precision': 0.8442797368090256, 'accuracy': 0.8424, 'recall': 0.8423999999999999}, 'custo': {'mtp': 24371444, 'tpi': 0.005463994992007116, 'ms': 92.96968078613281}, 'solution': {'lr': 0.005638140049519019, 'model_index': 3}}, {'model_name': 'MobileNetV2', 'assertividade': {'precision': 0.7529173332552663, 'accuracy': 0.7472, 'recall': 0.7472}, 'custo': {'mtp': 2236682, 'tpi': 0.002584711001936797, 'ms': 8.532264709472656}, 'solution': {'lr': 0.005125342560045348, 'model_index': 1}}, {'model_name': 'EfficientNetB0', 'assertividade': {'precision': 0.0853012013078647, 'accuracy': 0.1353, 'recall': 0.13529999999999998}, 'custo': {'mtp': 4020358, 'tpi': 0.003957494808610078, 'ms': 15.336448669433594}, 'solution': {'lr': 0.004806745735259634, 'model_index': 0}}, {'model_name': 'ResNet50', 'assertividade': {'precision': 0.8077068585230256, 'accuracy': 0.8034, 'recall': 0.8034000000000001}, 'custo': {'mtp': 23528522, 'tpi': 0.0031378922189117236, 'ms': 89.75418853759766}, 'solution': {'lr': 0.005285534690351972, 'model_index': 2}}, {'model_name': 'EfficientNetB0', 'assertividade': {'precision': 0.09191782894674771, 'accuracy': 0.115, 'recall': 0.11500000000000002}, 'custo': {'mtp': 4020358, 'tpi': 0.0039758500020215465, 'ms': 15.336448669433594}, 'solution': {'lr': 0.005143324100179946, 'model_index': 0}}, {'model_name': 'VGG16', 'assertividade': {'precision': 0.030796762332266848, 'accuracy': 0.1015, 'recall': 0.10149999999999999}, 'custo': {'mtp': 134309962, 'tpi': 0.0010828121452574517, 'ms': 512.3518447875977}, 'solution': {'lr': 0.005584700524162901, 'model_index': 4}}, {'model_name': 'EfficientNetB0', 'assertividade': {'precision': 0.0978445901869881, 'accuracy': 0.1778, 'recall': 0.1778}, 'custo': {'mtp': 4020358, 'tpi': 0.0036647836114190946, 'ms': 15.336448669433594}, 'solution': {'lr': 0.006006869250016379, 'model_index': 0}}]
maximos_a:  [0.9003294748121103, 0.8979, 0.8978999999999999]
minimos_a:  [0.0, 0.0, 0.0]
maximos_c (fixos do aquecimento):  [134309962, 0.01336536556482315, 512.3518447875977]
minimos_c (fixos do aquecimento):  [2236682, 0.0026650354266166687, 8.532264709472656]
🔹 A (Assertividade Normalizada):  0.13274094689276483
🔹 C (Custo Normalizado):  0.9714371521920369
🔹 S (Score OACE):  0.5520890495424009
Resultado do OACE por Iteração:  {'model_name': 'EfficientNetB0', 'A': 0.13274094689276483, 'C': 0.9714371521920369, 'Score': 0.5520890495424009, 'solution': {'lr': 0.006006869250016379, 'model_index': 0}}
✅ Checkpoint salvo na Rodada 2, Iteração 80.
▶️ Iteration 81/150 (Round 2): model 3 e lr 0.005471030904306576
🔀 Random Seed Atual: 630
Epoch: 1 	Training Loss: 1.852582 	Validation Loss: 0.452859
Epoch: 2 	Training Loss: 1.512887 	Validation Loss: 0.352896
Epoch: 3 	Training Loss: 1.276044 	Validation Loss: 0.315823
Epoch: 4 	Training Loss: 1.022033 	Validation Loss: 0.242731
Epoch: 5 	Training Loss: 0.823785 	Validation Loss: 0.202811
Epoch: 6 	Training Loss: 0.696649 	Validation Loss: 0.160023
Epoch: 7 	Training Loss: 0.595583 	Validation Loss: 0.155086
Epoch: 8 	Training Loss: 0.514765 	Validation Loss: 0.130278
Epoch: 9 	Training Loss: 0.458003 	Validation Loss: 0.112064
Epoch: 10 	Training Loss: 0.412656 	Validation Loss: 0.111647
Epoch: 11 	Training Loss: 0.375299 	Validation Loss: 0.102857
Epoch: 12 	Training Loss: 0.339347 	Validation Loss: 0.106694
Epoch: 13 	Training Loss: 0.306619 	Validation Loss: 0.105438
Epoch: 14 	Training Loss: 0.277894 	Validation Loss: 0.095586
Epoch: 15 	Training Loss: 0.252620 	Validation Loss: 0.106848
Epoch: 16 	Training Loss: 0.225912 	Validation Loss: 0.108431
Epoch: 17 	Training Loss: 0.205563 	Validation Loss: 0.094305
Epoch: 18 	Training Loss: 0.187433 	Validation Loss: 0.091030
Epoch: 19 	Training Loss: 0.171544 	Validation Loss: 0.100550
Epoch: 20 	Training Loss: 0.155274 	Validation Loss: 0.090169
Epoch: 21 	Training Loss: 0.142940 	Validation Loss: 0.096953
Epoch: 22 	Training Loss: 0.130532 	Validation Loss: 0.095298
Epoch: 23 	Training Loss: 0.121631 	Validation Loss: 0.097334
Epoch: 24 	Training Loss: 0.112703 	Validation Loss: 0.107870
Epoch: 25 	Training Loss: 0.102438 	Validation Loss: 0.106762
Early stopping after 25 epochs due to no improvement.

🔎 INICIANDO A AVALIAÇÃO DO OACE PARA ITERAÇÃO ATUAL
iteration_metrics:  {'model_name': 'InceptionV3', 'assertividade': {'precision': 0.8667078400644556, 'accuracy': 0.8595, 'recall': 0.8594999999999999}, 'custo': {'mtp': 24371444, 'tpi': 0.00538752185311287, 'ms': 92.96968078613281}, 'solution': {'lr': 0.005471030904306576, 'model_index': 3}}
accumulated_metrics:  [{'model_name': 'ResNet50', 'assertividade': {'precision': 0.8009218038002924, 'accuracy': 0.7939, 'recall': 0.7939}, 'custo': {'mtp': 23528522, 'tpi': 0.0028181349395946334, 'ms': 89.75418853759766}, 'solution': {'lr': 0.009411558605875382, 'model_index': 2}}, {'model_name': 'ResNet50', 'assertividade': {'precision': 0.7962583353880739, 'accuracy': 0.7912, 'recall': 0.7911999999999999}, 'custo': {'mtp': 23528522, 'tpi': 0.002786674317280958, 'ms': 89.75418853759766}, 'solution': {'lr': 0.01, 'model_index': 2}}, {'model_name': 'VGG16', 'assertividade': {'precision': 0.030910310200151316, 'accuracy': 0.1105, 'recall': 0.1105}, 'custo': {'mtp': 134309962, 'tpi': 0.0010961787715838972, 'ms': 512.3518447875977}, 'solution': {'lr': 0.009385339374622393, 'model_index': 4}}, {'model_name': 'ResNet50', 'assertividade': {'precision': 0.8262079001982474, 'accuracy': 0.8253, 'recall': 0.8253}, 'custo': {'mtp': 23528522, 'tpi': 0.002792718304190666, 'ms': 89.75418853759766}, 'solution': {'lr': 0.009200032538958128, 'model_index': 2}}, {'model_name': 'VGG16', 'assertividade': {'precision': 0.0697968749117569, 'accuracy': 0.1064, 'recall': 0.10640000000000001}, 'custo': {'mtp': 134309962, 'tpi': 0.0011415466381486054, 'ms': 512.3518447875977}, 'solution': {'lr': 0.008583254241427335, 'model_index': 4}}, {'model_name': 'InceptionV3', 'assertividade': {'precision': 0.8578975991702025, 'accuracy': 0.8557, 'recall': 0.8557}, 'custo': {'mtp': 24371444, 'tpi': 0.0054015171755651, 'ms': 92.96968078613281}, 'solution': {'lr': 0.007834984027862186, 'model_index': 3}}, {'model_name': 'VGG16', 'assertividade': {'precision': 0.04583784143018542, 'accuracy': 0.1016, 'recall': 0.1016}, 'custo': {'mtp': 134309962, 'tpi': 0.0011684135266929675, 'ms': 512.3518447875977}, 'solution': {'lr': 0.007321352609678986, 'model_index': 4}}, {'model_name': 'EfficientNetB0', 'assertividade': {'precision': 0.06798022166375269, 'accuracy': 0.1117, 'recall': 0.1117}, 'custo': {'mtp': 4020358, 'tpi': 0.003945086412369066, 'ms': 15.336448669433594}, 'solution': {'lr': 0.007665691294348975, 'model_index': 0}}, {'model_name': 'EfficientNetB0', 'assertividade': {'precision': 0.10281109219470826, 'accuracy': 0.172, 'recall': 0.17200000000000001}, 'custo': {'mtp': 4020358, 'tpi': 0.003598513876556591, 'ms': 15.336448669433594}, 'solution': {'lr': 0.007968809670981293, 'model_index': 0}}, {'model_name': 'MobileNetV2', 'assertividade': {'precision': 0.6786094694926865, 'accuracy': 0.671, 'recall': 0.671}, 'custo': {'mtp': 2236682, 'tpi': 0.0024538495738035556, 'ms': 8.532264709472656}, 'solution': {'lr': 0.007381222478438391, 'model_index': 1}}, {'model_name': 'ResNet50', 'assertividade': {'precision': 0.7942024962942702, 'accuracy': 0.7927, 'recall': 0.7927000000000001}, 'custo': {'mtp': 23528522, 'tpi': 0.003041410142449057, 'ms': 89.75418853759766}, 'solution': {'lr': 0.00757298478728058, 'model_index': 2}}, {'model_name': 'ResNet50', 'assertividade': {'precision': 0.8042431437870426, 'accuracy': 0.7964, 'recall': 0.7964}, 'custo': {'mtp': 23528522, 'tpi': 0.002942202197518318, 'ms': 89.75418853759766}, 'solution': {'lr': 0.007489412234523299, 'model_index': 2}}, {'model_name': 'ResNet50', 'assertividade': {'precision': 0.8077341729274735, 'accuracy': 0.8035, 'recall': 0.8035}, 'custo': {'mtp': 23528522, 'tpi': 0.0030761661043592317, 'ms': 89.75418853759766}, 'solution': {'lr': 0.007554773556347464, 'model_index': 2}}, {'model_name': 'MobileNetV2', 'assertividade': {'precision': 0.6847048463203063, 'accuracy': 0.6648, 'recall': 0.6648000000000001}, 'custo': {'mtp': 2236682, 'tpi': 0.0025336985375471175, 'ms': 8.532264709472656}, 'solution': {'lr': 0.008046419612519723, 'model_index': 1}}, {'model_name': 'EfficientNetB0', 'assertividade': {'precision': 0.1248386893874192, 'accuracy': 0.1237, 'recall': 0.1237}, 'custo': {'mtp': 4020358, 'tpi': 0.003957789415007185, 'ms': 15.336448669433594}, 'solution': {'lr': 0.007687934293544706, 'model_index': 0}}, {'model_name': 'VGG16', 'assertividade': {'precision': 0.01, 'accuracy': 0.1, 'recall': 0.1}, 'custo': {'mtp': 134309962, 'tpi': 0.0011613247500863045, 'ms': 512.3518447875977}, 'solution': {'lr': 0.007309453931443001, 'model_index': 4}}, {'model_name': 'EfficientNetB0', 'assertividade': {'precision': 0.13136600218048108, 'accuracy': 0.1511, 'recall': 0.1511}, 'custo': {'mtp': 4020358, 'tpi': 0.004022663565957622, 'ms': 15.336448669433594}, 'solution': {'lr': 0.00691632082118639, 'model_index': 0}}, {'model_name': 'InceptionV3', 'assertividade': {'precision': 0.8712609687057101, 'accuracy': 0.8697, 'recall': 0.8696999999999999}, 'custo': {'mtp': 24371444, 'tpi': 0.005143475380672771, 'ms': 92.96968078613281}, 'solution': {'lr': 0.006261602283322618, 'model_index': 3}}, {'model_name': 'InceptionV3', 'assertividade': {'precision': 0.8698179986182968, 'accuracy': 0.8603, 'recall': 0.8603}, 'custo': {'mtp': 24371444, 'tpi': 0.005547596390839595, 'ms': 92.96968078613281}, 'solution': {'lr': 0.006503685863975264, 'model_index': 3}}, {'model_name': 'MobileNetV2', 'assertividade': {'precision': 0.6952846098809776, 'accuracy': 0.6799, 'recall': 0.6799000000000001}, 'custo': {'mtp': 2236682, 'tpi': 0.002634264101648027, 'ms': 8.532264709472656}, 'solution': {'lr': 0.006451332726154935, 'model_index': 1}}, {'model_name': 'EfficientNetB0', 'assertividade': {'precision': 0.05315194466843289, 'accuracy': 0.1371, 'recall': 0.1371}, 'custo': {'mtp': 4020358, 'tpi': 0.004043345238752426, 'ms': 15.336448669433594}, 'solution': {'lr': 0.006462692723446212, 'model_index': 0}}, {'model_name': 'VGG16', 'assertividade': {'precision': 0.035603438593459755, 'accuracy': 0.101, 'recall': 0.101}, 'custo': {'mtp': 134309962, 'tpi': 0.0010741334052602196, 'ms': 512.3518447875977}, 'solution': {'lr': 0.006105196024538004, 'model_index': 4}}, {'model_name': 'VGG16', 'assertividade': {'precision': 0.01, 'accuracy': 0.1, 'recall': 0.1}, 'custo': {'mtp': 134309962, 'tpi': 0.001185572071439901, 'ms': 512.3518447875977}, 'solution': {'lr': 0.005878443865063257, 'model_index': 4}}, {'model_name': 'InceptionV3', 'assertividade': {'precision': 0.8442797368090256, 'accuracy': 0.8424, 'recall': 0.8423999999999999}, 'custo': {'mtp': 24371444, 'tpi': 0.005463994992007116, 'ms': 92.96968078613281}, 'solution': {'lr': 0.005638140049519019, 'model_index': 3}}, {'model_name': 'MobileNetV2', 'assertividade': {'precision': 0.7529173332552663, 'accuracy': 0.7472, 'recall': 0.7472}, 'custo': {'mtp': 2236682, 'tpi': 0.002584711001936797, 'ms': 8.532264709472656}, 'solution': {'lr': 0.005125342560045348, 'model_index': 1}}, {'model_name': 'EfficientNetB0', 'assertividade': {'precision': 0.0853012013078647, 'accuracy': 0.1353, 'recall': 0.13529999999999998}, 'custo': {'mtp': 4020358, 'tpi': 0.003957494808610078, 'ms': 15.336448669433594}, 'solution': {'lr': 0.004806745735259634, 'model_index': 0}}, {'model_name': 'ResNet50', 'assertividade': {'precision': 0.8077068585230256, 'accuracy': 0.8034, 'recall': 0.8034000000000001}, 'custo': {'mtp': 23528522, 'tpi': 0.0031378922189117236, 'ms': 89.75418853759766}, 'solution': {'lr': 0.005285534690351972, 'model_index': 2}}, {'model_name': 'EfficientNetB0', 'assertividade': {'precision': 0.09191782894674771, 'accuracy': 0.115, 'recall': 0.11500000000000002}, 'custo': {'mtp': 4020358, 'tpi': 0.0039758500020215465, 'ms': 15.336448669433594}, 'solution': {'lr': 0.005143324100179946, 'model_index': 0}}, {'model_name': 'VGG16', 'assertividade': {'precision': 0.030796762332266848, 'accuracy': 0.1015, 'recall': 0.10149999999999999}, 'custo': {'mtp': 134309962, 'tpi': 0.0010828121452574517, 'ms': 512.3518447875977}, 'solution': {'lr': 0.005584700524162901, 'model_index': 4}}, {'model_name': 'EfficientNetB0', 'assertividade': {'precision': 0.0978445901869881, 'accuracy': 0.1778, 'recall': 0.1778}, 'custo': {'mtp': 4020358, 'tpi': 0.0036647836114190946, 'ms': 15.336448669433594}, 'solution': {'lr': 0.006006869250016379, 'model_index': 0}}, {'model_name': 'InceptionV3', 'assertividade': {'precision': 0.8667078400644556, 'accuracy': 0.8595, 'recall': 0.8594999999999999}, 'custo': {'mtp': 24371444, 'tpi': 0.00538752185311287, 'ms': 92.96968078613281}, 'solution': {'lr': 0.005471030904306576, 'model_index': 3}}]
maximos_a:  [0.9003294748121103, 0.8979, 0.8978999999999999]
minimos_a:  [0.0, 0.0, 0.0]
maximos_c (fixos do aquecimento):  [134309962, 0.01336536556482315, 512.3518447875977]
minimos_c (fixos do aquecimento):  [2236682, 0.0026650354266166687, 8.532264709472656]
🔹 A (Assertividade Normalizada):  0.9611956512660784
🔹 C (Custo Normalizado):  0.8160461382352534
🔹 S (Score OACE):  0.888620894750666
Resultado do OACE por Iteração:  {'model_name': 'InceptionV3', 'A': 0.9611956512660784, 'C': 0.8160461382352534, 'Score': 0.888620894750666, 'solution': {'lr': 0.005471030904306576, 'model_index': 3}}
▶️ Iteration 82/150 (Round 2): model 1 e lr 0.006011609738684428
🔀 Random Seed Atual: 631
Epoch: 1 	Training Loss: 2.007308 	Validation Loss: 0.456869
Epoch: 2 	Training Loss: 1.853106 	Validation Loss: 0.447624
Epoch: 3 	Training Loss: 1.814378 	Validation Loss: 0.437123
Epoch: 4 	Training Loss: 1.647246 	Validation Loss: 0.400402
Epoch: 5 	Training Loss: 1.534855 	Validation Loss: 0.362875
Epoch: 6 	Training Loss: 1.469948 	Validation Loss: 0.347362
Epoch: 7 	Training Loss: 1.353777 	Validation Loss: 0.348138
Epoch: 8 	Training Loss: 1.289068 	Validation Loss: 0.609115
Epoch: 9 	Training Loss: 1.233855 	Validation Loss: 0.288544
Epoch: 10 	Training Loss: 1.151531 	Validation Loss: 0.276994
Epoch: 11 	Training Loss: 1.090246 	Validation Loss: 0.261296
Epoch: 12 	Training Loss: 1.031895 	Validation Loss: 0.258823
Epoch: 13 	Training Loss: 1.140967 	Validation Loss: 0.269723
Epoch: 14 	Training Loss: 1.014728 	Validation Loss: 0.246774
Epoch: 15 	Training Loss: 0.956289 	Validation Loss: 0.228379
Epoch: 16 	Training Loss: 0.921235 	Validation Loss: 0.220914
Epoch: 17 	Training Loss: 0.894760 	Validation Loss: 0.219300
Epoch: 18 	Training Loss: 0.897551 	Validation Loss: 0.224476
Epoch: 19 	Training Loss: 0.856338 	Validation Loss: 0.209893
Epoch: 20 	Training Loss: 0.829708 	Validation Loss: 0.195620
Epoch: 21 	Training Loss: 0.809491 	Validation Loss: 0.195623
Epoch: 22 	Training Loss: 0.791368 	Validation Loss: 0.200147
Epoch: 23 	Training Loss: 0.762524 	Validation Loss: 0.182826
Epoch: 24 	Training Loss: 0.740707 	Validation Loss: 0.184251
Epoch: 25 	Training Loss: 0.714268 	Validation Loss: 0.187883
Epoch: 26 	Training Loss: 0.700586 	Validation Loss: 0.177407
Epoch: 27 	Training Loss: 0.681788 	Validation Loss: 0.168203
Epoch: 28 	Training Loss: 0.662563 	Validation Loss: 0.169650
Epoch: 29 	Training Loss: 0.672908 	Validation Loss: 0.153351
Epoch: 30 	Training Loss: 0.638148 	Validation Loss: 0.185468

🔎 INICIANDO A AVALIAÇÃO DO OACE PARA ITERAÇÃO ATUAL
iteration_metrics:  {'model_name': 'MobileNetV2', 'assertividade': {'precision': 0.7299181207720397, 'accuracy': 0.6934, 'recall': 0.6934}, 'custo': {'mtp': 2236682, 'tpi': 0.002457058353788534, 'ms': 8.532264709472656}, 'solution': {'lr': 0.006011609738684428, 'model_index': 1}}
accumulated_metrics:  [{'model_name': 'ResNet50', 'assertividade': {'precision': 0.8009218038002924, 'accuracy': 0.7939, 'recall': 0.7939}, 'custo': {'mtp': 23528522, 'tpi': 0.0028181349395946334, 'ms': 89.75418853759766}, 'solution': {'lr': 0.009411558605875382, 'model_index': 2}}, {'model_name': 'ResNet50', 'assertividade': {'precision': 0.7962583353880739, 'accuracy': 0.7912, 'recall': 0.7911999999999999}, 'custo': {'mtp': 23528522, 'tpi': 0.002786674317280958, 'ms': 89.75418853759766}, 'solution': {'lr': 0.01, 'model_index': 2}}, {'model_name': 'VGG16', 'assertividade': {'precision': 0.030910310200151316, 'accuracy': 0.1105, 'recall': 0.1105}, 'custo': {'mtp': 134309962, 'tpi': 0.0010961787715838972, 'ms': 512.3518447875977}, 'solution': {'lr': 0.009385339374622393, 'model_index': 4}}, {'model_name': 'ResNet50', 'assertividade': {'precision': 0.8262079001982474, 'accuracy': 0.8253, 'recall': 0.8253}, 'custo': {'mtp': 23528522, 'tpi': 0.002792718304190666, 'ms': 89.75418853759766}, 'solution': {'lr': 0.009200032538958128, 'model_index': 2}}, {'model_name': 'VGG16', 'assertividade': {'precision': 0.0697968749117569, 'accuracy': 0.1064, 'recall': 0.10640000000000001}, 'custo': {'mtp': 134309962, 'tpi': 0.0011415466381486054, 'ms': 512.3518447875977}, 'solution': {'lr': 0.008583254241427335, 'model_index': 4}}, {'model_name': 'InceptionV3', 'assertividade': {'precision': 0.8578975991702025, 'accuracy': 0.8557, 'recall': 0.8557}, 'custo': {'mtp': 24371444, 'tpi': 0.0054015171755651, 'ms': 92.96968078613281}, 'solution': {'lr': 0.007834984027862186, 'model_index': 3}}, {'model_name': 'VGG16', 'assertividade': {'precision': 0.04583784143018542, 'accuracy': 0.1016, 'recall': 0.1016}, 'custo': {'mtp': 134309962, 'tpi': 0.0011684135266929675, 'ms': 512.3518447875977}, 'solution': {'lr': 0.007321352609678986, 'model_index': 4}}, {'model_name': 'EfficientNetB0', 'assertividade': {'precision': 0.06798022166375269, 'accuracy': 0.1117, 'recall': 0.1117}, 'custo': {'mtp': 4020358, 'tpi': 0.003945086412369066, 'ms': 15.336448669433594}, 'solution': {'lr': 0.007665691294348975, 'model_index': 0}}, {'model_name': 'EfficientNetB0', 'assertividade': {'precision': 0.10281109219470826, 'accuracy': 0.172, 'recall': 0.17200000000000001}, 'custo': {'mtp': 4020358, 'tpi': 0.003598513876556591, 'ms': 15.336448669433594}, 'solution': {'lr': 0.007968809670981293, 'model_index': 0}}, {'model_name': 'MobileNetV2', 'assertividade': {'precision': 0.6786094694926865, 'accuracy': 0.671, 'recall': 0.671}, 'custo': {'mtp': 2236682, 'tpi': 0.0024538495738035556, 'ms': 8.532264709472656}, 'solution': {'lr': 0.007381222478438391, 'model_index': 1}}, {'model_name': 'ResNet50', 'assertividade': {'precision': 0.7942024962942702, 'accuracy': 0.7927, 'recall': 0.7927000000000001}, 'custo': {'mtp': 23528522, 'tpi': 0.003041410142449057, 'ms': 89.75418853759766}, 'solution': {'lr': 0.00757298478728058, 'model_index': 2}}, {'model_name': 'ResNet50', 'assertividade': {'precision': 0.8042431437870426, 'accuracy': 0.7964, 'recall': 0.7964}, 'custo': {'mtp': 23528522, 'tpi': 0.002942202197518318, 'ms': 89.75418853759766}, 'solution': {'lr': 0.007489412234523299, 'model_index': 2}}, {'model_name': 'ResNet50', 'assertividade': {'precision': 0.8077341729274735, 'accuracy': 0.8035, 'recall': 0.8035}, 'custo': {'mtp': 23528522, 'tpi': 0.0030761661043592317, 'ms': 89.75418853759766}, 'solution': {'lr': 0.007554773556347464, 'model_index': 2}}, {'model_name': 'MobileNetV2', 'assertividade': {'precision': 0.6847048463203063, 'accuracy': 0.6648, 'recall': 0.6648000000000001}, 'custo': {'mtp': 2236682, 'tpi': 0.0025336985375471175, 'ms': 8.532264709472656}, 'solution': {'lr': 0.008046419612519723, 'model_index': 1}}, {'model_name': 'EfficientNetB0', 'assertividade': {'precision': 0.1248386893874192, 'accuracy': 0.1237, 'recall': 0.1237}, 'custo': {'mtp': 4020358, 'tpi': 0.003957789415007185, 'ms': 15.336448669433594}, 'solution': {'lr': 0.007687934293544706, 'model_index': 0}}, {'model_name': 'VGG16', 'assertividade': {'precision': 0.01, 'accuracy': 0.1, 'recall': 0.1}, 'custo': {'mtp': 134309962, 'tpi': 0.0011613247500863045, 'ms': 512.3518447875977}, 'solution': {'lr': 0.007309453931443001, 'model_index': 4}}, {'model_name': 'EfficientNetB0', 'assertividade': {'precision': 0.13136600218048108, 'accuracy': 0.1511, 'recall': 0.1511}, 'custo': {'mtp': 4020358, 'tpi': 0.004022663565957622, 'ms': 15.336448669433594}, 'solution': {'lr': 0.00691632082118639, 'model_index': 0}}, {'model_name': 'InceptionV3', 'assertividade': {'precision': 0.8712609687057101, 'accuracy': 0.8697, 'recall': 0.8696999999999999}, 'custo': {'mtp': 24371444, 'tpi': 0.005143475380672771, 'ms': 92.96968078613281}, 'solution': {'lr': 0.006261602283322618, 'model_index': 3}}, {'model_name': 'InceptionV3', 'assertividade': {'precision': 0.8698179986182968, 'accuracy': 0.8603, 'recall': 0.8603}, 'custo': {'mtp': 24371444, 'tpi': 0.005547596390839595, 'ms': 92.96968078613281}, 'solution': {'lr': 0.006503685863975264, 'model_index': 3}}, {'model_name': 'MobileNetV2', 'assertividade': {'precision': 0.6952846098809776, 'accuracy': 0.6799, 'recall': 0.6799000000000001}, 'custo': {'mtp': 2236682, 'tpi': 0.002634264101648027, 'ms': 8.532264709472656}, 'solution': {'lr': 0.006451332726154935, 'model_index': 1}}, {'model_name': 'EfficientNetB0', 'assertividade': {'precision': 0.05315194466843289, 'accuracy': 0.1371, 'recall': 0.1371}, 'custo': {'mtp': 4020358, 'tpi': 0.004043345238752426, 'ms': 15.336448669433594}, 'solution': {'lr': 0.006462692723446212, 'model_index': 0}}, {'model_name': 'VGG16', 'assertividade': {'precision': 0.035603438593459755, 'accuracy': 0.101, 'recall': 0.101}, 'custo': {'mtp': 134309962, 'tpi': 0.0010741334052602196, 'ms': 512.3518447875977}, 'solution': {'lr': 0.006105196024538004, 'model_index': 4}}, {'model_name': 'VGG16', 'assertividade': {'precision': 0.01, 'accuracy': 0.1, 'recall': 0.1}, 'custo': {'mtp': 134309962, 'tpi': 0.001185572071439901, 'ms': 512.3518447875977}, 'solution': {'lr': 0.005878443865063257, 'model_index': 4}}, {'model_name': 'InceptionV3', 'assertividade': {'precision': 0.8442797368090256, 'accuracy': 0.8424, 'recall': 0.8423999999999999}, 'custo': {'mtp': 24371444, 'tpi': 0.005463994992007116, 'ms': 92.96968078613281}, 'solution': {'lr': 0.005638140049519019, 'model_index': 3}}, {'model_name': 'MobileNetV2', 'assertividade': {'precision': 0.7529173332552663, 'accuracy': 0.7472, 'recall': 0.7472}, 'custo': {'mtp': 2236682, 'tpi': 0.002584711001936797, 'ms': 8.532264709472656}, 'solution': {'lr': 0.005125342560045348, 'model_index': 1}}, {'model_name': 'EfficientNetB0', 'assertividade': {'precision': 0.0853012013078647, 'accuracy': 0.1353, 'recall': 0.13529999999999998}, 'custo': {'mtp': 4020358, 'tpi': 0.003957494808610078, 'ms': 15.336448669433594}, 'solution': {'lr': 0.004806745735259634, 'model_index': 0}}, {'model_name': 'ResNet50', 'assertividade': {'precision': 0.8077068585230256, 'accuracy': 0.8034, 'recall': 0.8034000000000001}, 'custo': {'mtp': 23528522, 'tpi': 0.0031378922189117236, 'ms': 89.75418853759766}, 'solution': {'lr': 0.005285534690351972, 'model_index': 2}}, {'model_name': 'EfficientNetB0', 'assertividade': {'precision': 0.09191782894674771, 'accuracy': 0.115, 'recall': 0.11500000000000002}, 'custo': {'mtp': 4020358, 'tpi': 0.0039758500020215465, 'ms': 15.336448669433594}, 'solution': {'lr': 0.005143324100179946, 'model_index': 0}}, {'model_name': 'VGG16', 'assertividade': {'precision': 0.030796762332266848, 'accuracy': 0.1015, 'recall': 0.10149999999999999}, 'custo': {'mtp': 134309962, 'tpi': 0.0010828121452574517, 'ms': 512.3518447875977}, 'solution': {'lr': 0.005584700524162901, 'model_index': 4}}, {'model_name': 'EfficientNetB0', 'assertividade': {'precision': 0.0978445901869881, 'accuracy': 0.1778, 'recall': 0.1778}, 'custo': {'mtp': 4020358, 'tpi': 0.0036647836114190946, 'ms': 15.336448669433594}, 'solution': {'lr': 0.006006869250016379, 'model_index': 0}}, {'model_name': 'InceptionV3', 'assertividade': {'precision': 0.8667078400644556, 'accuracy': 0.8595, 'recall': 0.8594999999999999}, 'custo': {'mtp': 24371444, 'tpi': 0.00538752185311287, 'ms': 92.96968078613281}, 'solution': {'lr': 0.005471030904306576, 'model_index': 3}}, {'model_name': 'MobileNetV2', 'assertividade': {'precision': 0.7299181207720397, 'accuracy': 0.6934, 'recall': 0.6934}, 'custo': {'mtp': 2236682, 'tpi': 0.002457058353788534, 'ms': 8.532264709472656}, 'solution': {'lr': 0.006011609738684428, 'model_index': 1}}]
maximos_a:  [0.9003294748121103, 0.8979, 0.8978999999999999]
minimos_a:  [0.0, 0.0, 0.0]
maximos_c (fixos do aquecimento):  [134309962, 0.01336536556482315, 512.3518447875977]
minimos_c (fixos do aquecimento):  [2236682, 0.0026650354266166687, 8.532264709472656]
🔹 A (Assertividade Normalizada):  0.8003593599168662
🔹 C (Custo Normalizado):  1.0
🔹 S (Score OACE):  0.9001796799584332
Resultado do OACE por Iteração:  {'model_name': 'MobileNetV2', 'A': 0.8003593599168662, 'C': 1.0, 'Score': 0.9001796799584332, 'solution': {'lr': 0.006011609738684428, 'model_index': 1}}
▶️ Iteration 83/150 (Round 2): model 2 e lr 0.006362861395564334
🔀 Random Seed Atual: 632
Epoch: 1 	Training Loss: 2.231062 	Validation Loss: 0.441691
Epoch: 2 	Training Loss: 1.673074 	Validation Loss: 0.383761
Epoch: 3 	Training Loss: 1.395592 	Validation Loss: 0.352794
Epoch: 4 	Training Loss: 1.297206 	Validation Loss: 0.336680
Epoch: 5 	Training Loss: 1.198708 	Validation Loss: 0.283455
Epoch: 6 	Training Loss: 1.087165 	Validation Loss: 0.306851
Epoch: 7 	Training Loss: 0.964464 	Validation Loss: 0.249878
Epoch: 8 	Training Loss: 0.865688 	Validation Loss: 0.220956
Epoch: 9 	Training Loss: 0.801021 	Validation Loss: 0.243476
Epoch: 10 	Training Loss: 0.747660 	Validation Loss: 0.209556
Epoch: 11 	Training Loss: 0.699198 	Validation Loss: 0.177538
Epoch: 12 	Training Loss: 0.651358 	Validation Loss: 0.168863
Epoch: 13 	Training Loss: 0.635582 	Validation Loss: 0.163705
Epoch: 14 	Training Loss: 0.592060 	Validation Loss: 0.146971
Epoch: 15 	Training Loss: 0.555650 	Validation Loss: 0.158046
Epoch: 16 	Training Loss: 0.570619 	Validation Loss: 0.168221
Epoch: 17 	Training Loss: 0.540900 	Validation Loss: 0.148802
Epoch: 18 	Training Loss: 0.493028 	Validation Loss: 0.132096
Epoch: 19 	Training Loss: 0.464319 	Validation Loss: 0.136573
Epoch: 20 	Training Loss: 0.492476 	Validation Loss: 0.182942
Epoch: 21 	Training Loss: 0.447671 	Validation Loss: 0.140194
Epoch: 22 	Training Loss: 0.429703 	Validation Loss: 0.133272
Epoch: 23 	Training Loss: 0.540935 	Validation Loss: 0.151745
Early stopping after 23 epochs due to no improvement.

🔎 INICIANDO A AVALIAÇÃO DO OACE PARA ITERAÇÃO ATUAL
iteration_metrics:  {'model_name': 'ResNet50', 'assertividade': {'precision': 0.7788219525124982, 'accuracy': 0.7659, 'recall': 0.7659}, 'custo': {'mtp': 23528522, 'tpi': 0.003166965618255032, 'ms': 89.75418853759766}, 'solution': {'lr': 0.006362861395564334, 'model_index': 2}}
accumulated_metrics:  [{'model_name': 'ResNet50', 'assertividade': {'precision': 0.8009218038002924, 'accuracy': 0.7939, 'recall': 0.7939}, 'custo': {'mtp': 23528522, 'tpi': 0.0028181349395946334, 'ms': 89.75418853759766}, 'solution': {'lr': 0.009411558605875382, 'model_index': 2}}, {'model_name': 'ResNet50', 'assertividade': {'precision': 0.7962583353880739, 'accuracy': 0.7912, 'recall': 0.7911999999999999}, 'custo': {'mtp': 23528522, 'tpi': 0.002786674317280958, 'ms': 89.75418853759766}, 'solution': {'lr': 0.01, 'model_index': 2}}, {'model_name': 'VGG16', 'assertividade': {'precision': 0.030910310200151316, 'accuracy': 0.1105, 'recall': 0.1105}, 'custo': {'mtp': 134309962, 'tpi': 0.0010961787715838972, 'ms': 512.3518447875977}, 'solution': {'lr': 0.009385339374622393, 'model_index': 4}}, {'model_name': 'ResNet50', 'assertividade': {'precision': 0.8262079001982474, 'accuracy': 0.8253, 'recall': 0.8253}, 'custo': {'mtp': 23528522, 'tpi': 0.002792718304190666, 'ms': 89.75418853759766}, 'solution': {'lr': 0.009200032538958128, 'model_index': 2}}, {'model_name': 'VGG16', 'assertividade': {'precision': 0.0697968749117569, 'accuracy': 0.1064, 'recall': 0.10640000000000001}, 'custo': {'mtp': 134309962, 'tpi': 0.0011415466381486054, 'ms': 512.3518447875977}, 'solution': {'lr': 0.008583254241427335, 'model_index': 4}}, {'model_name': 'InceptionV3', 'assertividade': {'precision': 0.8578975991702025, 'accuracy': 0.8557, 'recall': 0.8557}, 'custo': {'mtp': 24371444, 'tpi': 0.0054015171755651, 'ms': 92.96968078613281}, 'solution': {'lr': 0.007834984027862186, 'model_index': 3}}, {'model_name': 'VGG16', 'assertividade': {'precision': 0.04583784143018542, 'accuracy': 0.1016, 'recall': 0.1016}, 'custo': {'mtp': 134309962, 'tpi': 0.0011684135266929675, 'ms': 512.3518447875977}, 'solution': {'lr': 0.007321352609678986, 'model_index': 4}}, {'model_name': 'EfficientNetB0', 'assertividade': {'precision': 0.06798022166375269, 'accuracy': 0.1117, 'recall': 0.1117}, 'custo': {'mtp': 4020358, 'tpi': 0.003945086412369066, 'ms': 15.336448669433594}, 'solution': {'lr': 0.007665691294348975, 'model_index': 0}}, {'model_name': 'EfficientNetB0', 'assertividade': {'precision': 0.10281109219470826, 'accuracy': 0.172, 'recall': 0.17200000000000001}, 'custo': {'mtp': 4020358, 'tpi': 0.003598513876556591, 'ms': 15.336448669433594}, 'solution': {'lr': 0.007968809670981293, 'model_index': 0}}, {'model_name': 'MobileNetV2', 'assertividade': {'precision': 0.6786094694926865, 'accuracy': 0.671, 'recall': 0.671}, 'custo': {'mtp': 2236682, 'tpi': 0.0024538495738035556, 'ms': 8.532264709472656}, 'solution': {'lr': 0.007381222478438391, 'model_index': 1}}, {'model_name': 'ResNet50', 'assertividade': {'precision': 0.7942024962942702, 'accuracy': 0.7927, 'recall': 0.7927000000000001}, 'custo': {'mtp': 23528522, 'tpi': 0.003041410142449057, 'ms': 89.75418853759766}, 'solution': {'lr': 0.00757298478728058, 'model_index': 2}}, {'model_name': 'ResNet50', 'assertividade': {'precision': 0.8042431437870426, 'accuracy': 0.7964, 'recall': 0.7964}, 'custo': {'mtp': 23528522, 'tpi': 0.002942202197518318, 'ms': 89.75418853759766}, 'solution': {'lr': 0.007489412234523299, 'model_index': 2}}, {'model_name': 'ResNet50', 'assertividade': {'precision': 0.8077341729274735, 'accuracy': 0.8035, 'recall': 0.8035}, 'custo': {'mtp': 23528522, 'tpi': 0.0030761661043592317, 'ms': 89.75418853759766}, 'solution': {'lr': 0.007554773556347464, 'model_index': 2}}, {'model_name': 'MobileNetV2', 'assertividade': {'precision': 0.6847048463203063, 'accuracy': 0.6648, 'recall': 0.6648000000000001}, 'custo': {'mtp': 2236682, 'tpi': 0.0025336985375471175, 'ms': 8.532264709472656}, 'solution': {'lr': 0.008046419612519723, 'model_index': 1}}, {'model_name': 'EfficientNetB0', 'assertividade': {'precision': 0.1248386893874192, 'accuracy': 0.1237, 'recall': 0.1237}, 'custo': {'mtp': 4020358, 'tpi': 0.003957789415007185, 'ms': 15.336448669433594}, 'solution': {'lr': 0.007687934293544706, 'model_index': 0}}, {'model_name': 'VGG16', 'assertividade': {'precision': 0.01, 'accuracy': 0.1, 'recall': 0.1}, 'custo': {'mtp': 134309962, 'tpi': 0.0011613247500863045, 'ms': 512.3518447875977}, 'solution': {'lr': 0.007309453931443001, 'model_index': 4}}, {'model_name': 'EfficientNetB0', 'assertividade': {'precision': 0.13136600218048108, 'accuracy': 0.1511, 'recall': 0.1511}, 'custo': {'mtp': 4020358, 'tpi': 0.004022663565957622, 'ms': 15.336448669433594}, 'solution': {'lr': 0.00691632082118639, 'model_index': 0}}, {'model_name': 'InceptionV3', 'assertividade': {'precision': 0.8712609687057101, 'accuracy': 0.8697, 'recall': 0.8696999999999999}, 'custo': {'mtp': 24371444, 'tpi': 0.005143475380672771, 'ms': 92.96968078613281}, 'solution': {'lr': 0.006261602283322618, 'model_index': 3}}, {'model_name': 'InceptionV3', 'assertividade': {'precision': 0.8698179986182968, 'accuracy': 0.8603, 'recall': 0.8603}, 'custo': {'mtp': 24371444, 'tpi': 0.005547596390839595, 'ms': 92.96968078613281}, 'solution': {'lr': 0.006503685863975264, 'model_index': 3}}, {'model_name': 'MobileNetV2', 'assertividade': {'precision': 0.6952846098809776, 'accuracy': 0.6799, 'recall': 0.6799000000000001}, 'custo': {'mtp': 2236682, 'tpi': 0.002634264101648027, 'ms': 8.532264709472656}, 'solution': {'lr': 0.006451332726154935, 'model_index': 1}}, {'model_name': 'EfficientNetB0', 'assertividade': {'precision': 0.05315194466843289, 'accuracy': 0.1371, 'recall': 0.1371}, 'custo': {'mtp': 4020358, 'tpi': 0.004043345238752426, 'ms': 15.336448669433594}, 'solution': {'lr': 0.006462692723446212, 'model_index': 0}}, {'model_name': 'VGG16', 'assertividade': {'precision': 0.035603438593459755, 'accuracy': 0.101, 'recall': 0.101}, 'custo': {'mtp': 134309962, 'tpi': 0.0010741334052602196, 'ms': 512.3518447875977}, 'solution': {'lr': 0.006105196024538004, 'model_index': 4}}, {'model_name': 'VGG16', 'assertividade': {'precision': 0.01, 'accuracy': 0.1, 'recall': 0.1}, 'custo': {'mtp': 134309962, 'tpi': 0.001185572071439901, 'ms': 512.3518447875977}, 'solution': {'lr': 0.005878443865063257, 'model_index': 4}}, {'model_name': 'InceptionV3', 'assertividade': {'precision': 0.8442797368090256, 'accuracy': 0.8424, 'recall': 0.8423999999999999}, 'custo': {'mtp': 24371444, 'tpi': 0.005463994992007116, 'ms': 92.96968078613281}, 'solution': {'lr': 0.005638140049519019, 'model_index': 3}}, {'model_name': 'MobileNetV2', 'assertividade': {'precision': 0.7529173332552663, 'accuracy': 0.7472, 'recall': 0.7472}, 'custo': {'mtp': 2236682, 'tpi': 0.002584711001936797, 'ms': 8.532264709472656}, 'solution': {'lr': 0.005125342560045348, 'model_index': 1}}, {'model_name': 'EfficientNetB0', 'assertividade': {'precision': 0.0853012013078647, 'accuracy': 0.1353, 'recall': 0.13529999999999998}, 'custo': {'mtp': 4020358, 'tpi': 0.003957494808610078, 'ms': 15.336448669433594}, 'solution': {'lr': 0.004806745735259634, 'model_index': 0}}, {'model_name': 'ResNet50', 'assertividade': {'precision': 0.8077068585230256, 'accuracy': 0.8034, 'recall': 0.8034000000000001}, 'custo': {'mtp': 23528522, 'tpi': 0.0031378922189117236, 'ms': 89.75418853759766}, 'solution': {'lr': 0.005285534690351972, 'model_index': 2}}, {'model_name': 'EfficientNetB0', 'assertividade': {'precision': 0.09191782894674771, 'accuracy': 0.115, 'recall': 0.11500000000000002}, 'custo': {'mtp': 4020358, 'tpi': 0.0039758500020215465, 'ms': 15.336448669433594}, 'solution': {'lr': 0.005143324100179946, 'model_index': 0}}, {'model_name': 'VGG16', 'assertividade': {'precision': 0.030796762332266848, 'accuracy': 0.1015, 'recall': 0.10149999999999999}, 'custo': {'mtp': 134309962, 'tpi': 0.0010828121452574517, 'ms': 512.3518447875977}, 'solution': {'lr': 0.005584700524162901, 'model_index': 4}}, {'model_name': 'EfficientNetB0', 'assertividade': {'precision': 0.0978445901869881, 'accuracy': 0.1778, 'recall': 0.1778}, 'custo': {'mtp': 4020358, 'tpi': 0.0036647836114190946, 'ms': 15.336448669433594}, 'solution': {'lr': 0.006006869250016379, 'model_index': 0}}, {'model_name': 'InceptionV3', 'assertividade': {'precision': 0.8667078400644556, 'accuracy': 0.8595, 'recall': 0.8594999999999999}, 'custo': {'mtp': 24371444, 'tpi': 0.00538752185311287, 'ms': 92.96968078613281}, 'solution': {'lr': 0.005471030904306576, 'model_index': 3}}, {'model_name': 'MobileNetV2', 'assertividade': {'precision': 0.7299181207720397, 'accuracy': 0.6934, 'recall': 0.6934}, 'custo': {'mtp': 2236682, 'tpi': 0.002457058353788534, 'ms': 8.532264709472656}, 'solution': {'lr': 0.006011609738684428, 'model_index': 1}}, {'model_name': 'ResNet50', 'assertividade': {'precision': 0.7788219525124982, 'accuracy': 0.7659, 'recall': 0.7659}, 'custo': {'mtp': 23528522, 'tpi': 0.003166965618255032, 'ms': 89.75418853759766}, 'solution': {'lr': 0.006362861395564334, 'model_index': 2}}]
maximos_a:  [0.9003294748121103, 0.8979, 0.8978999999999999]
minimos_a:  [0.0, 0.0, 0.0]
maximos_c (fixos do aquecimento):  [134309962, 0.01336536556482315, 512.3518447875977]
minimos_c (fixos do aquecimento):  [2236682, 0.0026650354266166687, 8.532264709472656]
🔹 A (Assertividade Normalizada):  0.8617951177624243
🔹 C (Custo Normalizado):  0.8603219541122573
🔹 S (Score OACE):  0.8610585359373408
Resultado do OACE por Iteração:  {'model_name': 'ResNet50', 'A': 0.8617951177624243, 'C': 0.8603219541122573, 'Score': 0.8610585359373408, 'solution': {'lr': 0.006362861395564334, 'model_index': 2}}
▶️ Iteration 84/150 (Round 2): model 4 e lr 0.006193823259265243
🔀 Random Seed Atual: 633
Epoch: 1 	Training Loss: 2.788222 	Validation Loss: 0.460268
Epoch: 2 	Training Loss: 1.828391 	Validation Loss: 0.449504
Epoch: 3 	Training Loss: 1.981959 	Validation Loss: 0.461589
Epoch: 4 	Training Loss: 1.843448 	Validation Loss: 0.460759
Epoch: 5 	Training Loss: 1.842938 	Validation Loss: 0.461606
Epoch: 6 	Training Loss: 1.842737 	Validation Loss: 0.461068
Epoch: 7 	Training Loss: 1.842770 	Validation Loss: 0.460915
Early stopping after 7 epochs due to no improvement.

🔎 INICIANDO A AVALIAÇÃO DO OACE PARA ITERAÇÃO ATUAL
iteration_metrics:  {'model_name': 'VGG16', 'assertividade': {'precision': 0.01000100010001, 'accuracy': 0.1, 'recall': 0.1}, 'custo': {'mtp': 134309962, 'tpi': 0.001166121974872176, 'ms': 512.3518447875977}, 'solution': {'lr': 0.006193823259265243, 'model_index': 4}}
accumulated_metrics:  [{'model_name': 'ResNet50', 'assertividade': {'precision': 0.8009218038002924, 'accuracy': 0.7939, 'recall': 0.7939}, 'custo': {'mtp': 23528522, 'tpi': 0.0028181349395946334, 'ms': 89.75418853759766}, 'solution': {'lr': 0.009411558605875382, 'model_index': 2}}, {'model_name': 'ResNet50', 'assertividade': {'precision': 0.7962583353880739, 'accuracy': 0.7912, 'recall': 0.7911999999999999}, 'custo': {'mtp': 23528522, 'tpi': 0.002786674317280958, 'ms': 89.75418853759766}, 'solution': {'lr': 0.01, 'model_index': 2}}, {'model_name': 'VGG16', 'assertividade': {'precision': 0.030910310200151316, 'accuracy': 0.1105, 'recall': 0.1105}, 'custo': {'mtp': 134309962, 'tpi': 0.0010961787715838972, 'ms': 512.3518447875977}, 'solution': {'lr': 0.009385339374622393, 'model_index': 4}}, {'model_name': 'ResNet50', 'assertividade': {'precision': 0.8262079001982474, 'accuracy': 0.8253, 'recall': 0.8253}, 'custo': {'mtp': 23528522, 'tpi': 0.002792718304190666, 'ms': 89.75418853759766}, 'solution': {'lr': 0.009200032538958128, 'model_index': 2}}, {'model_name': 'VGG16', 'assertividade': {'precision': 0.0697968749117569, 'accuracy': 0.1064, 'recall': 0.10640000000000001}, 'custo': {'mtp': 134309962, 'tpi': 0.0011415466381486054, 'ms': 512.3518447875977}, 'solution': {'lr': 0.008583254241427335, 'model_index': 4}}, {'model_name': 'InceptionV3', 'assertividade': {'precision': 0.8578975991702025, 'accuracy': 0.8557, 'recall': 0.8557}, 'custo': {'mtp': 24371444, 'tpi': 0.0054015171755651, 'ms': 92.96968078613281}, 'solution': {'lr': 0.007834984027862186, 'model_index': 3}}, {'model_name': 'VGG16', 'assertividade': {'precision': 0.04583784143018542, 'accuracy': 0.1016, 'recall': 0.1016}, 'custo': {'mtp': 134309962, 'tpi': 0.0011684135266929675, 'ms': 512.3518447875977}, 'solution': {'lr': 0.007321352609678986, 'model_index': 4}}, {'model_name': 'EfficientNetB0', 'assertividade': {'precision': 0.06798022166375269, 'accuracy': 0.1117, 'recall': 0.1117}, 'custo': {'mtp': 4020358, 'tpi': 0.003945086412369066, 'ms': 15.336448669433594}, 'solution': {'lr': 0.007665691294348975, 'model_index': 0}}, {'model_name': 'EfficientNetB0', 'assertividade': {'precision': 0.10281109219470826, 'accuracy': 0.172, 'recall': 0.17200000000000001}, 'custo': {'mtp': 4020358, 'tpi': 0.003598513876556591, 'ms': 15.336448669433594}, 'solution': {'lr': 0.007968809670981293, 'model_index': 0}}, {'model_name': 'MobileNetV2', 'assertividade': {'precision': 0.6786094694926865, 'accuracy': 0.671, 'recall': 0.671}, 'custo': {'mtp': 2236682, 'tpi': 0.0024538495738035556, 'ms': 8.532264709472656}, 'solution': {'lr': 0.007381222478438391, 'model_index': 1}}, {'model_name': 'ResNet50', 'assertividade': {'precision': 0.7942024962942702, 'accuracy': 0.7927, 'recall': 0.7927000000000001}, 'custo': {'mtp': 23528522, 'tpi': 0.003041410142449057, 'ms': 89.75418853759766}, 'solution': {'lr': 0.00757298478728058, 'model_index': 2}}, {'model_name': 'ResNet50', 'assertividade': {'precision': 0.8042431437870426, 'accuracy': 0.7964, 'recall': 0.7964}, 'custo': {'mtp': 23528522, 'tpi': 0.002942202197518318, 'ms': 89.75418853759766}, 'solution': {'lr': 0.007489412234523299, 'model_index': 2}}, {'model_name': 'ResNet50', 'assertividade': {'precision': 0.8077341729274735, 'accuracy': 0.8035, 'recall': 0.8035}, 'custo': {'mtp': 23528522, 'tpi': 0.0030761661043592317, 'ms': 89.75418853759766}, 'solution': {'lr': 0.007554773556347464, 'model_index': 2}}, {'model_name': 'MobileNetV2', 'assertividade': {'precision': 0.6847048463203063, 'accuracy': 0.6648, 'recall': 0.6648000000000001}, 'custo': {'mtp': 2236682, 'tpi': 0.0025336985375471175, 'ms': 8.532264709472656}, 'solution': {'lr': 0.008046419612519723, 'model_index': 1}}, {'model_name': 'EfficientNetB0', 'assertividade': {'precision': 0.1248386893874192, 'accuracy': 0.1237, 'recall': 0.1237}, 'custo': {'mtp': 4020358, 'tpi': 0.003957789415007185, 'ms': 15.336448669433594}, 'solution': {'lr': 0.007687934293544706, 'model_index': 0}}, {'model_name': 'VGG16', 'assertividade': {'precision': 0.01, 'accuracy': 0.1, 'recall': 0.1}, 'custo': {'mtp': 134309962, 'tpi': 0.0011613247500863045, 'ms': 512.3518447875977}, 'solution': {'lr': 0.007309453931443001, 'model_index': 4}}, {'model_name': 'EfficientNetB0', 'assertividade': {'precision': 0.13136600218048108, 'accuracy': 0.1511, 'recall': 0.1511}, 'custo': {'mtp': 4020358, 'tpi': 0.004022663565957622, 'ms': 15.336448669433594}, 'solution': {'lr': 0.00691632082118639, 'model_index': 0}}, {'model_name': 'InceptionV3', 'assertividade': {'precision': 0.8712609687057101, 'accuracy': 0.8697, 'recall': 0.8696999999999999}, 'custo': {'mtp': 24371444, 'tpi': 0.005143475380672771, 'ms': 92.96968078613281}, 'solution': {'lr': 0.006261602283322618, 'model_index': 3}}, {'model_name': 'InceptionV3', 'assertividade': {'precision': 0.8698179986182968, 'accuracy': 0.8603, 'recall': 0.8603}, 'custo': {'mtp': 24371444, 'tpi': 0.005547596390839595, 'ms': 92.96968078613281}, 'solution': {'lr': 0.006503685863975264, 'model_index': 3}}, {'model_name': 'MobileNetV2', 'assertividade': {'precision': 0.6952846098809776, 'accuracy': 0.6799, 'recall': 0.6799000000000001}, 'custo': {'mtp': 2236682, 'tpi': 0.002634264101648027, 'ms': 8.532264709472656}, 'solution': {'lr': 0.006451332726154935, 'model_index': 1}}, {'model_name': 'EfficientNetB0', 'assertividade': {'precision': 0.05315194466843289, 'accuracy': 0.1371, 'recall': 0.1371}, 'custo': {'mtp': 4020358, 'tpi': 0.004043345238752426, 'ms': 15.336448669433594}, 'solution': {'lr': 0.006462692723446212, 'model_index': 0}}, {'model_name': 'VGG16', 'assertividade': {'precision': 0.035603438593459755, 'accuracy': 0.101, 'recall': 0.101}, 'custo': {'mtp': 134309962, 'tpi': 0.0010741334052602196, 'ms': 512.3518447875977}, 'solution': {'lr': 0.006105196024538004, 'model_index': 4}}, {'model_name': 'VGG16', 'assertividade': {'precision': 0.01, 'accuracy': 0.1, 'recall': 0.1}, 'custo': {'mtp': 134309962, 'tpi': 0.001185572071439901, 'ms': 512.3518447875977}, 'solution': {'lr': 0.005878443865063257, 'model_index': 4}}, {'model_name': 'InceptionV3', 'assertividade': {'precision': 0.8442797368090256, 'accuracy': 0.8424, 'recall': 0.8423999999999999}, 'custo': {'mtp': 24371444, 'tpi': 0.005463994992007116, 'ms': 92.96968078613281}, 'solution': {'lr': 0.005638140049519019, 'model_index': 3}}, {'model_name': 'MobileNetV2', 'assertividade': {'precision': 0.7529173332552663, 'accuracy': 0.7472, 'recall': 0.7472}, 'custo': {'mtp': 2236682, 'tpi': 0.002584711001936797, 'ms': 8.532264709472656}, 'solution': {'lr': 0.005125342560045348, 'model_index': 1}}, {'model_name': 'EfficientNetB0', 'assertividade': {'precision': 0.0853012013078647, 'accuracy': 0.1353, 'recall': 0.13529999999999998}, 'custo': {'mtp': 4020358, 'tpi': 0.003957494808610078, 'ms': 15.336448669433594}, 'solution': {'lr': 0.004806745735259634, 'model_index': 0}}, {'model_name': 'ResNet50', 'assertividade': {'precision': 0.8077068585230256, 'accuracy': 0.8034, 'recall': 0.8034000000000001}, 'custo': {'mtp': 23528522, 'tpi': 0.0031378922189117236, 'ms': 89.75418853759766}, 'solution': {'lr': 0.005285534690351972, 'model_index': 2}}, {'model_name': 'EfficientNetB0', 'assertividade': {'precision': 0.09191782894674771, 'accuracy': 0.115, 'recall': 0.11500000000000002}, 'custo': {'mtp': 4020358, 'tpi': 0.0039758500020215465, 'ms': 15.336448669433594}, 'solution': {'lr': 0.005143324100179946, 'model_index': 0}}, {'model_name': 'VGG16', 'assertividade': {'precision': 0.030796762332266848, 'accuracy': 0.1015, 'recall': 0.10149999999999999}, 'custo': {'mtp': 134309962, 'tpi': 0.0010828121452574517, 'ms': 512.3518447875977}, 'solution': {'lr': 0.005584700524162901, 'model_index': 4}}, {'model_name': 'EfficientNetB0', 'assertividade': {'precision': 0.0978445901869881, 'accuracy': 0.1778, 'recall': 0.1778}, 'custo': {'mtp': 4020358, 'tpi': 0.0036647836114190946, 'ms': 15.336448669433594}, 'solution': {'lr': 0.006006869250016379, 'model_index': 0}}, {'model_name': 'InceptionV3', 'assertividade': {'precision': 0.8667078400644556, 'accuracy': 0.8595, 'recall': 0.8594999999999999}, 'custo': {'mtp': 24371444, 'tpi': 0.00538752185311287, 'ms': 92.96968078613281}, 'solution': {'lr': 0.005471030904306576, 'model_index': 3}}, {'model_name': 'MobileNetV2', 'assertividade': {'precision': 0.7299181207720397, 'accuracy': 0.6934, 'recall': 0.6934}, 'custo': {'mtp': 2236682, 'tpi': 0.002457058353788534, 'ms': 8.532264709472656}, 'solution': {'lr': 0.006011609738684428, 'model_index': 1}}, {'model_name': 'ResNet50', 'assertividade': {'precision': 0.7788219525124982, 'accuracy': 0.7659, 'recall': 0.7659}, 'custo': {'mtp': 23528522, 'tpi': 0.003166965618255032, 'ms': 89.75418853759766}, 'solution': {'lr': 0.006362861395564334, 'model_index': 2}}, {'model_name': 'VGG16', 'assertividade': {'precision': 0.01000100010001, 'accuracy': 0.1, 'recall': 0.1}, 'custo': {'mtp': 134309962, 'tpi': 0.001166121974872176, 'ms': 512.3518447875977}, 'solution': {'lr': 0.006193823259265243, 'model_index': 4}}]
maximos_a:  [0.9003294748121103, 0.8979, 0.8978999999999999]
minimos_a:  [0.0, 0.0, 0.0]
maximos_c (fixos do aquecimento):  [134309962, 0.01336536556482315, 512.3518447875977]
minimos_c (fixos do aquecimento):  [2236682, 0.0026650354266166687, 8.532264709472656]
🔹 A (Assertividade Normalizada):  0.03811448089833132
🔹 C (Custo Normalizado):  0.1883940966391198
🔹 S (Score OACE):  0.11325428876872556
Resultado do OACE por Iteração:  {'model_name': 'VGG16', 'A': 0.03811448089833132, 'C': 0.1883940966391198, 'Score': 0.11325428876872556, 'solution': {'lr': 0.006193823259265243, 'model_index': 4}}
▶️ Iteration 85/150 (Round 2): model 0 e lr 0.005629524441133643
🔀 Random Seed Atual: 634
Epoch: 1 	Training Loss: 1.381049 	Validation Loss: 0.574127
Epoch: 2 	Training Loss: 1.664147 	Validation Loss: 0.447921
Epoch: 3 	Training Loss: 1.747309 	Validation Loss: 0.430016
Epoch: 4 	Training Loss: 1.739849 	Validation Loss: 0.423899
Epoch: 5 	Training Loss: 1.795173 	Validation Loss: 0.430106
Epoch: 6 	Training Loss: 1.790446 	Validation Loss: 0.426267
Epoch: 7 	Training Loss: 1.756992 	Validation Loss: 0.427035
Epoch: 8 	Training Loss: 1.858391 	Validation Loss: 0.457641
Epoch: 9 	Training Loss: 1.825373 	Validation Loss: 0.443790
Early stopping after 9 epochs due to no improvement.

🔎 INICIANDO A AVALIAÇÃO DO OACE PARA ITERAÇÃO ATUAL
iteration_metrics:  {'model_name': 'EfficientNetB0', 'assertividade': {'precision': 0.08188362271729031, 'accuracy': 0.1373, 'recall': 0.1373}, 'custo': {'mtp': 4020358, 'tpi': 0.004042677059295071, 'ms': 15.336448669433594}, 'solution': {'lr': 0.005629524441133643, 'model_index': 0}}
accumulated_metrics:  [{'model_name': 'ResNet50', 'assertividade': {'precision': 0.8009218038002924, 'accuracy': 0.7939, 'recall': 0.7939}, 'custo': {'mtp': 23528522, 'tpi': 0.0028181349395946334, 'ms': 89.75418853759766}, 'solution': {'lr': 0.009411558605875382, 'model_index': 2}}, {'model_name': 'ResNet50', 'assertividade': {'precision': 0.7962583353880739, 'accuracy': 0.7912, 'recall': 0.7911999999999999}, 'custo': {'mtp': 23528522, 'tpi': 0.002786674317280958, 'ms': 89.75418853759766}, 'solution': {'lr': 0.01, 'model_index': 2}}, {'model_name': 'VGG16', 'assertividade': {'precision': 0.030910310200151316, 'accuracy': 0.1105, 'recall': 0.1105}, 'custo': {'mtp': 134309962, 'tpi': 0.0010961787715838972, 'ms': 512.3518447875977}, 'solution': {'lr': 0.009385339374622393, 'model_index': 4}}, {'model_name': 'ResNet50', 'assertividade': {'precision': 0.8262079001982474, 'accuracy': 0.8253, 'recall': 0.8253}, 'custo': {'mtp': 23528522, 'tpi': 0.002792718304190666, 'ms': 89.75418853759766}, 'solution': {'lr': 0.009200032538958128, 'model_index': 2}}, {'model_name': 'VGG16', 'assertividade': {'precision': 0.0697968749117569, 'accuracy': 0.1064, 'recall': 0.10640000000000001}, 'custo': {'mtp': 134309962, 'tpi': 0.0011415466381486054, 'ms': 512.3518447875977}, 'solution': {'lr': 0.008583254241427335, 'model_index': 4}}, {'model_name': 'InceptionV3', 'assertividade': {'precision': 0.8578975991702025, 'accuracy': 0.8557, 'recall': 0.8557}, 'custo': {'mtp': 24371444, 'tpi': 0.0054015171755651, 'ms': 92.96968078613281}, 'solution': {'lr': 0.007834984027862186, 'model_index': 3}}, {'model_name': 'VGG16', 'assertividade': {'precision': 0.04583784143018542, 'accuracy': 0.1016, 'recall': 0.1016}, 'custo': {'mtp': 134309962, 'tpi': 0.0011684135266929675, 'ms': 512.3518447875977}, 'solution': {'lr': 0.007321352609678986, 'model_index': 4}}, {'model_name': 'EfficientNetB0', 'assertividade': {'precision': 0.06798022166375269, 'accuracy': 0.1117, 'recall': 0.1117}, 'custo': {'mtp': 4020358, 'tpi': 0.003945086412369066, 'ms': 15.336448669433594}, 'solution': {'lr': 0.007665691294348975, 'model_index': 0}}, {'model_name': 'EfficientNetB0', 'assertividade': {'precision': 0.10281109219470826, 'accuracy': 0.172, 'recall': 0.17200000000000001}, 'custo': {'mtp': 4020358, 'tpi': 0.003598513876556591, 'ms': 15.336448669433594}, 'solution': {'lr': 0.007968809670981293, 'model_index': 0}}, {'model_name': 'MobileNetV2', 'assertividade': {'precision': 0.6786094694926865, 'accuracy': 0.671, 'recall': 0.671}, 'custo': {'mtp': 2236682, 'tpi': 0.0024538495738035556, 'ms': 8.532264709472656}, 'solution': {'lr': 0.007381222478438391, 'model_index': 1}}, {'model_name': 'ResNet50', 'assertividade': {'precision': 0.7942024962942702, 'accuracy': 0.7927, 'recall': 0.7927000000000001}, 'custo': {'mtp': 23528522, 'tpi': 0.003041410142449057, 'ms': 89.75418853759766}, 'solution': {'lr': 0.00757298478728058, 'model_index': 2}}, {'model_name': 'ResNet50', 'assertividade': {'precision': 0.8042431437870426, 'accuracy': 0.7964, 'recall': 0.7964}, 'custo': {'mtp': 23528522, 'tpi': 0.002942202197518318, 'ms': 89.75418853759766}, 'solution': {'lr': 0.007489412234523299, 'model_index': 2}}, {'model_name': 'ResNet50', 'assertividade': {'precision': 0.8077341729274735, 'accuracy': 0.8035, 'recall': 0.8035}, 'custo': {'mtp': 23528522, 'tpi': 0.0030761661043592317, 'ms': 89.75418853759766}, 'solution': {'lr': 0.007554773556347464, 'model_index': 2}}, {'model_name': 'MobileNetV2', 'assertividade': {'precision': 0.6847048463203063, 'accuracy': 0.6648, 'recall': 0.6648000000000001}, 'custo': {'mtp': 2236682, 'tpi': 0.0025336985375471175, 'ms': 8.532264709472656}, 'solution': {'lr': 0.008046419612519723, 'model_index': 1}}, {'model_name': 'EfficientNetB0', 'assertividade': {'precision': 0.1248386893874192, 'accuracy': 0.1237, 'recall': 0.1237}, 'custo': {'mtp': 4020358, 'tpi': 0.003957789415007185, 'ms': 15.336448669433594}, 'solution': {'lr': 0.007687934293544706, 'model_index': 0}}, {'model_name': 'VGG16', 'assertividade': {'precision': 0.01, 'accuracy': 0.1, 'recall': 0.1}, 'custo': {'mtp': 134309962, 'tpi': 0.0011613247500863045, 'ms': 512.3518447875977}, 'solution': {'lr': 0.007309453931443001, 'model_index': 4}}, {'model_name': 'EfficientNetB0', 'assertividade': {'precision': 0.13136600218048108, 'accuracy': 0.1511, 'recall': 0.1511}, 'custo': {'mtp': 4020358, 'tpi': 0.004022663565957622, 'ms': 15.336448669433594}, 'solution': {'lr': 0.00691632082118639, 'model_index': 0}}, {'model_name': 'InceptionV3', 'assertividade': {'precision': 0.8712609687057101, 'accuracy': 0.8697, 'recall': 0.8696999999999999}, 'custo': {'mtp': 24371444, 'tpi': 0.005143475380672771, 'ms': 92.96968078613281}, 'solution': {'lr': 0.006261602283322618, 'model_index': 3}}, {'model_name': 'InceptionV3', 'assertividade': {'precision': 0.8698179986182968, 'accuracy': 0.8603, 'recall': 0.8603}, 'custo': {'mtp': 24371444, 'tpi': 0.005547596390839595, 'ms': 92.96968078613281}, 'solution': {'lr': 0.006503685863975264, 'model_index': 3}}, {'model_name': 'MobileNetV2', 'assertividade': {'precision': 0.6952846098809776, 'accuracy': 0.6799, 'recall': 0.6799000000000001}, 'custo': {'mtp': 2236682, 'tpi': 0.002634264101648027, 'ms': 8.532264709472656}, 'solution': {'lr': 0.006451332726154935, 'model_index': 1}}, {'model_name': 'EfficientNetB0', 'assertividade': {'precision': 0.05315194466843289, 'accuracy': 0.1371, 'recall': 0.1371}, 'custo': {'mtp': 4020358, 'tpi': 0.004043345238752426, 'ms': 15.336448669433594}, 'solution': {'lr': 0.006462692723446212, 'model_index': 0}}, {'model_name': 'VGG16', 'assertividade': {'precision': 0.035603438593459755, 'accuracy': 0.101, 'recall': 0.101}, 'custo': {'mtp': 134309962, 'tpi': 0.0010741334052602196, 'ms': 512.3518447875977}, 'solution': {'lr': 0.006105196024538004, 'model_index': 4}}, {'model_name': 'VGG16', 'assertividade': {'precision': 0.01, 'accuracy': 0.1, 'recall': 0.1}, 'custo': {'mtp': 134309962, 'tpi': 0.001185572071439901, 'ms': 512.3518447875977}, 'solution': {'lr': 0.005878443865063257, 'model_index': 4}}, {'model_name': 'InceptionV3', 'assertividade': {'precision': 0.8442797368090256, 'accuracy': 0.8424, 'recall': 0.8423999999999999}, 'custo': {'mtp': 24371444, 'tpi': 0.005463994992007116, 'ms': 92.96968078613281}, 'solution': {'lr': 0.005638140049519019, 'model_index': 3}}, {'model_name': 'MobileNetV2', 'assertividade': {'precision': 0.7529173332552663, 'accuracy': 0.7472, 'recall': 0.7472}, 'custo': {'mtp': 2236682, 'tpi': 0.002584711001936797, 'ms': 8.532264709472656}, 'solution': {'lr': 0.005125342560045348, 'model_index': 1}}, {'model_name': 'EfficientNetB0', 'assertividade': {'precision': 0.0853012013078647, 'accuracy': 0.1353, 'recall': 0.13529999999999998}, 'custo': {'mtp': 4020358, 'tpi': 0.003957494808610078, 'ms': 15.336448669433594}, 'solution': {'lr': 0.004806745735259634, 'model_index': 0}}, {'model_name': 'ResNet50', 'assertividade': {'precision': 0.8077068585230256, 'accuracy': 0.8034, 'recall': 0.8034000000000001}, 'custo': {'mtp': 23528522, 'tpi': 0.0031378922189117236, 'ms': 89.75418853759766}, 'solution': {'lr': 0.005285534690351972, 'model_index': 2}}, {'model_name': 'EfficientNetB0', 'assertividade': {'precision': 0.09191782894674771, 'accuracy': 0.115, 'recall': 0.11500000000000002}, 'custo': {'mtp': 4020358, 'tpi': 0.0039758500020215465, 'ms': 15.336448669433594}, 'solution': {'lr': 0.005143324100179946, 'model_index': 0}}, {'model_name': 'VGG16', 'assertividade': {'precision': 0.030796762332266848, 'accuracy': 0.1015, 'recall': 0.10149999999999999}, 'custo': {'mtp': 134309962, 'tpi': 0.0010828121452574517, 'ms': 512.3518447875977}, 'solution': {'lr': 0.005584700524162901, 'model_index': 4}}, {'model_name': 'EfficientNetB0', 'assertividade': {'precision': 0.0978445901869881, 'accuracy': 0.1778, 'recall': 0.1778}, 'custo': {'mtp': 4020358, 'tpi': 0.0036647836114190946, 'ms': 15.336448669433594}, 'solution': {'lr': 0.006006869250016379, 'model_index': 0}}, {'model_name': 'InceptionV3', 'assertividade': {'precision': 0.8667078400644556, 'accuracy': 0.8595, 'recall': 0.8594999999999999}, 'custo': {'mtp': 24371444, 'tpi': 0.00538752185311287, 'ms': 92.96968078613281}, 'solution': {'lr': 0.005471030904306576, 'model_index': 3}}, {'model_name': 'MobileNetV2', 'assertividade': {'precision': 0.7299181207720397, 'accuracy': 0.6934, 'recall': 0.6934}, 'custo': {'mtp': 2236682, 'tpi': 0.002457058353788534, 'ms': 8.532264709472656}, 'solution': {'lr': 0.006011609738684428, 'model_index': 1}}, {'model_name': 'ResNet50', 'assertividade': {'precision': 0.7788219525124982, 'accuracy': 0.7659, 'recall': 0.7659}, 'custo': {'mtp': 23528522, 'tpi': 0.003166965618255032, 'ms': 89.75418853759766}, 'solution': {'lr': 0.006362861395564334, 'model_index': 2}}, {'model_name': 'VGG16', 'assertividade': {'precision': 0.01000100010001, 'accuracy': 0.1, 'recall': 0.1}, 'custo': {'mtp': 134309962, 'tpi': 0.001166121974872176, 'ms': 512.3518447875977}, 'solution': {'lr': 0.006193823259265243, 'model_index': 4}}, {'model_name': 'EfficientNetB0', 'assertividade': {'precision': 0.08188362271729031, 'accuracy': 0.1373, 'recall': 0.1373}, 'custo': {'mtp': 4020358, 'tpi': 0.004042677059295071, 'ms': 15.336448669433594}, 'solution': {'lr': 0.005629524441133643, 'model_index': 0}}]
maximos_a:  [0.9003294748121103, 0.8979, 0.8978999999999999]
minimos_a:  [0.0, 0.0, 0.0]
maximos_c (fixos do aquecimento):  [134309962, 0.01336536556482315, 512.3518447875977]
minimos_c (fixos do aquecimento):  [2236682, 0.0026650354266166687, 8.532264709472656]
🔹 A (Assertividade Normalizada):  0.10763879952905346
🔹 C (Custo Normalizado):  0.9647838159099873
🔹 S (Score OACE):  0.5362113077195204
Resultado do OACE por Iteração:  {'model_name': 'EfficientNetB0', 'A': 0.10763879952905346, 'C': 0.9647838159099873, 'Score': 0.5362113077195204, 'solution': {'lr': 0.005629524441133643, 'model_index': 0}}
✅ Checkpoint salvo na Rodada 2, Iteração 85.
▶️ Iteration 86/150 (Round 2): model 0 e lr 0.005210389212410933
🔀 Random Seed Atual: 635
Epoch: 1 	Training Loss: 1.460808 	Validation Loss: 0.448190
Epoch: 2 	Training Loss: 1.711434 	Validation Loss: 0.451781
Epoch: 3 	Training Loss: 1.820097 	Validation Loss: 0.446668
Epoch: 4 	Training Loss: 1.754311 	Validation Loss: 0.441553
Epoch: 5 	Training Loss: 1.847335 	Validation Loss: 0.468957
Epoch: 6 	Training Loss: 1.874875 	Validation Loss: 0.459715
Epoch: 7 	Training Loss: 1.836694 	Validation Loss: 0.440063
Epoch: 8 	Training Loss: 1.756231 	Validation Loss: 0.431991
Epoch: 9 	Training Loss: 1.789151 	Validation Loss: 0.450512
Epoch: 10 	Training Loss: 1.834480 	Validation Loss: 0.448231
Epoch: 11 	Training Loss: 1.814003 	Validation Loss: 0.462580
Epoch: 12 	Training Loss: 1.877098 	Validation Loss: 0.462116
Epoch: 13 	Training Loss: 1.868819 	Validation Loss: 0.463807
Early stopping after 13 epochs due to no improvement.

🔎 INICIANDO A AVALIAÇÃO DO OACE PARA ITERAÇÃO ATUAL
iteration_metrics:  {'model_name': 'EfficientNetB0', 'assertividade': {'precision': 0.04755121583492965, 'accuracy': 0.1076, 'recall': 0.1076}, 'custo': {'mtp': 4020358, 'tpi': 0.004103088075188315, 'ms': 15.336448669433594}, 'solution': {'lr': 0.005210389212410933, 'model_index': 0}}
accumulated_metrics:  [{'model_name': 'ResNet50', 'assertividade': {'precision': 0.8009218038002924, 'accuracy': 0.7939, 'recall': 0.7939}, 'custo': {'mtp': 23528522, 'tpi': 0.0028181349395946334, 'ms': 89.75418853759766}, 'solution': {'lr': 0.009411558605875382, 'model_index': 2}}, {'model_name': 'ResNet50', 'assertividade': {'precision': 0.7962583353880739, 'accuracy': 0.7912, 'recall': 0.7911999999999999}, 'custo': {'mtp': 23528522, 'tpi': 0.002786674317280958, 'ms': 89.75418853759766}, 'solution': {'lr': 0.01, 'model_index': 2}}, {'model_name': 'VGG16', 'assertividade': {'precision': 0.030910310200151316, 'accuracy': 0.1105, 'recall': 0.1105}, 'custo': {'mtp': 134309962, 'tpi': 0.0010961787715838972, 'ms': 512.3518447875977}, 'solution': {'lr': 0.009385339374622393, 'model_index': 4}}, {'model_name': 'ResNet50', 'assertividade': {'precision': 0.8262079001982474, 'accuracy': 0.8253, 'recall': 0.8253}, 'custo': {'mtp': 23528522, 'tpi': 0.002792718304190666, 'ms': 89.75418853759766}, 'solution': {'lr': 0.009200032538958128, 'model_index': 2}}, {'model_name': 'VGG16', 'assertividade': {'precision': 0.0697968749117569, 'accuracy': 0.1064, 'recall': 0.10640000000000001}, 'custo': {'mtp': 134309962, 'tpi': 0.0011415466381486054, 'ms': 512.3518447875977}, 'solution': {'lr': 0.008583254241427335, 'model_index': 4}}, {'model_name': 'InceptionV3', 'assertividade': {'precision': 0.8578975991702025, 'accuracy': 0.8557, 'recall': 0.8557}, 'custo': {'mtp': 24371444, 'tpi': 0.0054015171755651, 'ms': 92.96968078613281}, 'solution': {'lr': 0.007834984027862186, 'model_index': 3}}, {'model_name': 'VGG16', 'assertividade': {'precision': 0.04583784143018542, 'accuracy': 0.1016, 'recall': 0.1016}, 'custo': {'mtp': 134309962, 'tpi': 0.0011684135266929675, 'ms': 512.3518447875977}, 'solution': {'lr': 0.007321352609678986, 'model_index': 4}}, {'model_name': 'EfficientNetB0', 'assertividade': {'precision': 0.06798022166375269, 'accuracy': 0.1117, 'recall': 0.1117}, 'custo': {'mtp': 4020358, 'tpi': 0.003945086412369066, 'ms': 15.336448669433594}, 'solution': {'lr': 0.007665691294348975, 'model_index': 0}}, {'model_name': 'EfficientNetB0', 'assertividade': {'precision': 0.10281109219470826, 'accuracy': 0.172, 'recall': 0.17200000000000001}, 'custo': {'mtp': 4020358, 'tpi': 0.003598513876556591, 'ms': 15.336448669433594}, 'solution': {'lr': 0.007968809670981293, 'model_index': 0}}, {'model_name': 'MobileNetV2', 'assertividade': {'precision': 0.6786094694926865, 'accuracy': 0.671, 'recall': 0.671}, 'custo': {'mtp': 2236682, 'tpi': 0.0024538495738035556, 'ms': 8.532264709472656}, 'solution': {'lr': 0.007381222478438391, 'model_index': 1}}, {'model_name': 'ResNet50', 'assertividade': {'precision': 0.7942024962942702, 'accuracy': 0.7927, 'recall': 0.7927000000000001}, 'custo': {'mtp': 23528522, 'tpi': 0.003041410142449057, 'ms': 89.75418853759766}, 'solution': {'lr': 0.00757298478728058, 'model_index': 2}}, {'model_name': 'ResNet50', 'assertividade': {'precision': 0.8042431437870426, 'accuracy': 0.7964, 'recall': 0.7964}, 'custo': {'mtp': 23528522, 'tpi': 0.002942202197518318, 'ms': 89.75418853759766}, 'solution': {'lr': 0.007489412234523299, 'model_index': 2}}, {'model_name': 'ResNet50', 'assertividade': {'precision': 0.8077341729274735, 'accuracy': 0.8035, 'recall': 0.8035}, 'custo': {'mtp': 23528522, 'tpi': 0.0030761661043592317, 'ms': 89.75418853759766}, 'solution': {'lr': 0.007554773556347464, 'model_index': 2}}, {'model_name': 'MobileNetV2', 'assertividade': {'precision': 0.6847048463203063, 'accuracy': 0.6648, 'recall': 0.6648000000000001}, 'custo': {'mtp': 2236682, 'tpi': 0.0025336985375471175, 'ms': 8.532264709472656}, 'solution': {'lr': 0.008046419612519723, 'model_index': 1}}, {'model_name': 'EfficientNetB0', 'assertividade': {'precision': 0.1248386893874192, 'accuracy': 0.1237, 'recall': 0.1237}, 'custo': {'mtp': 4020358, 'tpi': 0.003957789415007185, 'ms': 15.336448669433594}, 'solution': {'lr': 0.007687934293544706, 'model_index': 0}}, {'model_name': 'VGG16', 'assertividade': {'precision': 0.01, 'accuracy': 0.1, 'recall': 0.1}, 'custo': {'mtp': 134309962, 'tpi': 0.0011613247500863045, 'ms': 512.3518447875977}, 'solution': {'lr': 0.007309453931443001, 'model_index': 4}}, {'model_name': 'EfficientNetB0', 'assertividade': {'precision': 0.13136600218048108, 'accuracy': 0.1511, 'recall': 0.1511}, 'custo': {'mtp': 4020358, 'tpi': 0.004022663565957622, 'ms': 15.336448669433594}, 'solution': {'lr': 0.00691632082118639, 'model_index': 0}}, {'model_name': 'InceptionV3', 'assertividade': {'precision': 0.8712609687057101, 'accuracy': 0.8697, 'recall': 0.8696999999999999}, 'custo': {'mtp': 24371444, 'tpi': 0.005143475380672771, 'ms': 92.96968078613281}, 'solution': {'lr': 0.006261602283322618, 'model_index': 3}}, {'model_name': 'InceptionV3', 'assertividade': {'precision': 0.8698179986182968, 'accuracy': 0.8603, 'recall': 0.8603}, 'custo': {'mtp': 24371444, 'tpi': 0.005547596390839595, 'ms': 92.96968078613281}, 'solution': {'lr': 0.006503685863975264, 'model_index': 3}}, {'model_name': 'MobileNetV2', 'assertividade': {'precision': 0.6952846098809776, 'accuracy': 0.6799, 'recall': 0.6799000000000001}, 'custo': {'mtp': 2236682, 'tpi': 0.002634264101648027, 'ms': 8.532264709472656}, 'solution': {'lr': 0.006451332726154935, 'model_index': 1}}, {'model_name': 'EfficientNetB0', 'assertividade': {'precision': 0.05315194466843289, 'accuracy': 0.1371, 'recall': 0.1371}, 'custo': {'mtp': 4020358, 'tpi': 0.004043345238752426, 'ms': 15.336448669433594}, 'solution': {'lr': 0.006462692723446212, 'model_index': 0}}, {'model_name': 'VGG16', 'assertividade': {'precision': 0.035603438593459755, 'accuracy': 0.101, 'recall': 0.101}, 'custo': {'mtp': 134309962, 'tpi': 0.0010741334052602196, 'ms': 512.3518447875977}, 'solution': {'lr': 0.006105196024538004, 'model_index': 4}}, {'model_name': 'VGG16', 'assertividade': {'precision': 0.01, 'accuracy': 0.1, 'recall': 0.1}, 'custo': {'mtp': 134309962, 'tpi': 0.001185572071439901, 'ms': 512.3518447875977}, 'solution': {'lr': 0.005878443865063257, 'model_index': 4}}, {'model_name': 'InceptionV3', 'assertividade': {'precision': 0.8442797368090256, 'accuracy': 0.8424, 'recall': 0.8423999999999999}, 'custo': {'mtp': 24371444, 'tpi': 0.005463994992007116, 'ms': 92.96968078613281}, 'solution': {'lr': 0.005638140049519019, 'model_index': 3}}, {'model_name': 'MobileNetV2', 'assertividade': {'precision': 0.7529173332552663, 'accuracy': 0.7472, 'recall': 0.7472}, 'custo': {'mtp': 2236682, 'tpi': 0.002584711001936797, 'ms': 8.532264709472656}, 'solution': {'lr': 0.005125342560045348, 'model_index': 1}}, {'model_name': 'EfficientNetB0', 'assertividade': {'precision': 0.0853012013078647, 'accuracy': 0.1353, 'recall': 0.13529999999999998}, 'custo': {'mtp': 4020358, 'tpi': 0.003957494808610078, 'ms': 15.336448669433594}, 'solution': {'lr': 0.004806745735259634, 'model_index': 0}}, {'model_name': 'ResNet50', 'assertividade': {'precision': 0.8077068585230256, 'accuracy': 0.8034, 'recall': 0.8034000000000001}, 'custo': {'mtp': 23528522, 'tpi': 0.0031378922189117236, 'ms': 89.75418853759766}, 'solution': {'lr': 0.005285534690351972, 'model_index': 2}}, {'model_name': 'EfficientNetB0', 'assertividade': {'precision': 0.09191782894674771, 'accuracy': 0.115, 'recall': 0.11500000000000002}, 'custo': {'mtp': 4020358, 'tpi': 0.0039758500020215465, 'ms': 15.336448669433594}, 'solution': {'lr': 0.005143324100179946, 'model_index': 0}}, {'model_name': 'VGG16', 'assertividade': {'precision': 0.030796762332266848, 'accuracy': 0.1015, 'recall': 0.10149999999999999}, 'custo': {'mtp': 134309962, 'tpi': 0.0010828121452574517, 'ms': 512.3518447875977}, 'solution': {'lr': 0.005584700524162901, 'model_index': 4}}, {'model_name': 'EfficientNetB0', 'assertividade': {'precision': 0.0978445901869881, 'accuracy': 0.1778, 'recall': 0.1778}, 'custo': {'mtp': 4020358, 'tpi': 0.0036647836114190946, 'ms': 15.336448669433594}, 'solution': {'lr': 0.006006869250016379, 'model_index': 0}}, {'model_name': 'InceptionV3', 'assertividade': {'precision': 0.8667078400644556, 'accuracy': 0.8595, 'recall': 0.8594999999999999}, 'custo': {'mtp': 24371444, 'tpi': 0.00538752185311287, 'ms': 92.96968078613281}, 'solution': {'lr': 0.005471030904306576, 'model_index': 3}}, {'model_name': 'MobileNetV2', 'assertividade': {'precision': 0.7299181207720397, 'accuracy': 0.6934, 'recall': 0.6934}, 'custo': {'mtp': 2236682, 'tpi': 0.002457058353788534, 'ms': 8.532264709472656}, 'solution': {'lr': 0.006011609738684428, 'model_index': 1}}, {'model_name': 'ResNet50', 'assertividade': {'precision': 0.7788219525124982, 'accuracy': 0.7659, 'recall': 0.7659}, 'custo': {'mtp': 23528522, 'tpi': 0.003166965618255032, 'ms': 89.75418853759766}, 'solution': {'lr': 0.006362861395564334, 'model_index': 2}}, {'model_name': 'VGG16', 'assertividade': {'precision': 0.01000100010001, 'accuracy': 0.1, 'recall': 0.1}, 'custo': {'mtp': 134309962, 'tpi': 0.001166121974872176, 'ms': 512.3518447875977}, 'solution': {'lr': 0.006193823259265243, 'model_index': 4}}, {'model_name': 'EfficientNetB0', 'assertividade': {'precision': 0.08188362271729031, 'accuracy': 0.1373, 'recall': 0.1373}, 'custo': {'mtp': 4020358, 'tpi': 0.004042677059295071, 'ms': 15.336448669433594}, 'solution': {'lr': 0.005629524441133643, 'model_index': 0}}, {'model_name': 'EfficientNetB0', 'assertividade': {'precision': 0.04755121583492965, 'accuracy': 0.1076, 'recall': 0.1076}, 'custo': {'mtp': 4020358, 'tpi': 0.004103088075188315, 'ms': 15.336448669433594}, 'solution': {'lr': 0.005210389212410933, 'model_index': 0}}]
maximos_a:  [0.9003294748121103, 0.8979, 0.8978999999999999]
minimos_a:  [0.0, 0.0, 0.0]
maximos_c (fixos do aquecimento):  [134309962, 0.01336536556482315, 512.3518447875977]
minimos_c (fixos do aquecimento):  [2236682, 0.0026650354266166687, 8.532264709472656]
🔹 A (Assertividade Normalizada):  0.07086749549875374
🔹 C (Custo Normalizado):  0.9637201965057951
🔹 S (Score OACE):  0.5172938460022745
Resultado do OACE por Iteração:  {'model_name': 'EfficientNetB0', 'A': 0.07086749549875374, 'C': 0.9637201965057951, 'Score': 0.5172938460022745, 'solution': {'lr': 0.005210389212410933, 'model_index': 0}}
▶️ Iteration 87/150 (Round 2): model 4 e lr 0.005049490153962252
🔀 Random Seed Atual: 636
Epoch: 1 	Training Loss: 2.350328 	Validation Loss: 2850.460919
Epoch: 2 	Training Loss: 2.220491 	Validation Loss: 0.626295
Epoch: 3 	Training Loss: 1.844318 	Validation Loss: 0.561227
Epoch: 4 	Training Loss: 1.843250 	Validation Loss: 0.817666
Epoch: 5 	Training Loss: 1.843034 	Validation Loss: 0.540632
Epoch: 6 	Training Loss: 1.842845 	Validation Loss: 0.692890
Epoch: 7 	Training Loss: 1.842972 	Validation Loss: 0.533694
Epoch: 8 	Training Loss: 1.842527 	Validation Loss: 0.606513
Epoch: 9 	Training Loss: 1.842565 	Validation Loss: 0.638003
Epoch: 10 	Training Loss: 1.842537 	Validation Loss: 0.701882
Epoch: 11 	Training Loss: 1.842578 	Validation Loss: 0.585254
Epoch: 12 	Training Loss: 1.842521 	Validation Loss: 0.894570
Early stopping after 12 epochs due to no improvement.

🔎 INICIANDO A AVALIAÇÃO DO OACE PARA ITERAÇÃO ATUAL
iteration_metrics:  {'model_name': 'VGG16', 'assertividade': {'precision': 0.06061119643411522, 'accuracy': 0.1046, 'recall': 0.10459999999999998}, 'custo': {'mtp': 134309962, 'tpi': 0.0011645836435305844, 'ms': 512.3518447875977}, 'solution': {'lr': 0.005049490153962252, 'model_index': 4}}
accumulated_metrics:  [{'model_name': 'ResNet50', 'assertividade': {'precision': 0.8009218038002924, 'accuracy': 0.7939, 'recall': 0.7939}, 'custo': {'mtp': 23528522, 'tpi': 0.0028181349395946334, 'ms': 89.75418853759766}, 'solution': {'lr': 0.009411558605875382, 'model_index': 2}}, {'model_name': 'ResNet50', 'assertividade': {'precision': 0.7962583353880739, 'accuracy': 0.7912, 'recall': 0.7911999999999999}, 'custo': {'mtp': 23528522, 'tpi': 0.002786674317280958, 'ms': 89.75418853759766}, 'solution': {'lr': 0.01, 'model_index': 2}}, {'model_name': 'VGG16', 'assertividade': {'precision': 0.030910310200151316, 'accuracy': 0.1105, 'recall': 0.1105}, 'custo': {'mtp': 134309962, 'tpi': 0.0010961787715838972, 'ms': 512.3518447875977}, 'solution': {'lr': 0.009385339374622393, 'model_index': 4}}, {'model_name': 'ResNet50', 'assertividade': {'precision': 0.8262079001982474, 'accuracy': 0.8253, 'recall': 0.8253}, 'custo': {'mtp': 23528522, 'tpi': 0.002792718304190666, 'ms': 89.75418853759766}, 'solution': {'lr': 0.009200032538958128, 'model_index': 2}}, {'model_name': 'VGG16', 'assertividade': {'precision': 0.0697968749117569, 'accuracy': 0.1064, 'recall': 0.10640000000000001}, 'custo': {'mtp': 134309962, 'tpi': 0.0011415466381486054, 'ms': 512.3518447875977}, 'solution': {'lr': 0.008583254241427335, 'model_index': 4}}, {'model_name': 'InceptionV3', 'assertividade': {'precision': 0.8578975991702025, 'accuracy': 0.8557, 'recall': 0.8557}, 'custo': {'mtp': 24371444, 'tpi': 0.0054015171755651, 'ms': 92.96968078613281}, 'solution': {'lr': 0.007834984027862186, 'model_index': 3}}, {'model_name': 'VGG16', 'assertividade': {'precision': 0.04583784143018542, 'accuracy': 0.1016, 'recall': 0.1016}, 'custo': {'mtp': 134309962, 'tpi': 0.0011684135266929675, 'ms': 512.3518447875977}, 'solution': {'lr': 0.007321352609678986, 'model_index': 4}}, {'model_name': 'EfficientNetB0', 'assertividade': {'precision': 0.06798022166375269, 'accuracy': 0.1117, 'recall': 0.1117}, 'custo': {'mtp': 4020358, 'tpi': 0.003945086412369066, 'ms': 15.336448669433594}, 'solution': {'lr': 0.007665691294348975, 'model_index': 0}}, {'model_name': 'EfficientNetB0', 'assertividade': {'precision': 0.10281109219470826, 'accuracy': 0.172, 'recall': 0.17200000000000001}, 'custo': {'mtp': 4020358, 'tpi': 0.003598513876556591, 'ms': 15.336448669433594}, 'solution': {'lr': 0.007968809670981293, 'model_index': 0}}, {'model_name': 'MobileNetV2', 'assertividade': {'precision': 0.6786094694926865, 'accuracy': 0.671, 'recall': 0.671}, 'custo': {'mtp': 2236682, 'tpi': 0.0024538495738035556, 'ms': 8.532264709472656}, 'solution': {'lr': 0.007381222478438391, 'model_index': 1}}, {'model_name': 'ResNet50', 'assertividade': {'precision': 0.7942024962942702, 'accuracy': 0.7927, 'recall': 0.7927000000000001}, 'custo': {'mtp': 23528522, 'tpi': 0.003041410142449057, 'ms': 89.75418853759766}, 'solution': {'lr': 0.00757298478728058, 'model_index': 2}}, {'model_name': 'ResNet50', 'assertividade': {'precision': 0.8042431437870426, 'accuracy': 0.7964, 'recall': 0.7964}, 'custo': {'mtp': 23528522, 'tpi': 0.002942202197518318, 'ms': 89.75418853759766}, 'solution': {'lr': 0.007489412234523299, 'model_index': 2}}, {'model_name': 'ResNet50', 'assertividade': {'precision': 0.8077341729274735, 'accuracy': 0.8035, 'recall': 0.8035}, 'custo': {'mtp': 23528522, 'tpi': 0.0030761661043592317, 'ms': 89.75418853759766}, 'solution': {'lr': 0.007554773556347464, 'model_index': 2}}, {'model_name': 'MobileNetV2', 'assertividade': {'precision': 0.6847048463203063, 'accuracy': 0.6648, 'recall': 0.6648000000000001}, 'custo': {'mtp': 2236682, 'tpi': 0.0025336985375471175, 'ms': 8.532264709472656}, 'solution': {'lr': 0.008046419612519723, 'model_index': 1}}, {'model_name': 'EfficientNetB0', 'assertividade': {'precision': 0.1248386893874192, 'accuracy': 0.1237, 'recall': 0.1237}, 'custo': {'mtp': 4020358, 'tpi': 0.003957789415007185, 'ms': 15.336448669433594}, 'solution': {'lr': 0.007687934293544706, 'model_index': 0}}, {'model_name': 'VGG16', 'assertividade': {'precision': 0.01, 'accuracy': 0.1, 'recall': 0.1}, 'custo': {'mtp': 134309962, 'tpi': 0.0011613247500863045, 'ms': 512.3518447875977}, 'solution': {'lr': 0.007309453931443001, 'model_index': 4}}, {'model_name': 'EfficientNetB0', 'assertividade': {'precision': 0.13136600218048108, 'accuracy': 0.1511, 'recall': 0.1511}, 'custo': {'mtp': 4020358, 'tpi': 0.004022663565957622, 'ms': 15.336448669433594}, 'solution': {'lr': 0.00691632082118639, 'model_index': 0}}, {'model_name': 'InceptionV3', 'assertividade': {'precision': 0.8712609687057101, 'accuracy': 0.8697, 'recall': 0.8696999999999999}, 'custo': {'mtp': 24371444, 'tpi': 0.005143475380672771, 'ms': 92.96968078613281}, 'solution': {'lr': 0.006261602283322618, 'model_index': 3}}, {'model_name': 'InceptionV3', 'assertividade': {'precision': 0.8698179986182968, 'accuracy': 0.8603, 'recall': 0.8603}, 'custo': {'mtp': 24371444, 'tpi': 0.005547596390839595, 'ms': 92.96968078613281}, 'solution': {'lr': 0.006503685863975264, 'model_index': 3}}, {'model_name': 'MobileNetV2', 'assertividade': {'precision': 0.6952846098809776, 'accuracy': 0.6799, 'recall': 0.6799000000000001}, 'custo': {'mtp': 2236682, 'tpi': 0.002634264101648027, 'ms': 8.532264709472656}, 'solution': {'lr': 0.006451332726154935, 'model_index': 1}}, {'model_name': 'EfficientNetB0', 'assertividade': {'precision': 0.05315194466843289, 'accuracy': 0.1371, 'recall': 0.1371}, 'custo': {'mtp': 4020358, 'tpi': 0.004043345238752426, 'ms': 15.336448669433594}, 'solution': {'lr': 0.006462692723446212, 'model_index': 0}}, {'model_name': 'VGG16', 'assertividade': {'precision': 0.035603438593459755, 'accuracy': 0.101, 'recall': 0.101}, 'custo': {'mtp': 134309962, 'tpi': 0.0010741334052602196, 'ms': 512.3518447875977}, 'solution': {'lr': 0.006105196024538004, 'model_index': 4}}, {'model_name': 'VGG16', 'assertividade': {'precision': 0.01, 'accuracy': 0.1, 'recall': 0.1}, 'custo': {'mtp': 134309962, 'tpi': 0.001185572071439901, 'ms': 512.3518447875977}, 'solution': {'lr': 0.005878443865063257, 'model_index': 4}}, {'model_name': 'InceptionV3', 'assertividade': {'precision': 0.8442797368090256, 'accuracy': 0.8424, 'recall': 0.8423999999999999}, 'custo': {'mtp': 24371444, 'tpi': 0.005463994992007116, 'ms': 92.96968078613281}, 'solution': {'lr': 0.005638140049519019, 'model_index': 3}}, {'model_name': 'MobileNetV2', 'assertividade': {'precision': 0.7529173332552663, 'accuracy': 0.7472, 'recall': 0.7472}, 'custo': {'mtp': 2236682, 'tpi': 0.002584711001936797, 'ms': 8.532264709472656}, 'solution': {'lr': 0.005125342560045348, 'model_index': 1}}, {'model_name': 'EfficientNetB0', 'assertividade': {'precision': 0.0853012013078647, 'accuracy': 0.1353, 'recall': 0.13529999999999998}, 'custo': {'mtp': 4020358, 'tpi': 0.003957494808610078, 'ms': 15.336448669433594}, 'solution': {'lr': 0.004806745735259634, 'model_index': 0}}, {'model_name': 'ResNet50', 'assertividade': {'precision': 0.8077068585230256, 'accuracy': 0.8034, 'recall': 0.8034000000000001}, 'custo': {'mtp': 23528522, 'tpi': 0.0031378922189117236, 'ms': 89.75418853759766}, 'solution': {'lr': 0.005285534690351972, 'model_index': 2}}, {'model_name': 'EfficientNetB0', 'assertividade': {'precision': 0.09191782894674771, 'accuracy': 0.115, 'recall': 0.11500000000000002}, 'custo': {'mtp': 4020358, 'tpi': 0.0039758500020215465, 'ms': 15.336448669433594}, 'solution': {'lr': 0.005143324100179946, 'model_index': 0}}, {'model_name': 'VGG16', 'assertividade': {'precision': 0.030796762332266848, 'accuracy': 0.1015, 'recall': 0.10149999999999999}, 'custo': {'mtp': 134309962, 'tpi': 0.0010828121452574517, 'ms': 512.3518447875977}, 'solution': {'lr': 0.005584700524162901, 'model_index': 4}}, {'model_name': 'EfficientNetB0', 'assertividade': {'precision': 0.0978445901869881, 'accuracy': 0.1778, 'recall': 0.1778}, 'custo': {'mtp': 4020358, 'tpi': 0.0036647836114190946, 'ms': 15.336448669433594}, 'solution': {'lr': 0.006006869250016379, 'model_index': 0}}, {'model_name': 'InceptionV3', 'assertividade': {'precision': 0.8667078400644556, 'accuracy': 0.8595, 'recall': 0.8594999999999999}, 'custo': {'mtp': 24371444, 'tpi': 0.00538752185311287, 'ms': 92.96968078613281}, 'solution': {'lr': 0.005471030904306576, 'model_index': 3}}, {'model_name': 'MobileNetV2', 'assertividade': {'precision': 0.7299181207720397, 'accuracy': 0.6934, 'recall': 0.6934}, 'custo': {'mtp': 2236682, 'tpi': 0.002457058353788534, 'ms': 8.532264709472656}, 'solution': {'lr': 0.006011609738684428, 'model_index': 1}}, {'model_name': 'ResNet50', 'assertividade': {'precision': 0.7788219525124982, 'accuracy': 0.7659, 'recall': 0.7659}, 'custo': {'mtp': 23528522, 'tpi': 0.003166965618255032, 'ms': 89.75418853759766}, 'solution': {'lr': 0.006362861395564334, 'model_index': 2}}, {'model_name': 'VGG16', 'assertividade': {'precision': 0.01000100010001, 'accuracy': 0.1, 'recall': 0.1}, 'custo': {'mtp': 134309962, 'tpi': 0.001166121974872176, 'ms': 512.3518447875977}, 'solution': {'lr': 0.006193823259265243, 'model_index': 4}}, {'model_name': 'EfficientNetB0', 'assertividade': {'precision': 0.08188362271729031, 'accuracy': 0.1373, 'recall': 0.1373}, 'custo': {'mtp': 4020358, 'tpi': 0.004042677059295071, 'ms': 15.336448669433594}, 'solution': {'lr': 0.005629524441133643, 'model_index': 0}}, {'model_name': 'EfficientNetB0', 'assertividade': {'precision': 0.04755121583492965, 'accuracy': 0.1076, 'recall': 0.1076}, 'custo': {'mtp': 4020358, 'tpi': 0.004103088075188315, 'ms': 15.336448669433594}, 'solution': {'lr': 0.005210389212410933, 'model_index': 0}}, {'model_name': 'VGG16', 'assertividade': {'precision': 0.06061119643411522, 'accuracy': 0.1046, 'recall': 0.10459999999999998}, 'custo': {'mtp': 134309962, 'tpi': 0.0011645836435305844, 'ms': 512.3518447875977}, 'solution': {'lr': 0.005049490153962252, 'model_index': 4}}]
maximos_a:  [0.9003294748121103, 0.8979, 0.8978999999999999]
minimos_a:  [0.0, 0.0, 0.0]
maximos_c (fixos do aquecimento):  [134309962, 0.01336536556482315, 512.3518447875977]
minimos_c (fixos do aquecimento):  [2236682, 0.0026650354266166687, 8.532264709472656]
🔹 A (Assertividade Normalizada):  0.0805661148186862
🔹 C (Custo Normalizado):  0.1883940966391198
🔹 S (Score OACE):  0.134480105728903
Resultado do OACE por Iteração:  {'model_name': 'VGG16', 'A': 0.0805661148186862, 'C': 0.1883940966391198, 'Score': 0.134480105728903, 'solution': {'lr': 0.005049490153962252, 'model_index': 4}}
▶️ Iteration 88/150 (Round 2): model 0 e lr 0.004746318846887841
🔀 Random Seed Atual: 637
Epoch: 1 	Training Loss: 1.150324 	Validation Loss: 0.214197
Epoch: 2 	Training Loss: 1.154453 	Validation Loss: 0.384839
Epoch: 3 	Training Loss: 1.587187 	Validation Loss: 0.463596
Epoch: 4 	Training Loss: 1.717854 	Validation Loss: 0.598714
Epoch: 5 	Training Loss: 1.771414 	Validation Loss: 0.440505
Epoch: 6 	Training Loss: 1.731036 	Validation Loss: 0.433376
Early stopping after 6 epochs due to no improvement.

🔎 INICIANDO A AVALIAÇÃO DO OACE PARA ITERAÇÃO ATUAL
iteration_metrics:  {'model_name': 'EfficientNetB0', 'assertividade': {'precision': 0.13866583385150938, 'accuracy': 0.1784, 'recall': 0.17839999999999998}, 'custo': {'mtp': 4020358, 'tpi': 0.004095404011428736, 'ms': 15.336448669433594}, 'solution': {'lr': 0.004746318846887841, 'model_index': 0}}
accumulated_metrics:  [{'model_name': 'ResNet50', 'assertividade': {'precision': 0.8009218038002924, 'accuracy': 0.7939, 'recall': 0.7939}, 'custo': {'mtp': 23528522, 'tpi': 0.0028181349395946334, 'ms': 89.75418853759766}, 'solution': {'lr': 0.009411558605875382, 'model_index': 2}}, {'model_name': 'ResNet50', 'assertividade': {'precision': 0.7962583353880739, 'accuracy': 0.7912, 'recall': 0.7911999999999999}, 'custo': {'mtp': 23528522, 'tpi': 0.002786674317280958, 'ms': 89.75418853759766}, 'solution': {'lr': 0.01, 'model_index': 2}}, {'model_name': 'VGG16', 'assertividade': {'precision': 0.030910310200151316, 'accuracy': 0.1105, 'recall': 0.1105}, 'custo': {'mtp': 134309962, 'tpi': 0.0010961787715838972, 'ms': 512.3518447875977}, 'solution': {'lr': 0.009385339374622393, 'model_index': 4}}, {'model_name': 'ResNet50', 'assertividade': {'precision': 0.8262079001982474, 'accuracy': 0.8253, 'recall': 0.8253}, 'custo': {'mtp': 23528522, 'tpi': 0.002792718304190666, 'ms': 89.75418853759766}, 'solution': {'lr': 0.009200032538958128, 'model_index': 2}}, {'model_name': 'VGG16', 'assertividade': {'precision': 0.0697968749117569, 'accuracy': 0.1064, 'recall': 0.10640000000000001}, 'custo': {'mtp': 134309962, 'tpi': 0.0011415466381486054, 'ms': 512.3518447875977}, 'solution': {'lr': 0.008583254241427335, 'model_index': 4}}, {'model_name': 'InceptionV3', 'assertividade': {'precision': 0.8578975991702025, 'accuracy': 0.8557, 'recall': 0.8557}, 'custo': {'mtp': 24371444, 'tpi': 0.0054015171755651, 'ms': 92.96968078613281}, 'solution': {'lr': 0.007834984027862186, 'model_index': 3}}, {'model_name': 'VGG16', 'assertividade': {'precision': 0.04583784143018542, 'accuracy': 0.1016, 'recall': 0.1016}, 'custo': {'mtp': 134309962, 'tpi': 0.0011684135266929675, 'ms': 512.3518447875977}, 'solution': {'lr': 0.007321352609678986, 'model_index': 4}}, {'model_name': 'EfficientNetB0', 'assertividade': {'precision': 0.06798022166375269, 'accuracy': 0.1117, 'recall': 0.1117}, 'custo': {'mtp': 4020358, 'tpi': 0.003945086412369066, 'ms': 15.336448669433594}, 'solution': {'lr': 0.007665691294348975, 'model_index': 0}}, {'model_name': 'EfficientNetB0', 'assertividade': {'precision': 0.10281109219470826, 'accuracy': 0.172, 'recall': 0.17200000000000001}, 'custo': {'mtp': 4020358, 'tpi': 0.003598513876556591, 'ms': 15.336448669433594}, 'solution': {'lr': 0.007968809670981293, 'model_index': 0}}, {'model_name': 'MobileNetV2', 'assertividade': {'precision': 0.6786094694926865, 'accuracy': 0.671, 'recall': 0.671}, 'custo': {'mtp': 2236682, 'tpi': 0.0024538495738035556, 'ms': 8.532264709472656}, 'solution': {'lr': 0.007381222478438391, 'model_index': 1}}, {'model_name': 'ResNet50', 'assertividade': {'precision': 0.7942024962942702, 'accuracy': 0.7927, 'recall': 0.7927000000000001}, 'custo': {'mtp': 23528522, 'tpi': 0.003041410142449057, 'ms': 89.75418853759766}, 'solution': {'lr': 0.00757298478728058, 'model_index': 2}}, {'model_name': 'ResNet50', 'assertividade': {'precision': 0.8042431437870426, 'accuracy': 0.7964, 'recall': 0.7964}, 'custo': {'mtp': 23528522, 'tpi': 0.002942202197518318, 'ms': 89.75418853759766}, 'solution': {'lr': 0.007489412234523299, 'model_index': 2}}, {'model_name': 'ResNet50', 'assertividade': {'precision': 0.8077341729274735, 'accuracy': 0.8035, 'recall': 0.8035}, 'custo': {'mtp': 23528522, 'tpi': 0.0030761661043592317, 'ms': 89.75418853759766}, 'solution': {'lr': 0.007554773556347464, 'model_index': 2}}, {'model_name': 'MobileNetV2', 'assertividade': {'precision': 0.6847048463203063, 'accuracy': 0.6648, 'recall': 0.6648000000000001}, 'custo': {'mtp': 2236682, 'tpi': 0.0025336985375471175, 'ms': 8.532264709472656}, 'solution': {'lr': 0.008046419612519723, 'model_index': 1}}, {'model_name': 'EfficientNetB0', 'assertividade': {'precision': 0.1248386893874192, 'accuracy': 0.1237, 'recall': 0.1237}, 'custo': {'mtp': 4020358, 'tpi': 0.003957789415007185, 'ms': 15.336448669433594}, 'solution': {'lr': 0.007687934293544706, 'model_index': 0}}, {'model_name': 'VGG16', 'assertividade': {'precision': 0.01, 'accuracy': 0.1, 'recall': 0.1}, 'custo': {'mtp': 134309962, 'tpi': 0.0011613247500863045, 'ms': 512.3518447875977}, 'solution': {'lr': 0.007309453931443001, 'model_index': 4}}, {'model_name': 'EfficientNetB0', 'assertividade': {'precision': 0.13136600218048108, 'accuracy': 0.1511, 'recall': 0.1511}, 'custo': {'mtp': 4020358, 'tpi': 0.004022663565957622, 'ms': 15.336448669433594}, 'solution': {'lr': 0.00691632082118639, 'model_index': 0}}, {'model_name': 'InceptionV3', 'assertividade': {'precision': 0.8712609687057101, 'accuracy': 0.8697, 'recall': 0.8696999999999999}, 'custo': {'mtp': 24371444, 'tpi': 0.005143475380672771, 'ms': 92.96968078613281}, 'solution': {'lr': 0.006261602283322618, 'model_index': 3}}, {'model_name': 'InceptionV3', 'assertividade': {'precision': 0.8698179986182968, 'accuracy': 0.8603, 'recall': 0.8603}, 'custo': {'mtp': 24371444, 'tpi': 0.005547596390839595, 'ms': 92.96968078613281}, 'solution': {'lr': 0.006503685863975264, 'model_index': 3}}, {'model_name': 'MobileNetV2', 'assertividade': {'precision': 0.6952846098809776, 'accuracy': 0.6799, 'recall': 0.6799000000000001}, 'custo': {'mtp': 2236682, 'tpi': 0.002634264101648027, 'ms': 8.532264709472656}, 'solution': {'lr': 0.006451332726154935, 'model_index': 1}}, {'model_name': 'EfficientNetB0', 'assertividade': {'precision': 0.05315194466843289, 'accuracy': 0.1371, 'recall': 0.1371}, 'custo': {'mtp': 4020358, 'tpi': 0.004043345238752426, 'ms': 15.336448669433594}, 'solution': {'lr': 0.006462692723446212, 'model_index': 0}}, {'model_name': 'VGG16', 'assertividade': {'precision': 0.035603438593459755, 'accuracy': 0.101, 'recall': 0.101}, 'custo': {'mtp': 134309962, 'tpi': 0.0010741334052602196, 'ms': 512.3518447875977}, 'solution': {'lr': 0.006105196024538004, 'model_index': 4}}, {'model_name': 'VGG16', 'assertividade': {'precision': 0.01, 'accuracy': 0.1, 'recall': 0.1}, 'custo': {'mtp': 134309962, 'tpi': 0.001185572071439901, 'ms': 512.3518447875977}, 'solution': {'lr': 0.005878443865063257, 'model_index': 4}}, {'model_name': 'InceptionV3', 'assertividade': {'precision': 0.8442797368090256, 'accuracy': 0.8424, 'recall': 0.8423999999999999}, 'custo': {'mtp': 24371444, 'tpi': 0.005463994992007116, 'ms': 92.96968078613281}, 'solution': {'lr': 0.005638140049519019, 'model_index': 3}}, {'model_name': 'MobileNetV2', 'assertividade': {'precision': 0.7529173332552663, 'accuracy': 0.7472, 'recall': 0.7472}, 'custo': {'mtp': 2236682, 'tpi': 0.002584711001936797, 'ms': 8.532264709472656}, 'solution': {'lr': 0.005125342560045348, 'model_index': 1}}, {'model_name': 'EfficientNetB0', 'assertividade': {'precision': 0.0853012013078647, 'accuracy': 0.1353, 'recall': 0.13529999999999998}, 'custo': {'mtp': 4020358, 'tpi': 0.003957494808610078, 'ms': 15.336448669433594}, 'solution': {'lr': 0.004806745735259634, 'model_index': 0}}, {'model_name': 'ResNet50', 'assertividade': {'precision': 0.8077068585230256, 'accuracy': 0.8034, 'recall': 0.8034000000000001}, 'custo': {'mtp': 23528522, 'tpi': 0.0031378922189117236, 'ms': 89.75418853759766}, 'solution': {'lr': 0.005285534690351972, 'model_index': 2}}, {'model_name': 'EfficientNetB0', 'assertividade': {'precision': 0.09191782894674771, 'accuracy': 0.115, 'recall': 0.11500000000000002}, 'custo': {'mtp': 4020358, 'tpi': 0.0039758500020215465, 'ms': 15.336448669433594}, 'solution': {'lr': 0.005143324100179946, 'model_index': 0}}, {'model_name': 'VGG16', 'assertividade': {'precision': 0.030796762332266848, 'accuracy': 0.1015, 'recall': 0.10149999999999999}, 'custo': {'mtp': 134309962, 'tpi': 0.0010828121452574517, 'ms': 512.3518447875977}, 'solution': {'lr': 0.005584700524162901, 'model_index': 4}}, {'model_name': 'EfficientNetB0', 'assertividade': {'precision': 0.0978445901869881, 'accuracy': 0.1778, 'recall': 0.1778}, 'custo': {'mtp': 4020358, 'tpi': 0.0036647836114190946, 'ms': 15.336448669433594}, 'solution': {'lr': 0.006006869250016379, 'model_index': 0}}, {'model_name': 'InceptionV3', 'assertividade': {'precision': 0.8667078400644556, 'accuracy': 0.8595, 'recall': 0.8594999999999999}, 'custo': {'mtp': 24371444, 'tpi': 0.00538752185311287, 'ms': 92.96968078613281}, 'solution': {'lr': 0.005471030904306576, 'model_index': 3}}, {'model_name': 'MobileNetV2', 'assertividade': {'precision': 0.7299181207720397, 'accuracy': 0.6934, 'recall': 0.6934}, 'custo': {'mtp': 2236682, 'tpi': 0.002457058353788534, 'ms': 8.532264709472656}, 'solution': {'lr': 0.006011609738684428, 'model_index': 1}}, {'model_name': 'ResNet50', 'assertividade': {'precision': 0.7788219525124982, 'accuracy': 0.7659, 'recall': 0.7659}, 'custo': {'mtp': 23528522, 'tpi': 0.003166965618255032, 'ms': 89.75418853759766}, 'solution': {'lr': 0.006362861395564334, 'model_index': 2}}, {'model_name': 'VGG16', 'assertividade': {'precision': 0.01000100010001, 'accuracy': 0.1, 'recall': 0.1}, 'custo': {'mtp': 134309962, 'tpi': 0.001166121974872176, 'ms': 512.3518447875977}, 'solution': {'lr': 0.006193823259265243, 'model_index': 4}}, {'model_name': 'EfficientNetB0', 'assertividade': {'precision': 0.08188362271729031, 'accuracy': 0.1373, 'recall': 0.1373}, 'custo': {'mtp': 4020358, 'tpi': 0.004042677059295071, 'ms': 15.336448669433594}, 'solution': {'lr': 0.005629524441133643, 'model_index': 0}}, {'model_name': 'EfficientNetB0', 'assertividade': {'precision': 0.04755121583492965, 'accuracy': 0.1076, 'recall': 0.1076}, 'custo': {'mtp': 4020358, 'tpi': 0.004103088075188315, 'ms': 15.336448669433594}, 'solution': {'lr': 0.005210389212410933, 'model_index': 0}}, {'model_name': 'VGG16', 'assertividade': {'precision': 0.06061119643411522, 'accuracy': 0.1046, 'recall': 0.10459999999999998}, 'custo': {'mtp': 134309962, 'tpi': 0.0011645836435305844, 'ms': 512.3518447875977}, 'solution': {'lr': 0.005049490153962252, 'model_index': 4}}, {'model_name': 'EfficientNetB0', 'assertividade': {'precision': 0.13866583385150938, 'accuracy': 0.1784, 'recall': 0.17839999999999998}, 'custo': {'mtp': 4020358, 'tpi': 0.004095404011428736, 'ms': 15.336448669433594}, 'solution': {'lr': 0.004746318846887841, 'model_index': 0}}]
maximos_a:  [0.9003294748121103, 0.8979, 0.8978999999999999]
minimos_a:  [0.0, 0.0, 0.0]
maximos_c (fixos do aquecimento):  [134309962, 0.01336536556482315, 512.3518447875977]
minimos_c (fixos do aquecimento):  [2236682, 0.0026650354266166687, 8.532264709472656]
🔹 A (Assertividade Normalizada):  0.16604861422966544
🔹 C (Custo Normalizado):  0.9638554850652886
🔹 S (Score OACE):  0.564952049647477
Resultado do OACE por Iteração:  {'model_name': 'EfficientNetB0', 'A': 0.16604861422966544, 'C': 0.9638554850652886, 'Score': 0.564952049647477, 'solution': {'lr': 0.004746318846887841, 'model_index': 0}}
▶️ Iteration 89/150 (Round 2): model 2 e lr 0.0047378289610199645
🔀 Random Seed Atual: 638
Epoch: 1 	Training Loss: 1.731392 	Validation Loss: 0.646775
Epoch: 2 	Training Loss: 1.623568 	Validation Loss: 0.436347
Epoch: 3 	Training Loss: 1.522496 	Validation Loss: 0.341477
Epoch: 4 	Training Loss: 1.278882 	Validation Loss: 0.306610
Epoch: 5 	Training Loss: 1.135173 	Validation Loss: 0.272864
Epoch: 6 	Training Loss: 1.019327 	Validation Loss: 0.245842
Epoch: 7 	Training Loss: 0.927668 	Validation Loss: 0.231246
Epoch: 8 	Training Loss: 0.856186 	Validation Loss: 0.213628
Epoch: 9 	Training Loss: 0.787174 	Validation Loss: 0.203381
Epoch: 10 	Training Loss: 0.730369 	Validation Loss: 0.196423
Epoch: 11 	Training Loss: 0.692951 	Validation Loss: 0.184171
Epoch: 12 	Training Loss: 0.651131 	Validation Loss: 0.166968
Epoch: 13 	Training Loss: 0.612741 	Validation Loss: 0.169459
Epoch: 14 	Training Loss: 0.589673 	Validation Loss: 0.173073
Epoch: 15 	Training Loss: 0.582654 	Validation Loss: 0.146274
Epoch: 16 	Training Loss: 0.532433 	Validation Loss: 0.145859
Epoch: 17 	Training Loss: 0.517993 	Validation Loss: 0.144554
Epoch: 18 	Training Loss: 0.493411 	Validation Loss: 0.138211
Epoch: 19 	Training Loss: 0.472909 	Validation Loss: 0.157579
Epoch: 20 	Training Loss: 0.449348 	Validation Loss: 0.135373
Epoch: 21 	Training Loss: 0.444117 	Validation Loss: 0.134711
Epoch: 22 	Training Loss: 0.430978 	Validation Loss: 0.129608
Epoch: 23 	Training Loss: 0.398926 	Validation Loss: 0.123514
Epoch: 24 	Training Loss: 0.382180 	Validation Loss: 0.133723
Epoch: 25 	Training Loss: 0.374298 	Validation Loss: 0.120450
Epoch: 26 	Training Loss: 0.360207 	Validation Loss: 0.122372
Epoch: 27 	Training Loss: 0.349398 	Validation Loss: 0.123037
Epoch: 28 	Training Loss: 0.336137 	Validation Loss: 0.133211
Epoch: 29 	Training Loss: 0.317799 	Validation Loss: 0.122282
Epoch: 30 	Training Loss: 0.312175 	Validation Loss: 0.115780

🔎 INICIANDO A AVALIAÇÃO DO OACE PARA ITERAÇÃO ATUAL
iteration_metrics:  {'model_name': 'ResNet50', 'assertividade': {'precision': 0.8207955781974278, 'accuracy': 0.8158, 'recall': 0.8158}, 'custo': {'mtp': 23528522, 'tpi': 0.0031455960243370884, 'ms': 89.75418853759766}, 'solution': {'lr': 0.0047378289610199645, 'model_index': 2}}
accumulated_metrics:  [{'model_name': 'ResNet50', 'assertividade': {'precision': 0.8009218038002924, 'accuracy': 0.7939, 'recall': 0.7939}, 'custo': {'mtp': 23528522, 'tpi': 0.0028181349395946334, 'ms': 89.75418853759766}, 'solution': {'lr': 0.009411558605875382, 'model_index': 2}}, {'model_name': 'ResNet50', 'assertividade': {'precision': 0.7962583353880739, 'accuracy': 0.7912, 'recall': 0.7911999999999999}, 'custo': {'mtp': 23528522, 'tpi': 0.002786674317280958, 'ms': 89.75418853759766}, 'solution': {'lr': 0.01, 'model_index': 2}}, {'model_name': 'VGG16', 'assertividade': {'precision': 0.030910310200151316, 'accuracy': 0.1105, 'recall': 0.1105}, 'custo': {'mtp': 134309962, 'tpi': 0.0010961787715838972, 'ms': 512.3518447875977}, 'solution': {'lr': 0.009385339374622393, 'model_index': 4}}, {'model_name': 'ResNet50', 'assertividade': {'precision': 0.8262079001982474, 'accuracy': 0.8253, 'recall': 0.8253}, 'custo': {'mtp': 23528522, 'tpi': 0.002792718304190666, 'ms': 89.75418853759766}, 'solution': {'lr': 0.009200032538958128, 'model_index': 2}}, {'model_name': 'VGG16', 'assertividade': {'precision': 0.0697968749117569, 'accuracy': 0.1064, 'recall': 0.10640000000000001}, 'custo': {'mtp': 134309962, 'tpi': 0.0011415466381486054, 'ms': 512.3518447875977}, 'solution': {'lr': 0.008583254241427335, 'model_index': 4}}, {'model_name': 'InceptionV3', 'assertividade': {'precision': 0.8578975991702025, 'accuracy': 0.8557, 'recall': 0.8557}, 'custo': {'mtp': 24371444, 'tpi': 0.0054015171755651, 'ms': 92.96968078613281}, 'solution': {'lr': 0.007834984027862186, 'model_index': 3}}, {'model_name': 'VGG16', 'assertividade': {'precision': 0.04583784143018542, 'accuracy': 0.1016, 'recall': 0.1016}, 'custo': {'mtp': 134309962, 'tpi': 0.0011684135266929675, 'ms': 512.3518447875977}, 'solution': {'lr': 0.007321352609678986, 'model_index': 4}}, {'model_name': 'EfficientNetB0', 'assertividade': {'precision': 0.06798022166375269, 'accuracy': 0.1117, 'recall': 0.1117}, 'custo': {'mtp': 4020358, 'tpi': 0.003945086412369066, 'ms': 15.336448669433594}, 'solution': {'lr': 0.007665691294348975, 'model_index': 0}}, {'model_name': 'EfficientNetB0', 'assertividade': {'precision': 0.10281109219470826, 'accuracy': 0.172, 'recall': 0.17200000000000001}, 'custo': {'mtp': 4020358, 'tpi': 0.003598513876556591, 'ms': 15.336448669433594}, 'solution': {'lr': 0.007968809670981293, 'model_index': 0}}, {'model_name': 'MobileNetV2', 'assertividade': {'precision': 0.6786094694926865, 'accuracy': 0.671, 'recall': 0.671}, 'custo': {'mtp': 2236682, 'tpi': 0.0024538495738035556, 'ms': 8.532264709472656}, 'solution': {'lr': 0.007381222478438391, 'model_index': 1}}, {'model_name': 'ResNet50', 'assertividade': {'precision': 0.7942024962942702, 'accuracy': 0.7927, 'recall': 0.7927000000000001}, 'custo': {'mtp': 23528522, 'tpi': 0.003041410142449057, 'ms': 89.75418853759766}, 'solution': {'lr': 0.00757298478728058, 'model_index': 2}}, {'model_name': 'ResNet50', 'assertividade': {'precision': 0.8042431437870426, 'accuracy': 0.7964, 'recall': 0.7964}, 'custo': {'mtp': 23528522, 'tpi': 0.002942202197518318, 'ms': 89.75418853759766}, 'solution': {'lr': 0.007489412234523299, 'model_index': 2}}, {'model_name': 'ResNet50', 'assertividade': {'precision': 0.8077341729274735, 'accuracy': 0.8035, 'recall': 0.8035}, 'custo': {'mtp': 23528522, 'tpi': 0.0030761661043592317, 'ms': 89.75418853759766}, 'solution': {'lr': 0.007554773556347464, 'model_index': 2}}, {'model_name': 'MobileNetV2', 'assertividade': {'precision': 0.6847048463203063, 'accuracy': 0.6648, 'recall': 0.6648000000000001}, 'custo': {'mtp': 2236682, 'tpi': 0.0025336985375471175, 'ms': 8.532264709472656}, 'solution': {'lr': 0.008046419612519723, 'model_index': 1}}, {'model_name': 'EfficientNetB0', 'assertividade': {'precision': 0.1248386893874192, 'accuracy': 0.1237, 'recall': 0.1237}, 'custo': {'mtp': 4020358, 'tpi': 0.003957789415007185, 'ms': 15.336448669433594}, 'solution': {'lr': 0.007687934293544706, 'model_index': 0}}, {'model_name': 'VGG16', 'assertividade': {'precision': 0.01, 'accuracy': 0.1, 'recall': 0.1}, 'custo': {'mtp': 134309962, 'tpi': 0.0011613247500863045, 'ms': 512.3518447875977}, 'solution': {'lr': 0.007309453931443001, 'model_index': 4}}, {'model_name': 'EfficientNetB0', 'assertividade': {'precision': 0.13136600218048108, 'accuracy': 0.1511, 'recall': 0.1511}, 'custo': {'mtp': 4020358, 'tpi': 0.004022663565957622, 'ms': 15.336448669433594}, 'solution': {'lr': 0.00691632082118639, 'model_index': 0}}, {'model_name': 'InceptionV3', 'assertividade': {'precision': 0.8712609687057101, 'accuracy': 0.8697, 'recall': 0.8696999999999999}, 'custo': {'mtp': 24371444, 'tpi': 0.005143475380672771, 'ms': 92.96968078613281}, 'solution': {'lr': 0.006261602283322618, 'model_index': 3}}, {'model_name': 'InceptionV3', 'assertividade': {'precision': 0.8698179986182968, 'accuracy': 0.8603, 'recall': 0.8603}, 'custo': {'mtp': 24371444, 'tpi': 0.005547596390839595, 'ms': 92.96968078613281}, 'solution': {'lr': 0.006503685863975264, 'model_index': 3}}, {'model_name': 'MobileNetV2', 'assertividade': {'precision': 0.6952846098809776, 'accuracy': 0.6799, 'recall': 0.6799000000000001}, 'custo': {'mtp': 2236682, 'tpi': 0.002634264101648027, 'ms': 8.532264709472656}, 'solution': {'lr': 0.006451332726154935, 'model_index': 1}}, {'model_name': 'EfficientNetB0', 'assertividade': {'precision': 0.05315194466843289, 'accuracy': 0.1371, 'recall': 0.1371}, 'custo': {'mtp': 4020358, 'tpi': 0.004043345238752426, 'ms': 15.336448669433594}, 'solution': {'lr': 0.006462692723446212, 'model_index': 0}}, {'model_name': 'VGG16', 'assertividade': {'precision': 0.035603438593459755, 'accuracy': 0.101, 'recall': 0.101}, 'custo': {'mtp': 134309962, 'tpi': 0.0010741334052602196, 'ms': 512.3518447875977}, 'solution': {'lr': 0.006105196024538004, 'model_index': 4}}, {'model_name': 'VGG16', 'assertividade': {'precision': 0.01, 'accuracy': 0.1, 'recall': 0.1}, 'custo': {'mtp': 134309962, 'tpi': 0.001185572071439901, 'ms': 512.3518447875977}, 'solution': {'lr': 0.005878443865063257, 'model_index': 4}}, {'model_name': 'InceptionV3', 'assertividade': {'precision': 0.8442797368090256, 'accuracy': 0.8424, 'recall': 0.8423999999999999}, 'custo': {'mtp': 24371444, 'tpi': 0.005463994992007116, 'ms': 92.96968078613281}, 'solution': {'lr': 0.005638140049519019, 'model_index': 3}}, {'model_name': 'MobileNetV2', 'assertividade': {'precision': 0.7529173332552663, 'accuracy': 0.7472, 'recall': 0.7472}, 'custo': {'mtp': 2236682, 'tpi': 0.002584711001936797, 'ms': 8.532264709472656}, 'solution': {'lr': 0.005125342560045348, 'model_index': 1}}, {'model_name': 'EfficientNetB0', 'assertividade': {'precision': 0.0853012013078647, 'accuracy': 0.1353, 'recall': 0.13529999999999998}, 'custo': {'mtp': 4020358, 'tpi': 0.003957494808610078, 'ms': 15.336448669433594}, 'solution': {'lr': 0.004806745735259634, 'model_index': 0}}, {'model_name': 'ResNet50', 'assertividade': {'precision': 0.8077068585230256, 'accuracy': 0.8034, 'recall': 0.8034000000000001}, 'custo': {'mtp': 23528522, 'tpi': 0.0031378922189117236, 'ms': 89.75418853759766}, 'solution': {'lr': 0.005285534690351972, 'model_index': 2}}, {'model_name': 'EfficientNetB0', 'assertividade': {'precision': 0.09191782894674771, 'accuracy': 0.115, 'recall': 0.11500000000000002}, 'custo': {'mtp': 4020358, 'tpi': 0.0039758500020215465, 'ms': 15.336448669433594}, 'solution': {'lr': 0.005143324100179946, 'model_index': 0}}, {'model_name': 'VGG16', 'assertividade': {'precision': 0.030796762332266848, 'accuracy': 0.1015, 'recall': 0.10149999999999999}, 'custo': {'mtp': 134309962, 'tpi': 0.0010828121452574517, 'ms': 512.3518447875977}, 'solution': {'lr': 0.005584700524162901, 'model_index': 4}}, {'model_name': 'EfficientNetB0', 'assertividade': {'precision': 0.0978445901869881, 'accuracy': 0.1778, 'recall': 0.1778}, 'custo': {'mtp': 4020358, 'tpi': 0.0036647836114190946, 'ms': 15.336448669433594}, 'solution': {'lr': 0.006006869250016379, 'model_index': 0}}, {'model_name': 'InceptionV3', 'assertividade': {'precision': 0.8667078400644556, 'accuracy': 0.8595, 'recall': 0.8594999999999999}, 'custo': {'mtp': 24371444, 'tpi': 0.00538752185311287, 'ms': 92.96968078613281}, 'solution': {'lr': 0.005471030904306576, 'model_index': 3}}, {'model_name': 'MobileNetV2', 'assertividade': {'precision': 0.7299181207720397, 'accuracy': 0.6934, 'recall': 0.6934}, 'custo': {'mtp': 2236682, 'tpi': 0.002457058353788534, 'ms': 8.532264709472656}, 'solution': {'lr': 0.006011609738684428, 'model_index': 1}}, {'model_name': 'ResNet50', 'assertividade': {'precision': 0.7788219525124982, 'accuracy': 0.7659, 'recall': 0.7659}, 'custo': {'mtp': 23528522, 'tpi': 0.003166965618255032, 'ms': 89.75418853759766}, 'solution': {'lr': 0.006362861395564334, 'model_index': 2}}, {'model_name': 'VGG16', 'assertividade': {'precision': 0.01000100010001, 'accuracy': 0.1, 'recall': 0.1}, 'custo': {'mtp': 134309962, 'tpi': 0.001166121974872176, 'ms': 512.3518447875977}, 'solution': {'lr': 0.006193823259265243, 'model_index': 4}}, {'model_name': 'EfficientNetB0', 'assertividade': {'precision': 0.08188362271729031, 'accuracy': 0.1373, 'recall': 0.1373}, 'custo': {'mtp': 4020358, 'tpi': 0.004042677059295071, 'ms': 15.336448669433594}, 'solution': {'lr': 0.005629524441133643, 'model_index': 0}}, {'model_name': 'EfficientNetB0', 'assertividade': {'precision': 0.04755121583492965, 'accuracy': 0.1076, 'recall': 0.1076}, 'custo': {'mtp': 4020358, 'tpi': 0.004103088075188315, 'ms': 15.336448669433594}, 'solution': {'lr': 0.005210389212410933, 'model_index': 0}}, {'model_name': 'VGG16', 'assertividade': {'precision': 0.06061119643411522, 'accuracy': 0.1046, 'recall': 0.10459999999999998}, 'custo': {'mtp': 134309962, 'tpi': 0.0011645836435305844, 'ms': 512.3518447875977}, 'solution': {'lr': 0.005049490153962252, 'model_index': 4}}, {'model_name': 'EfficientNetB0', 'assertividade': {'precision': 0.13866583385150938, 'accuracy': 0.1784, 'recall': 0.17839999999999998}, 'custo': {'mtp': 4020358, 'tpi': 0.004095404011428736, 'ms': 15.336448669433594}, 'solution': {'lr': 0.004746318846887841, 'model_index': 0}}, {'model_name': 'ResNet50', 'assertividade': {'precision': 0.8207955781974278, 'accuracy': 0.8158, 'recall': 0.8158}, 'custo': {'mtp': 23528522, 'tpi': 0.0031455960243370884, 'ms': 89.75418853759766}, 'solution': {'lr': 0.0047378289610199645, 'model_index': 2}}]
maximos_a:  [0.9003294748121103, 0.8979, 0.8978999999999999]
minimos_a:  [0.0, 0.0, 0.0]
maximos_c (fixos do aquecimento):  [134309962, 0.01336536556482315, 512.3518447875977]
minimos_c (fixos do aquecimento):  [2236682, 0.0026650354266166687, 8.532264709472656]
🔹 A (Assertividade Normalizada):  0.9108271725107848
🔹 C (Custo Normalizado):  0.8606981953393705
🔹 S (Score OACE):  0.8857626839250776
Resultado do OACE por Iteração:  {'model_name': 'ResNet50', 'A': 0.9108271725107848, 'C': 0.8606981953393705, 'Score': 0.8857626839250776, 'solution': {'lr': 0.0047378289610199645, 'model_index': 2}}
▶️ Iteration 90/150 (Round 2): model 3 e lr 0.004862055493597951
🔀 Random Seed Atual: 639
Epoch: 1 	Training Loss: 1.615385 	Validation Loss: 0.345575
Epoch: 2 	Training Loss: 1.214855 	Validation Loss: 0.341786
Epoch: 3 	Training Loss: 0.923896 	Validation Loss: 0.210941
Epoch: 4 	Training Loss: 0.746739 	Validation Loss: 0.175834
Epoch: 5 	Training Loss: 0.626075 	Validation Loss: 0.153952
Epoch: 6 	Training Loss: 0.546530 	Validation Loss: 0.121969
Epoch: 7 	Training Loss: 0.483308 	Validation Loss: 0.112947
Epoch: 8 	Training Loss: 0.428548 	Validation Loss: 0.130457
Epoch: 9 	Training Loss: 0.383123 	Validation Loss: 0.108534
Epoch: 10 	Training Loss: 0.346096 	Validation Loss: 0.098389
Epoch: 11 	Training Loss: 0.304947 	Validation Loss: 0.100726
Epoch: 12 	Training Loss: 0.286651 	Validation Loss: 0.083845
Epoch: 13 	Training Loss: 0.252649 	Validation Loss: 0.094486
Epoch: 14 	Training Loss: 0.229154 	Validation Loss: 0.094887
Epoch: 15 	Training Loss: 0.206157 	Validation Loss: 0.102524
Epoch: 16 	Training Loss: 0.191240 	Validation Loss: 0.085630
Epoch: 17 	Training Loss: 0.169380 	Validation Loss: 0.109251
Early stopping after 17 epochs due to no improvement.

🔎 INICIANDO A AVALIAÇÃO DO OACE PARA ITERAÇÃO ATUAL
iteration_metrics:  {'model_name': 'InceptionV3', 'assertividade': {'precision': 0.8528275233940128, 'accuracy': 0.8381, 'recall': 0.8381000000000001}, 'custo': {'mtp': 24371444, 'tpi': 0.005146339440801341, 'ms': 92.96968078613281}, 'solution': {'lr': 0.004862055493597951, 'model_index': 3}}
accumulated_metrics:  [{'model_name': 'ResNet50', 'assertividade': {'precision': 0.8009218038002924, 'accuracy': 0.7939, 'recall': 0.7939}, 'custo': {'mtp': 23528522, 'tpi': 0.0028181349395946334, 'ms': 89.75418853759766}, 'solution': {'lr': 0.009411558605875382, 'model_index': 2}}, {'model_name': 'ResNet50', 'assertividade': {'precision': 0.7962583353880739, 'accuracy': 0.7912, 'recall': 0.7911999999999999}, 'custo': {'mtp': 23528522, 'tpi': 0.002786674317280958, 'ms': 89.75418853759766}, 'solution': {'lr': 0.01, 'model_index': 2}}, {'model_name': 'VGG16', 'assertividade': {'precision': 0.030910310200151316, 'accuracy': 0.1105, 'recall': 0.1105}, 'custo': {'mtp': 134309962, 'tpi': 0.0010961787715838972, 'ms': 512.3518447875977}, 'solution': {'lr': 0.009385339374622393, 'model_index': 4}}, {'model_name': 'ResNet50', 'assertividade': {'precision': 0.8262079001982474, 'accuracy': 0.8253, 'recall': 0.8253}, 'custo': {'mtp': 23528522, 'tpi': 0.002792718304190666, 'ms': 89.75418853759766}, 'solution': {'lr': 0.009200032538958128, 'model_index': 2}}, {'model_name': 'VGG16', 'assertividade': {'precision': 0.0697968749117569, 'accuracy': 0.1064, 'recall': 0.10640000000000001}, 'custo': {'mtp': 134309962, 'tpi': 0.0011415466381486054, 'ms': 512.3518447875977}, 'solution': {'lr': 0.008583254241427335, 'model_index': 4}}, {'model_name': 'InceptionV3', 'assertividade': {'precision': 0.8578975991702025, 'accuracy': 0.8557, 'recall': 0.8557}, 'custo': {'mtp': 24371444, 'tpi': 0.0054015171755651, 'ms': 92.96968078613281}, 'solution': {'lr': 0.007834984027862186, 'model_index': 3}}, {'model_name': 'VGG16', 'assertividade': {'precision': 0.04583784143018542, 'accuracy': 0.1016, 'recall': 0.1016}, 'custo': {'mtp': 134309962, 'tpi': 0.0011684135266929675, 'ms': 512.3518447875977}, 'solution': {'lr': 0.007321352609678986, 'model_index': 4}}, {'model_name': 'EfficientNetB0', 'assertividade': {'precision': 0.06798022166375269, 'accuracy': 0.1117, 'recall': 0.1117}, 'custo': {'mtp': 4020358, 'tpi': 0.003945086412369066, 'ms': 15.336448669433594}, 'solution': {'lr': 0.007665691294348975, 'model_index': 0}}, {'model_name': 'EfficientNetB0', 'assertividade': {'precision': 0.10281109219470826, 'accuracy': 0.172, 'recall': 0.17200000000000001}, 'custo': {'mtp': 4020358, 'tpi': 0.003598513876556591, 'ms': 15.336448669433594}, 'solution': {'lr': 0.007968809670981293, 'model_index': 0}}, {'model_name': 'MobileNetV2', 'assertividade': {'precision': 0.6786094694926865, 'accuracy': 0.671, 'recall': 0.671}, 'custo': {'mtp': 2236682, 'tpi': 0.0024538495738035556, 'ms': 8.532264709472656}, 'solution': {'lr': 0.007381222478438391, 'model_index': 1}}, {'model_name': 'ResNet50', 'assertividade': {'precision': 0.7942024962942702, 'accuracy': 0.7927, 'recall': 0.7927000000000001}, 'custo': {'mtp': 23528522, 'tpi': 0.003041410142449057, 'ms': 89.75418853759766}, 'solution': {'lr': 0.00757298478728058, 'model_index': 2}}, {'model_name': 'ResNet50', 'assertividade': {'precision': 0.8042431437870426, 'accuracy': 0.7964, 'recall': 0.7964}, 'custo': {'mtp': 23528522, 'tpi': 0.002942202197518318, 'ms': 89.75418853759766}, 'solution': {'lr': 0.007489412234523299, 'model_index': 2}}, {'model_name': 'ResNet50', 'assertividade': {'precision': 0.8077341729274735, 'accuracy': 0.8035, 'recall': 0.8035}, 'custo': {'mtp': 23528522, 'tpi': 0.0030761661043592317, 'ms': 89.75418853759766}, 'solution': {'lr': 0.007554773556347464, 'model_index': 2}}, {'model_name': 'MobileNetV2', 'assertividade': {'precision': 0.6847048463203063, 'accuracy': 0.6648, 'recall': 0.6648000000000001}, 'custo': {'mtp': 2236682, 'tpi': 0.0025336985375471175, 'ms': 8.532264709472656}, 'solution': {'lr': 0.008046419612519723, 'model_index': 1}}, {'model_name': 'EfficientNetB0', 'assertividade': {'precision': 0.1248386893874192, 'accuracy': 0.1237, 'recall': 0.1237}, 'custo': {'mtp': 4020358, 'tpi': 0.003957789415007185, 'ms': 15.336448669433594}, 'solution': {'lr': 0.007687934293544706, 'model_index': 0}}, {'model_name': 'VGG16', 'assertividade': {'precision': 0.01, 'accuracy': 0.1, 'recall': 0.1}, 'custo': {'mtp': 134309962, 'tpi': 0.0011613247500863045, 'ms': 512.3518447875977}, 'solution': {'lr': 0.007309453931443001, 'model_index': 4}}, {'model_name': 'EfficientNetB0', 'assertividade': {'precision': 0.13136600218048108, 'accuracy': 0.1511, 'recall': 0.1511}, 'custo': {'mtp': 4020358, 'tpi': 0.004022663565957622, 'ms': 15.336448669433594}, 'solution': {'lr': 0.00691632082118639, 'model_index': 0}}, {'model_name': 'InceptionV3', 'assertividade': {'precision': 0.8712609687057101, 'accuracy': 0.8697, 'recall': 0.8696999999999999}, 'custo': {'mtp': 24371444, 'tpi': 0.005143475380672771, 'ms': 92.96968078613281}, 'solution': {'lr': 0.006261602283322618, 'model_index': 3}}, {'model_name': 'InceptionV3', 'assertividade': {'precision': 0.8698179986182968, 'accuracy': 0.8603, 'recall': 0.8603}, 'custo': {'mtp': 24371444, 'tpi': 0.005547596390839595, 'ms': 92.96968078613281}, 'solution': {'lr': 0.006503685863975264, 'model_index': 3}}, {'model_name': 'MobileNetV2', 'assertividade': {'precision': 0.6952846098809776, 'accuracy': 0.6799, 'recall': 0.6799000000000001}, 'custo': {'mtp': 2236682, 'tpi': 0.002634264101648027, 'ms': 8.532264709472656}, 'solution': {'lr': 0.006451332726154935, 'model_index': 1}}, {'model_name': 'EfficientNetB0', 'assertividade': {'precision': 0.05315194466843289, 'accuracy': 0.1371, 'recall': 0.1371}, 'custo': {'mtp': 4020358, 'tpi': 0.004043345238752426, 'ms': 15.336448669433594}, 'solution': {'lr': 0.006462692723446212, 'model_index': 0}}, {'model_name': 'VGG16', 'assertividade': {'precision': 0.035603438593459755, 'accuracy': 0.101, 'recall': 0.101}, 'custo': {'mtp': 134309962, 'tpi': 0.0010741334052602196, 'ms': 512.3518447875977}, 'solution': {'lr': 0.006105196024538004, 'model_index': 4}}, {'model_name': 'VGG16', 'assertividade': {'precision': 0.01, 'accuracy': 0.1, 'recall': 0.1}, 'custo': {'mtp': 134309962, 'tpi': 0.001185572071439901, 'ms': 512.3518447875977}, 'solution': {'lr': 0.005878443865063257, 'model_index': 4}}, {'model_name': 'InceptionV3', 'assertividade': {'precision': 0.8442797368090256, 'accuracy': 0.8424, 'recall': 0.8423999999999999}, 'custo': {'mtp': 24371444, 'tpi': 0.005463994992007116, 'ms': 92.96968078613281}, 'solution': {'lr': 0.005638140049519019, 'model_index': 3}}, {'model_name': 'MobileNetV2', 'assertividade': {'precision': 0.7529173332552663, 'accuracy': 0.7472, 'recall': 0.7472}, 'custo': {'mtp': 2236682, 'tpi': 0.002584711001936797, 'ms': 8.532264709472656}, 'solution': {'lr': 0.005125342560045348, 'model_index': 1}}, {'model_name': 'EfficientNetB0', 'assertividade': {'precision': 0.0853012013078647, 'accuracy': 0.1353, 'recall': 0.13529999999999998}, 'custo': {'mtp': 4020358, 'tpi': 0.003957494808610078, 'ms': 15.336448669433594}, 'solution': {'lr': 0.004806745735259634, 'model_index': 0}}, {'model_name': 'ResNet50', 'assertividade': {'precision': 0.8077068585230256, 'accuracy': 0.8034, 'recall': 0.8034000000000001}, 'custo': {'mtp': 23528522, 'tpi': 0.0031378922189117236, 'ms': 89.75418853759766}, 'solution': {'lr': 0.005285534690351972, 'model_index': 2}}, {'model_name': 'EfficientNetB0', 'assertividade': {'precision': 0.09191782894674771, 'accuracy': 0.115, 'recall': 0.11500000000000002}, 'custo': {'mtp': 4020358, 'tpi': 0.0039758500020215465, 'ms': 15.336448669433594}, 'solution': {'lr': 0.005143324100179946, 'model_index': 0}}, {'model_name': 'VGG16', 'assertividade': {'precision': 0.030796762332266848, 'accuracy': 0.1015, 'recall': 0.10149999999999999}, 'custo': {'mtp': 134309962, 'tpi': 0.0010828121452574517, 'ms': 512.3518447875977}, 'solution': {'lr': 0.005584700524162901, 'model_index': 4}}, {'model_name': 'EfficientNetB0', 'assertividade': {'precision': 0.0978445901869881, 'accuracy': 0.1778, 'recall': 0.1778}, 'custo': {'mtp': 4020358, 'tpi': 0.0036647836114190946, 'ms': 15.336448669433594}, 'solution': {'lr': 0.006006869250016379, 'model_index': 0}}, {'model_name': 'InceptionV3', 'assertividade': {'precision': 0.8667078400644556, 'accuracy': 0.8595, 'recall': 0.8594999999999999}, 'custo': {'mtp': 24371444, 'tpi': 0.00538752185311287, 'ms': 92.96968078613281}, 'solution': {'lr': 0.005471030904306576, 'model_index': 3}}, {'model_name': 'MobileNetV2', 'assertividade': {'precision': 0.7299181207720397, 'accuracy': 0.6934, 'recall': 0.6934}, 'custo': {'mtp': 2236682, 'tpi': 0.002457058353788534, 'ms': 8.532264709472656}, 'solution': {'lr': 0.006011609738684428, 'model_index': 1}}, {'model_name': 'ResNet50', 'assertividade': {'precision': 0.7788219525124982, 'accuracy': 0.7659, 'recall': 0.7659}, 'custo': {'mtp': 23528522, 'tpi': 0.003166965618255032, 'ms': 89.75418853759766}, 'solution': {'lr': 0.006362861395564334, 'model_index': 2}}, {'model_name': 'VGG16', 'assertividade': {'precision': 0.01000100010001, 'accuracy': 0.1, 'recall': 0.1}, 'custo': {'mtp': 134309962, 'tpi': 0.001166121974872176, 'ms': 512.3518447875977}, 'solution': {'lr': 0.006193823259265243, 'model_index': 4}}, {'model_name': 'EfficientNetB0', 'assertividade': {'precision': 0.08188362271729031, 'accuracy': 0.1373, 'recall': 0.1373}, 'custo': {'mtp': 4020358, 'tpi': 0.004042677059295071, 'ms': 15.336448669433594}, 'solution': {'lr': 0.005629524441133643, 'model_index': 0}}, {'model_name': 'EfficientNetB0', 'assertividade': {'precision': 0.04755121583492965, 'accuracy': 0.1076, 'recall': 0.1076}, 'custo': {'mtp': 4020358, 'tpi': 0.004103088075188315, 'ms': 15.336448669433594}, 'solution': {'lr': 0.005210389212410933, 'model_index': 0}}, {'model_name': 'VGG16', 'assertividade': {'precision': 0.06061119643411522, 'accuracy': 0.1046, 'recall': 0.10459999999999998}, 'custo': {'mtp': 134309962, 'tpi': 0.0011645836435305844, 'ms': 512.3518447875977}, 'solution': {'lr': 0.005049490153962252, 'model_index': 4}}, {'model_name': 'EfficientNetB0', 'assertividade': {'precision': 0.13866583385150938, 'accuracy': 0.1784, 'recall': 0.17839999999999998}, 'custo': {'mtp': 4020358, 'tpi': 0.004095404011428736, 'ms': 15.336448669433594}, 'solution': {'lr': 0.004746318846887841, 'model_index': 0}}, {'model_name': 'ResNet50', 'assertividade': {'precision': 0.8207955781974278, 'accuracy': 0.8158, 'recall': 0.8158}, 'custo': {'mtp': 23528522, 'tpi': 0.0031455960243370884, 'ms': 89.75418853759766}, 'solution': {'lr': 0.0047378289610199645, 'model_index': 2}}, {'model_name': 'InceptionV3', 'assertividade': {'precision': 0.8528275233940128, 'accuracy': 0.8381, 'recall': 0.8381000000000001}, 'custo': {'mtp': 24371444, 'tpi': 0.005146339440801341, 'ms': 92.96968078613281}, 'solution': {'lr': 0.004862055493597951, 'model_index': 3}}]
maximos_a:  [0.9003294748121103, 0.8979, 0.8978999999999999]
minimos_a:  [0.0, 0.0, 0.0]
maximos_c (fixos do aquecimento):  [134309962, 0.01336536556482315, 512.3518447875977]
minimos_c (fixos do aquecimento):  [2236682, 0.0026650354266166687, 8.532264709472656]
🔹 A (Assertividade Normalizada):  0.9435117030347467
🔹 C (Custo Normalizado):  0.8202924878437049
🔹 S (Score OACE):  0.8819020954392258
Resultado do OACE por Iteração:  {'model_name': 'InceptionV3', 'A': 0.9435117030347467, 'C': 0.8202924878437049, 'Score': 0.8819020954392258, 'solution': {'lr': 0.004862055493597951, 'model_index': 3}}
✅ Checkpoint salvo na Rodada 2, Iteração 90.
▶️ Iteration 91/150 (Round 2): model 4 e lr 0.0050642372878192165
🔀 Random Seed Atual: 640
Epoch: 1 	Training Loss: 2.110849 	Validation Loss: 0.450310
Epoch: 2 	Training Loss: 1.852011 	Validation Loss: 0.453410
Epoch: 3 	Training Loss: 1.947456 	Validation Loss: 0.460955
Epoch: 4 	Training Loss: 1.844387 	Validation Loss: 0.460653
Epoch: 5 	Training Loss: 1.842948 	Validation Loss: 0.460623
Epoch: 6 	Training Loss: 1.842790 	Validation Loss: 0.460599
Early stopping after 6 epochs due to no improvement.

🔎 INICIANDO A AVALIAÇÃO DO OACE PARA ITERAÇÃO ATUAL
iteration_metrics:  {'model_name': 'VGG16', 'assertividade': {'precision': 0.01, 'accuracy': 0.1, 'recall': 0.1}, 'custo': {'mtp': 134309962, 'tpi': 0.0010567470720619153, 'ms': 512.3518447875977}, 'solution': {'lr': 0.0050642372878192165, 'model_index': 4}}
accumulated_metrics:  [{'model_name': 'ResNet50', 'assertividade': {'precision': 0.8009218038002924, 'accuracy': 0.7939, 'recall': 0.7939}, 'custo': {'mtp': 23528522, 'tpi': 0.0028181349395946334, 'ms': 89.75418853759766}, 'solution': {'lr': 0.009411558605875382, 'model_index': 2}}, {'model_name': 'ResNet50', 'assertividade': {'precision': 0.7962583353880739, 'accuracy': 0.7912, 'recall': 0.7911999999999999}, 'custo': {'mtp': 23528522, 'tpi': 0.002786674317280958, 'ms': 89.75418853759766}, 'solution': {'lr': 0.01, 'model_index': 2}}, {'model_name': 'VGG16', 'assertividade': {'precision': 0.030910310200151316, 'accuracy': 0.1105, 'recall': 0.1105}, 'custo': {'mtp': 134309962, 'tpi': 0.0010961787715838972, 'ms': 512.3518447875977}, 'solution': {'lr': 0.009385339374622393, 'model_index': 4}}, {'model_name': 'ResNet50', 'assertividade': {'precision': 0.8262079001982474, 'accuracy': 0.8253, 'recall': 0.8253}, 'custo': {'mtp': 23528522, 'tpi': 0.002792718304190666, 'ms': 89.75418853759766}, 'solution': {'lr': 0.009200032538958128, 'model_index': 2}}, {'model_name': 'VGG16', 'assertividade': {'precision': 0.0697968749117569, 'accuracy': 0.1064, 'recall': 0.10640000000000001}, 'custo': {'mtp': 134309962, 'tpi': 0.0011415466381486054, 'ms': 512.3518447875977}, 'solution': {'lr': 0.008583254241427335, 'model_index': 4}}, {'model_name': 'InceptionV3', 'assertividade': {'precision': 0.8578975991702025, 'accuracy': 0.8557, 'recall': 0.8557}, 'custo': {'mtp': 24371444, 'tpi': 0.0054015171755651, 'ms': 92.96968078613281}, 'solution': {'lr': 0.007834984027862186, 'model_index': 3}}, {'model_name': 'VGG16', 'assertividade': {'precision': 0.04583784143018542, 'accuracy': 0.1016, 'recall': 0.1016}, 'custo': {'mtp': 134309962, 'tpi': 0.0011684135266929675, 'ms': 512.3518447875977}, 'solution': {'lr': 0.007321352609678986, 'model_index': 4}}, {'model_name': 'EfficientNetB0', 'assertividade': {'precision': 0.06798022166375269, 'accuracy': 0.1117, 'recall': 0.1117}, 'custo': {'mtp': 4020358, 'tpi': 0.003945086412369066, 'ms': 15.336448669433594}, 'solution': {'lr': 0.007665691294348975, 'model_index': 0}}, {'model_name': 'EfficientNetB0', 'assertividade': {'precision': 0.10281109219470826, 'accuracy': 0.172, 'recall': 0.17200000000000001}, 'custo': {'mtp': 4020358, 'tpi': 0.003598513876556591, 'ms': 15.336448669433594}, 'solution': {'lr': 0.007968809670981293, 'model_index': 0}}, {'model_name': 'MobileNetV2', 'assertividade': {'precision': 0.6786094694926865, 'accuracy': 0.671, 'recall': 0.671}, 'custo': {'mtp': 2236682, 'tpi': 0.0024538495738035556, 'ms': 8.532264709472656}, 'solution': {'lr': 0.007381222478438391, 'model_index': 1}}, {'model_name': 'ResNet50', 'assertividade': {'precision': 0.7942024962942702, 'accuracy': 0.7927, 'recall': 0.7927000000000001}, 'custo': {'mtp': 23528522, 'tpi': 0.003041410142449057, 'ms': 89.75418853759766}, 'solution': {'lr': 0.00757298478728058, 'model_index': 2}}, {'model_name': 'ResNet50', 'assertividade': {'precision': 0.8042431437870426, 'accuracy': 0.7964, 'recall': 0.7964}, 'custo': {'mtp': 23528522, 'tpi': 0.002942202197518318, 'ms': 89.75418853759766}, 'solution': {'lr': 0.007489412234523299, 'model_index': 2}}, {'model_name': 'ResNet50', 'assertividade': {'precision': 0.8077341729274735, 'accuracy': 0.8035, 'recall': 0.8035}, 'custo': {'mtp': 23528522, 'tpi': 0.0030761661043592317, 'ms': 89.75418853759766}, 'solution': {'lr': 0.007554773556347464, 'model_index': 2}}, {'model_name': 'MobileNetV2', 'assertividade': {'precision': 0.6847048463203063, 'accuracy': 0.6648, 'recall': 0.6648000000000001}, 'custo': {'mtp': 2236682, 'tpi': 0.0025336985375471175, 'ms': 8.532264709472656}, 'solution': {'lr': 0.008046419612519723, 'model_index': 1}}, {'model_name': 'EfficientNetB0', 'assertividade': {'precision': 0.1248386893874192, 'accuracy': 0.1237, 'recall': 0.1237}, 'custo': {'mtp': 4020358, 'tpi': 0.003957789415007185, 'ms': 15.336448669433594}, 'solution': {'lr': 0.007687934293544706, 'model_index': 0}}, {'model_name': 'VGG16', 'assertividade': {'precision': 0.01, 'accuracy': 0.1, 'recall': 0.1}, 'custo': {'mtp': 134309962, 'tpi': 0.0011613247500863045, 'ms': 512.3518447875977}, 'solution': {'lr': 0.007309453931443001, 'model_index': 4}}, {'model_name': 'EfficientNetB0', 'assertividade': {'precision': 0.13136600218048108, 'accuracy': 0.1511, 'recall': 0.1511}, 'custo': {'mtp': 4020358, 'tpi': 0.004022663565957622, 'ms': 15.336448669433594}, 'solution': {'lr': 0.00691632082118639, 'model_index': 0}}, {'model_name': 'InceptionV3', 'assertividade': {'precision': 0.8712609687057101, 'accuracy': 0.8697, 'recall': 0.8696999999999999}, 'custo': {'mtp': 24371444, 'tpi': 0.005143475380672771, 'ms': 92.96968078613281}, 'solution': {'lr': 0.006261602283322618, 'model_index': 3}}, {'model_name': 'InceptionV3', 'assertividade': {'precision': 0.8698179986182968, 'accuracy': 0.8603, 'recall': 0.8603}, 'custo': {'mtp': 24371444, 'tpi': 0.005547596390839595, 'ms': 92.96968078613281}, 'solution': {'lr': 0.006503685863975264, 'model_index': 3}}, {'model_name': 'MobileNetV2', 'assertividade': {'precision': 0.6952846098809776, 'accuracy': 0.6799, 'recall': 0.6799000000000001}, 'custo': {'mtp': 2236682, 'tpi': 0.002634264101648027, 'ms': 8.532264709472656}, 'solution': {'lr': 0.006451332726154935, 'model_index': 1}}, {'model_name': 'EfficientNetB0', 'assertividade': {'precision': 0.05315194466843289, 'accuracy': 0.1371, 'recall': 0.1371}, 'custo': {'mtp': 4020358, 'tpi': 0.004043345238752426, 'ms': 15.336448669433594}, 'solution': {'lr': 0.006462692723446212, 'model_index': 0}}, {'model_name': 'VGG16', 'assertividade': {'precision': 0.035603438593459755, 'accuracy': 0.101, 'recall': 0.101}, 'custo': {'mtp': 134309962, 'tpi': 0.0010741334052602196, 'ms': 512.3518447875977}, 'solution': {'lr': 0.006105196024538004, 'model_index': 4}}, {'model_name': 'VGG16', 'assertividade': {'precision': 0.01, 'accuracy': 0.1, 'recall': 0.1}, 'custo': {'mtp': 134309962, 'tpi': 0.001185572071439901, 'ms': 512.3518447875977}, 'solution': {'lr': 0.005878443865063257, 'model_index': 4}}, {'model_name': 'InceptionV3', 'assertividade': {'precision': 0.8442797368090256, 'accuracy': 0.8424, 'recall': 0.8423999999999999}, 'custo': {'mtp': 24371444, 'tpi': 0.005463994992007116, 'ms': 92.96968078613281}, 'solution': {'lr': 0.005638140049519019, 'model_index': 3}}, {'model_name': 'MobileNetV2', 'assertividade': {'precision': 0.7529173332552663, 'accuracy': 0.7472, 'recall': 0.7472}, 'custo': {'mtp': 2236682, 'tpi': 0.002584711001936797, 'ms': 8.532264709472656}, 'solution': {'lr': 0.005125342560045348, 'model_index': 1}}, {'model_name': 'EfficientNetB0', 'assertividade': {'precision': 0.0853012013078647, 'accuracy': 0.1353, 'recall': 0.13529999999999998}, 'custo': {'mtp': 4020358, 'tpi': 0.003957494808610078, 'ms': 15.336448669433594}, 'solution': {'lr': 0.004806745735259634, 'model_index': 0}}, {'model_name': 'ResNet50', 'assertividade': {'precision': 0.8077068585230256, 'accuracy': 0.8034, 'recall': 0.8034000000000001}, 'custo': {'mtp': 23528522, 'tpi': 0.0031378922189117236, 'ms': 89.75418853759766}, 'solution': {'lr': 0.005285534690351972, 'model_index': 2}}, {'model_name': 'EfficientNetB0', 'assertividade': {'precision': 0.09191782894674771, 'accuracy': 0.115, 'recall': 0.11500000000000002}, 'custo': {'mtp': 4020358, 'tpi': 0.0039758500020215465, 'ms': 15.336448669433594}, 'solution': {'lr': 0.005143324100179946, 'model_index': 0}}, {'model_name': 'VGG16', 'assertividade': {'precision': 0.030796762332266848, 'accuracy': 0.1015, 'recall': 0.10149999999999999}, 'custo': {'mtp': 134309962, 'tpi': 0.0010828121452574517, 'ms': 512.3518447875977}, 'solution': {'lr': 0.005584700524162901, 'model_index': 4}}, {'model_name': 'EfficientNetB0', 'assertividade': {'precision': 0.0978445901869881, 'accuracy': 0.1778, 'recall': 0.1778}, 'custo': {'mtp': 4020358, 'tpi': 0.0036647836114190946, 'ms': 15.336448669433594}, 'solution': {'lr': 0.006006869250016379, 'model_index': 0}}, {'model_name': 'InceptionV3', 'assertividade': {'precision': 0.8667078400644556, 'accuracy': 0.8595, 'recall': 0.8594999999999999}, 'custo': {'mtp': 24371444, 'tpi': 0.00538752185311287, 'ms': 92.96968078613281}, 'solution': {'lr': 0.005471030904306576, 'model_index': 3}}, {'model_name': 'MobileNetV2', 'assertividade': {'precision': 0.7299181207720397, 'accuracy': 0.6934, 'recall': 0.6934}, 'custo': {'mtp': 2236682, 'tpi': 0.002457058353788534, 'ms': 8.532264709472656}, 'solution': {'lr': 0.006011609738684428, 'model_index': 1}}, {'model_name': 'ResNet50', 'assertividade': {'precision': 0.7788219525124982, 'accuracy': 0.7659, 'recall': 0.7659}, 'custo': {'mtp': 23528522, 'tpi': 0.003166965618255032, 'ms': 89.75418853759766}, 'solution': {'lr': 0.006362861395564334, 'model_index': 2}}, {'model_name': 'VGG16', 'assertividade': {'precision': 0.01000100010001, 'accuracy': 0.1, 'recall': 0.1}, 'custo': {'mtp': 134309962, 'tpi': 0.001166121974872176, 'ms': 512.3518447875977}, 'solution': {'lr': 0.006193823259265243, 'model_index': 4}}, {'model_name': 'EfficientNetB0', 'assertividade': {'precision': 0.08188362271729031, 'accuracy': 0.1373, 'recall': 0.1373}, 'custo': {'mtp': 4020358, 'tpi': 0.004042677059295071, 'ms': 15.336448669433594}, 'solution': {'lr': 0.005629524441133643, 'model_index': 0}}, {'model_name': 'EfficientNetB0', 'assertividade': {'precision': 0.04755121583492965, 'accuracy': 0.1076, 'recall': 0.1076}, 'custo': {'mtp': 4020358, 'tpi': 0.004103088075188315, 'ms': 15.336448669433594}, 'solution': {'lr': 0.005210389212410933, 'model_index': 0}}, {'model_name': 'VGG16', 'assertividade': {'precision': 0.06061119643411522, 'accuracy': 0.1046, 'recall': 0.10459999999999998}, 'custo': {'mtp': 134309962, 'tpi': 0.0011645836435305844, 'ms': 512.3518447875977}, 'solution': {'lr': 0.005049490153962252, 'model_index': 4}}, {'model_name': 'EfficientNetB0', 'assertividade': {'precision': 0.13866583385150938, 'accuracy': 0.1784, 'recall': 0.17839999999999998}, 'custo': {'mtp': 4020358, 'tpi': 0.004095404011428736, 'ms': 15.336448669433594}, 'solution': {'lr': 0.004746318846887841, 'model_index': 0}}, {'model_name': 'ResNet50', 'assertividade': {'precision': 0.8207955781974278, 'accuracy': 0.8158, 'recall': 0.8158}, 'custo': {'mtp': 23528522, 'tpi': 0.0031455960243370884, 'ms': 89.75418853759766}, 'solution': {'lr': 0.0047378289610199645, 'model_index': 2}}, {'model_name': 'InceptionV3', 'assertividade': {'precision': 0.8528275233940128, 'accuracy': 0.8381, 'recall': 0.8381000000000001}, 'custo': {'mtp': 24371444, 'tpi': 0.005146339440801341, 'ms': 92.96968078613281}, 'solution': {'lr': 0.004862055493597951, 'model_index': 3}}, {'model_name': 'VGG16', 'assertividade': {'precision': 0.01, 'accuracy': 0.1, 'recall': 0.1}, 'custo': {'mtp': 134309962, 'tpi': 0.0010567470720619153, 'ms': 512.3518447875977}, 'solution': {'lr': 0.0050642372878192165, 'model_index': 4}}]
maximos_a:  [0.9003294748121103, 0.8979, 0.8978999999999999]
minimos_a:  [0.0, 0.0, 0.0]
maximos_c (fixos do aquecimento):  [134309962, 0.01336536556482315, 512.3518447875977]
minimos_c (fixos do aquecimento):  [2236682, 0.0026650354266166687, 8.532264709472656]
🔹 A (Assertividade Normalizada):  0.038113669286845106
🔹 C (Custo Normalizado):  0.1883940966391198
🔹 S (Score OACE):  0.11325388296298244
Resultado do OACE por Iteração:  {'model_name': 'VGG16', 'A': 0.038113669286845106, 'C': 0.1883940966391198, 'Score': 0.11325388296298244, 'solution': {'lr': 0.0050642372878192165, 'model_index': 4}}
▶️ Iteration 92/150 (Round 2): model 3 e lr 0.0045761718594876
🔀 Random Seed Atual: 641
Epoch: 1 	Training Loss: 1.574047 	Validation Loss: 0.360828
Epoch: 2 	Training Loss: 1.171818 	Validation Loss: 0.289098
Epoch: 3 	Training Loss: 0.920662 	Validation Loss: 0.213768
Epoch: 4 	Training Loss: 0.739339 	Validation Loss: 0.199742
Epoch: 5 	Training Loss: 0.615991 	Validation Loss: 0.146856
Epoch: 6 	Training Loss: 0.531847 	Validation Loss: 0.125459
Epoch: 7 	Training Loss: 0.465632 	Validation Loss: 0.122772
Epoch: 8 	Training Loss: 0.422908 	Validation Loss: 0.107957
Epoch: 9 	Training Loss: 0.381951 	Validation Loss: 0.114462
Epoch: 10 	Training Loss: 0.340463 	Validation Loss: 0.101548
Epoch: 11 	Training Loss: 0.301033 	Validation Loss: 0.108715
Epoch: 12 	Training Loss: 0.275445 	Validation Loss: 0.091192
Epoch: 13 	Training Loss: 0.252042 	Validation Loss: 0.100812
Epoch: 14 	Training Loss: 0.225412 	Validation Loss: 0.093623
Epoch: 15 	Training Loss: 0.204145 	Validation Loss: 0.083374
Epoch: 16 	Training Loss: 0.187786 	Validation Loss: 0.091293
Epoch: 17 	Training Loss: 0.171325 	Validation Loss: 0.083602
Epoch: 18 	Training Loss: 0.150574 	Validation Loss: 0.086723
Epoch: 19 	Training Loss: 0.138915 	Validation Loss: 0.092201
Epoch: 20 	Training Loss: 0.122916 	Validation Loss: 0.093485
Early stopping after 20 epochs due to no improvement.

🔎 INICIANDO A AVALIAÇÃO DO OACE PARA ITERAÇÃO ATUAL
iteration_metrics:  {'model_name': 'InceptionV3', 'assertividade': {'precision': 0.8698407242288966, 'accuracy': 0.8669, 'recall': 0.8669}, 'custo': {'mtp': 24371444, 'tpi': 0.0055580503621678445, 'ms': 92.96968078613281}, 'solution': {'lr': 0.0045761718594876, 'model_index': 3}}
accumulated_metrics:  [{'model_name': 'ResNet50', 'assertividade': {'precision': 0.8009218038002924, 'accuracy': 0.7939, 'recall': 0.7939}, 'custo': {'mtp': 23528522, 'tpi': 0.0028181349395946334, 'ms': 89.75418853759766}, 'solution': {'lr': 0.009411558605875382, 'model_index': 2}}, {'model_name': 'ResNet50', 'assertividade': {'precision': 0.7962583353880739, 'accuracy': 0.7912, 'recall': 0.7911999999999999}, 'custo': {'mtp': 23528522, 'tpi': 0.002786674317280958, 'ms': 89.75418853759766}, 'solution': {'lr': 0.01, 'model_index': 2}}, {'model_name': 'VGG16', 'assertividade': {'precision': 0.030910310200151316, 'accuracy': 0.1105, 'recall': 0.1105}, 'custo': {'mtp': 134309962, 'tpi': 0.0010961787715838972, 'ms': 512.3518447875977}, 'solution': {'lr': 0.009385339374622393, 'model_index': 4}}, {'model_name': 'ResNet50', 'assertividade': {'precision': 0.8262079001982474, 'accuracy': 0.8253, 'recall': 0.8253}, 'custo': {'mtp': 23528522, 'tpi': 0.002792718304190666, 'ms': 89.75418853759766}, 'solution': {'lr': 0.009200032538958128, 'model_index': 2}}, {'model_name': 'VGG16', 'assertividade': {'precision': 0.0697968749117569, 'accuracy': 0.1064, 'recall': 0.10640000000000001}, 'custo': {'mtp': 134309962, 'tpi': 0.0011415466381486054, 'ms': 512.3518447875977}, 'solution': {'lr': 0.008583254241427335, 'model_index': 4}}, {'model_name': 'InceptionV3', 'assertividade': {'precision': 0.8578975991702025, 'accuracy': 0.8557, 'recall': 0.8557}, 'custo': {'mtp': 24371444, 'tpi': 0.0054015171755651, 'ms': 92.96968078613281}, 'solution': {'lr': 0.007834984027862186, 'model_index': 3}}, {'model_name': 'VGG16', 'assertividade': {'precision': 0.04583784143018542, 'accuracy': 0.1016, 'recall': 0.1016}, 'custo': {'mtp': 134309962, 'tpi': 0.0011684135266929675, 'ms': 512.3518447875977}, 'solution': {'lr': 0.007321352609678986, 'model_index': 4}}, {'model_name': 'EfficientNetB0', 'assertividade': {'precision': 0.06798022166375269, 'accuracy': 0.1117, 'recall': 0.1117}, 'custo': {'mtp': 4020358, 'tpi': 0.003945086412369066, 'ms': 15.336448669433594}, 'solution': {'lr': 0.007665691294348975, 'model_index': 0}}, {'model_name': 'EfficientNetB0', 'assertividade': {'precision': 0.10281109219470826, 'accuracy': 0.172, 'recall': 0.17200000000000001}, 'custo': {'mtp': 4020358, 'tpi': 0.003598513876556591, 'ms': 15.336448669433594}, 'solution': {'lr': 0.007968809670981293, 'model_index': 0}}, {'model_name': 'MobileNetV2', 'assertividade': {'precision': 0.6786094694926865, 'accuracy': 0.671, 'recall': 0.671}, 'custo': {'mtp': 2236682, 'tpi': 0.0024538495738035556, 'ms': 8.532264709472656}, 'solution': {'lr': 0.007381222478438391, 'model_index': 1}}, {'model_name': 'ResNet50', 'assertividade': {'precision': 0.7942024962942702, 'accuracy': 0.7927, 'recall': 0.7927000000000001}, 'custo': {'mtp': 23528522, 'tpi': 0.003041410142449057, 'ms': 89.75418853759766}, 'solution': {'lr': 0.00757298478728058, 'model_index': 2}}, {'model_name': 'ResNet50', 'assertividade': {'precision': 0.8042431437870426, 'accuracy': 0.7964, 'recall': 0.7964}, 'custo': {'mtp': 23528522, 'tpi': 0.002942202197518318, 'ms': 89.75418853759766}, 'solution': {'lr': 0.007489412234523299, 'model_index': 2}}, {'model_name': 'ResNet50', 'assertividade': {'precision': 0.8077341729274735, 'accuracy': 0.8035, 'recall': 0.8035}, 'custo': {'mtp': 23528522, 'tpi': 0.0030761661043592317, 'ms': 89.75418853759766}, 'solution': {'lr': 0.007554773556347464, 'model_index': 2}}, {'model_name': 'MobileNetV2', 'assertividade': {'precision': 0.6847048463203063, 'accuracy': 0.6648, 'recall': 0.6648000000000001}, 'custo': {'mtp': 2236682, 'tpi': 0.0025336985375471175, 'ms': 8.532264709472656}, 'solution': {'lr': 0.008046419612519723, 'model_index': 1}}, {'model_name': 'EfficientNetB0', 'assertividade': {'precision': 0.1248386893874192, 'accuracy': 0.1237, 'recall': 0.1237}, 'custo': {'mtp': 4020358, 'tpi': 0.003957789415007185, 'ms': 15.336448669433594}, 'solution': {'lr': 0.007687934293544706, 'model_index': 0}}, {'model_name': 'VGG16', 'assertividade': {'precision': 0.01, 'accuracy': 0.1, 'recall': 0.1}, 'custo': {'mtp': 134309962, 'tpi': 0.0011613247500863045, 'ms': 512.3518447875977}, 'solution': {'lr': 0.007309453931443001, 'model_index': 4}}, {'model_name': 'EfficientNetB0', 'assertividade': {'precision': 0.13136600218048108, 'accuracy': 0.1511, 'recall': 0.1511}, 'custo': {'mtp': 4020358, 'tpi': 0.004022663565957622, 'ms': 15.336448669433594}, 'solution': {'lr': 0.00691632082118639, 'model_index': 0}}, {'model_name': 'InceptionV3', 'assertividade': {'precision': 0.8712609687057101, 'accuracy': 0.8697, 'recall': 0.8696999999999999}, 'custo': {'mtp': 24371444, 'tpi': 0.005143475380672771, 'ms': 92.96968078613281}, 'solution': {'lr': 0.006261602283322618, 'model_index': 3}}, {'model_name': 'InceptionV3', 'assertividade': {'precision': 0.8698179986182968, 'accuracy': 0.8603, 'recall': 0.8603}, 'custo': {'mtp': 24371444, 'tpi': 0.005547596390839595, 'ms': 92.96968078613281}, 'solution': {'lr': 0.006503685863975264, 'model_index': 3}}, {'model_name': 'MobileNetV2', 'assertividade': {'precision': 0.6952846098809776, 'accuracy': 0.6799, 'recall': 0.6799000000000001}, 'custo': {'mtp': 2236682, 'tpi': 0.002634264101648027, 'ms': 8.532264709472656}, 'solution': {'lr': 0.006451332726154935, 'model_index': 1}}, {'model_name': 'EfficientNetB0', 'assertividade': {'precision': 0.05315194466843289, 'accuracy': 0.1371, 'recall': 0.1371}, 'custo': {'mtp': 4020358, 'tpi': 0.004043345238752426, 'ms': 15.336448669433594}, 'solution': {'lr': 0.006462692723446212, 'model_index': 0}}, {'model_name': 'VGG16', 'assertividade': {'precision': 0.035603438593459755, 'accuracy': 0.101, 'recall': 0.101}, 'custo': {'mtp': 134309962, 'tpi': 0.0010741334052602196, 'ms': 512.3518447875977}, 'solution': {'lr': 0.006105196024538004, 'model_index': 4}}, {'model_name': 'VGG16', 'assertividade': {'precision': 0.01, 'accuracy': 0.1, 'recall': 0.1}, 'custo': {'mtp': 134309962, 'tpi': 0.001185572071439901, 'ms': 512.3518447875977}, 'solution': {'lr': 0.005878443865063257, 'model_index': 4}}, {'model_name': 'InceptionV3', 'assertividade': {'precision': 0.8442797368090256, 'accuracy': 0.8424, 'recall': 0.8423999999999999}, 'custo': {'mtp': 24371444, 'tpi': 0.005463994992007116, 'ms': 92.96968078613281}, 'solution': {'lr': 0.005638140049519019, 'model_index': 3}}, {'model_name': 'MobileNetV2', 'assertividade': {'precision': 0.7529173332552663, 'accuracy': 0.7472, 'recall': 0.7472}, 'custo': {'mtp': 2236682, 'tpi': 0.002584711001936797, 'ms': 8.532264709472656}, 'solution': {'lr': 0.005125342560045348, 'model_index': 1}}, {'model_name': 'EfficientNetB0', 'assertividade': {'precision': 0.0853012013078647, 'accuracy': 0.1353, 'recall': 0.13529999999999998}, 'custo': {'mtp': 4020358, 'tpi': 0.003957494808610078, 'ms': 15.336448669433594}, 'solution': {'lr': 0.004806745735259634, 'model_index': 0}}, {'model_name': 'ResNet50', 'assertividade': {'precision': 0.8077068585230256, 'accuracy': 0.8034, 'recall': 0.8034000000000001}, 'custo': {'mtp': 23528522, 'tpi': 0.0031378922189117236, 'ms': 89.75418853759766}, 'solution': {'lr': 0.005285534690351972, 'model_index': 2}}, {'model_name': 'EfficientNetB0', 'assertividade': {'precision': 0.09191782894674771, 'accuracy': 0.115, 'recall': 0.11500000000000002}, 'custo': {'mtp': 4020358, 'tpi': 0.0039758500020215465, 'ms': 15.336448669433594}, 'solution': {'lr': 0.005143324100179946, 'model_index': 0}}, {'model_name': 'VGG16', 'assertividade': {'precision': 0.030796762332266848, 'accuracy': 0.1015, 'recall': 0.10149999999999999}, 'custo': {'mtp': 134309962, 'tpi': 0.0010828121452574517, 'ms': 512.3518447875977}, 'solution': {'lr': 0.005584700524162901, 'model_index': 4}}, {'model_name': 'EfficientNetB0', 'assertividade': {'precision': 0.0978445901869881, 'accuracy': 0.1778, 'recall': 0.1778}, 'custo': {'mtp': 4020358, 'tpi': 0.0036647836114190946, 'ms': 15.336448669433594}, 'solution': {'lr': 0.006006869250016379, 'model_index': 0}}, {'model_name': 'InceptionV3', 'assertividade': {'precision': 0.8667078400644556, 'accuracy': 0.8595, 'recall': 0.8594999999999999}, 'custo': {'mtp': 24371444, 'tpi': 0.00538752185311287, 'ms': 92.96968078613281}, 'solution': {'lr': 0.005471030904306576, 'model_index': 3}}, {'model_name': 'MobileNetV2', 'assertividade': {'precision': 0.7299181207720397, 'accuracy': 0.6934, 'recall': 0.6934}, 'custo': {'mtp': 2236682, 'tpi': 0.002457058353788534, 'ms': 8.532264709472656}, 'solution': {'lr': 0.006011609738684428, 'model_index': 1}}, {'model_name': 'ResNet50', 'assertividade': {'precision': 0.7788219525124982, 'accuracy': 0.7659, 'recall': 0.7659}, 'custo': {'mtp': 23528522, 'tpi': 0.003166965618255032, 'ms': 89.75418853759766}, 'solution': {'lr': 0.006362861395564334, 'model_index': 2}}, {'model_name': 'VGG16', 'assertividade': {'precision': 0.01000100010001, 'accuracy': 0.1, 'recall': 0.1}, 'custo': {'mtp': 134309962, 'tpi': 0.001166121974872176, 'ms': 512.3518447875977}, 'solution': {'lr': 0.006193823259265243, 'model_index': 4}}, {'model_name': 'EfficientNetB0', 'assertividade': {'precision': 0.08188362271729031, 'accuracy': 0.1373, 'recall': 0.1373}, 'custo': {'mtp': 4020358, 'tpi': 0.004042677059295071, 'ms': 15.336448669433594}, 'solution': {'lr': 0.005629524441133643, 'model_index': 0}}, {'model_name': 'EfficientNetB0', 'assertividade': {'precision': 0.04755121583492965, 'accuracy': 0.1076, 'recall': 0.1076}, 'custo': {'mtp': 4020358, 'tpi': 0.004103088075188315, 'ms': 15.336448669433594}, 'solution': {'lr': 0.005210389212410933, 'model_index': 0}}, {'model_name': 'VGG16', 'assertividade': {'precision': 0.06061119643411522, 'accuracy': 0.1046, 'recall': 0.10459999999999998}, 'custo': {'mtp': 134309962, 'tpi': 0.0011645836435305844, 'ms': 512.3518447875977}, 'solution': {'lr': 0.005049490153962252, 'model_index': 4}}, {'model_name': 'EfficientNetB0', 'assertividade': {'precision': 0.13866583385150938, 'accuracy': 0.1784, 'recall': 0.17839999999999998}, 'custo': {'mtp': 4020358, 'tpi': 0.004095404011428736, 'ms': 15.336448669433594}, 'solution': {'lr': 0.004746318846887841, 'model_index': 0}}, {'model_name': 'ResNet50', 'assertividade': {'precision': 0.8207955781974278, 'accuracy': 0.8158, 'recall': 0.8158}, 'custo': {'mtp': 23528522, 'tpi': 0.0031455960243370884, 'ms': 89.75418853759766}, 'solution': {'lr': 0.0047378289610199645, 'model_index': 2}}, {'model_name': 'InceptionV3', 'assertividade': {'precision': 0.8528275233940128, 'accuracy': 0.8381, 'recall': 0.8381000000000001}, 'custo': {'mtp': 24371444, 'tpi': 0.005146339440801341, 'ms': 92.96968078613281}, 'solution': {'lr': 0.004862055493597951, 'model_index': 3}}, {'model_name': 'VGG16', 'assertividade': {'precision': 0.01, 'accuracy': 0.1, 'recall': 0.1}, 'custo': {'mtp': 134309962, 'tpi': 0.0010567470720619153, 'ms': 512.3518447875977}, 'solution': {'lr': 0.0050642372878192165, 'model_index': 4}}, {'model_name': 'InceptionV3', 'assertividade': {'precision': 0.8698407242288966, 'accuracy': 0.8669, 'recall': 0.8669}, 'custo': {'mtp': 24371444, 'tpi': 0.0055580503621678445, 'ms': 92.96968078613281}, 'solution': {'lr': 0.0045761718594876, 'model_index': 3}}]
maximos_a:  [0.9003294748121103, 0.8979, 0.8978999999999999]
minimos_a:  [0.0, 0.0, 0.0]
maximos_c (fixos do aquecimento):  [134309962, 0.01336536556482315, 512.3518447875977]
minimos_c (fixos do aquecimento):  [2236682, 0.0026650354266166687, 8.532264709472656]
🔹 A (Assertividade Normalizada):  0.9659579608571202
🔹 C (Custo Normalizado):  0.8130437482155365
🔹 S (Score OACE):  0.8895008545363283
Resultado do OACE por Iteração:  {'model_name': 'InceptionV3', 'A': 0.9659579608571202, 'C': 0.8130437482155365, 'Score': 0.8895008545363283, 'solution': {'lr': 0.0045761718594876, 'model_index': 3}}
▶️ Iteration 93/150 (Round 2): model 0 e lr 0.0044684034582816385
🔀 Random Seed Atual: 642
Epoch: 1 	Training Loss: 1.353811 	Validation Loss: 0.486068
Epoch: 2 	Training Loss: 1.771499 	Validation Loss: 0.453028
Epoch: 3 	Training Loss: 1.788670 	Validation Loss: 0.450124
Epoch: 4 	Training Loss: 1.828736 	Validation Loss: 0.462596
Epoch: 5 	Training Loss: 1.820529 	Validation Loss: 0.441630
Epoch: 6 	Training Loss: 1.801616 	Validation Loss: 0.451970
Epoch: 7 	Training Loss: 1.820029 	Validation Loss: 0.466718
Epoch: 8 	Training Loss: 1.866895 	Validation Loss: 0.460347
Epoch: 9 	Training Loss: 1.853665 	Validation Loss: 0.454104
Epoch: 10 	Training Loss: 1.840934 	Validation Loss: 0.458212
Early stopping after 10 epochs due to no improvement.

🔎 INICIANDO A AVALIAÇÃO DO OACE PARA ITERAÇÃO ATUAL
iteration_metrics:  {'model_name': 'EfficientNetB0', 'assertividade': {'precision': 0.05517780958491789, 'accuracy': 0.138, 'recall': 0.138}, 'custo': {'mtp': 4020358, 'tpi': 0.0039042469802176116, 'ms': 15.336448669433594}, 'solution': {'lr': 0.0044684034582816385, 'model_index': 0}}
accumulated_metrics:  [{'model_name': 'ResNet50', 'assertividade': {'precision': 0.8009218038002924, 'accuracy': 0.7939, 'recall': 0.7939}, 'custo': {'mtp': 23528522, 'tpi': 0.0028181349395946334, 'ms': 89.75418853759766}, 'solution': {'lr': 0.009411558605875382, 'model_index': 2}}, {'model_name': 'ResNet50', 'assertividade': {'precision': 0.7962583353880739, 'accuracy': 0.7912, 'recall': 0.7911999999999999}, 'custo': {'mtp': 23528522, 'tpi': 0.002786674317280958, 'ms': 89.75418853759766}, 'solution': {'lr': 0.01, 'model_index': 2}}, {'model_name': 'VGG16', 'assertividade': {'precision': 0.030910310200151316, 'accuracy': 0.1105, 'recall': 0.1105}, 'custo': {'mtp': 134309962, 'tpi': 0.0010961787715838972, 'ms': 512.3518447875977}, 'solution': {'lr': 0.009385339374622393, 'model_index': 4}}, {'model_name': 'ResNet50', 'assertividade': {'precision': 0.8262079001982474, 'accuracy': 0.8253, 'recall': 0.8253}, 'custo': {'mtp': 23528522, 'tpi': 0.002792718304190666, 'ms': 89.75418853759766}, 'solution': {'lr': 0.009200032538958128, 'model_index': 2}}, {'model_name': 'VGG16', 'assertividade': {'precision': 0.0697968749117569, 'accuracy': 0.1064, 'recall': 0.10640000000000001}, 'custo': {'mtp': 134309962, 'tpi': 0.0011415466381486054, 'ms': 512.3518447875977}, 'solution': {'lr': 0.008583254241427335, 'model_index': 4}}, {'model_name': 'InceptionV3', 'assertividade': {'precision': 0.8578975991702025, 'accuracy': 0.8557, 'recall': 0.8557}, 'custo': {'mtp': 24371444, 'tpi': 0.0054015171755651, 'ms': 92.96968078613281}, 'solution': {'lr': 0.007834984027862186, 'model_index': 3}}, {'model_name': 'VGG16', 'assertividade': {'precision': 0.04583784143018542, 'accuracy': 0.1016, 'recall': 0.1016}, 'custo': {'mtp': 134309962, 'tpi': 0.0011684135266929675, 'ms': 512.3518447875977}, 'solution': {'lr': 0.007321352609678986, 'model_index': 4}}, {'model_name': 'EfficientNetB0', 'assertividade': {'precision': 0.06798022166375269, 'accuracy': 0.1117, 'recall': 0.1117}, 'custo': {'mtp': 4020358, 'tpi': 0.003945086412369066, 'ms': 15.336448669433594}, 'solution': {'lr': 0.007665691294348975, 'model_index': 0}}, {'model_name': 'EfficientNetB0', 'assertividade': {'precision': 0.10281109219470826, 'accuracy': 0.172, 'recall': 0.17200000000000001}, 'custo': {'mtp': 4020358, 'tpi': 0.003598513876556591, 'ms': 15.336448669433594}, 'solution': {'lr': 0.007968809670981293, 'model_index': 0}}, {'model_name': 'MobileNetV2', 'assertividade': {'precision': 0.6786094694926865, 'accuracy': 0.671, 'recall': 0.671}, 'custo': {'mtp': 2236682, 'tpi': 0.0024538495738035556, 'ms': 8.532264709472656}, 'solution': {'lr': 0.007381222478438391, 'model_index': 1}}, {'model_name': 'ResNet50', 'assertividade': {'precision': 0.7942024962942702, 'accuracy': 0.7927, 'recall': 0.7927000000000001}, 'custo': {'mtp': 23528522, 'tpi': 0.003041410142449057, 'ms': 89.75418853759766}, 'solution': {'lr': 0.00757298478728058, 'model_index': 2}}, {'model_name': 'ResNet50', 'assertividade': {'precision': 0.8042431437870426, 'accuracy': 0.7964, 'recall': 0.7964}, 'custo': {'mtp': 23528522, 'tpi': 0.002942202197518318, 'ms': 89.75418853759766}, 'solution': {'lr': 0.007489412234523299, 'model_index': 2}}, {'model_name': 'ResNet50', 'assertividade': {'precision': 0.8077341729274735, 'accuracy': 0.8035, 'recall': 0.8035}, 'custo': {'mtp': 23528522, 'tpi': 0.0030761661043592317, 'ms': 89.75418853759766}, 'solution': {'lr': 0.007554773556347464, 'model_index': 2}}, {'model_name': 'MobileNetV2', 'assertividade': {'precision': 0.6847048463203063, 'accuracy': 0.6648, 'recall': 0.6648000000000001}, 'custo': {'mtp': 2236682, 'tpi': 0.0025336985375471175, 'ms': 8.532264709472656}, 'solution': {'lr': 0.008046419612519723, 'model_index': 1}}, {'model_name': 'EfficientNetB0', 'assertividade': {'precision': 0.1248386893874192, 'accuracy': 0.1237, 'recall': 0.1237}, 'custo': {'mtp': 4020358, 'tpi': 0.003957789415007185, 'ms': 15.336448669433594}, 'solution': {'lr': 0.007687934293544706, 'model_index': 0}}, {'model_name': 'VGG16', 'assertividade': {'precision': 0.01, 'accuracy': 0.1, 'recall': 0.1}, 'custo': {'mtp': 134309962, 'tpi': 0.0011613247500863045, 'ms': 512.3518447875977}, 'solution': {'lr': 0.007309453931443001, 'model_index': 4}}, {'model_name': 'EfficientNetB0', 'assertividade': {'precision': 0.13136600218048108, 'accuracy': 0.1511, 'recall': 0.1511}, 'custo': {'mtp': 4020358, 'tpi': 0.004022663565957622, 'ms': 15.336448669433594}, 'solution': {'lr': 0.00691632082118639, 'model_index': 0}}, {'model_name': 'InceptionV3', 'assertividade': {'precision': 0.8712609687057101, 'accuracy': 0.8697, 'recall': 0.8696999999999999}, 'custo': {'mtp': 24371444, 'tpi': 0.005143475380672771, 'ms': 92.96968078613281}, 'solution': {'lr': 0.006261602283322618, 'model_index': 3}}, {'model_name': 'InceptionV3', 'assertividade': {'precision': 0.8698179986182968, 'accuracy': 0.8603, 'recall': 0.8603}, 'custo': {'mtp': 24371444, 'tpi': 0.005547596390839595, 'ms': 92.96968078613281}, 'solution': {'lr': 0.006503685863975264, 'model_index': 3}}, {'model_name': 'MobileNetV2', 'assertividade': {'precision': 0.6952846098809776, 'accuracy': 0.6799, 'recall': 0.6799000000000001}, 'custo': {'mtp': 2236682, 'tpi': 0.002634264101648027, 'ms': 8.532264709472656}, 'solution': {'lr': 0.006451332726154935, 'model_index': 1}}, {'model_name': 'EfficientNetB0', 'assertividade': {'precision': 0.05315194466843289, 'accuracy': 0.1371, 'recall': 0.1371}, 'custo': {'mtp': 4020358, 'tpi': 0.004043345238752426, 'ms': 15.336448669433594}, 'solution': {'lr': 0.006462692723446212, 'model_index': 0}}, {'model_name': 'VGG16', 'assertividade': {'precision': 0.035603438593459755, 'accuracy': 0.101, 'recall': 0.101}, 'custo': {'mtp': 134309962, 'tpi': 0.0010741334052602196, 'ms': 512.3518447875977}, 'solution': {'lr': 0.006105196024538004, 'model_index': 4}}, {'model_name': 'VGG16', 'assertividade': {'precision': 0.01, 'accuracy': 0.1, 'recall': 0.1}, 'custo': {'mtp': 134309962, 'tpi': 0.001185572071439901, 'ms': 512.3518447875977}, 'solution': {'lr': 0.005878443865063257, 'model_index': 4}}, {'model_name': 'InceptionV3', 'assertividade': {'precision': 0.8442797368090256, 'accuracy': 0.8424, 'recall': 0.8423999999999999}, 'custo': {'mtp': 24371444, 'tpi': 0.005463994992007116, 'ms': 92.96968078613281}, 'solution': {'lr': 0.005638140049519019, 'model_index': 3}}, {'model_name': 'MobileNetV2', 'assertividade': {'precision': 0.7529173332552663, 'accuracy': 0.7472, 'recall': 0.7472}, 'custo': {'mtp': 2236682, 'tpi': 0.002584711001936797, 'ms': 8.532264709472656}, 'solution': {'lr': 0.005125342560045348, 'model_index': 1}}, {'model_name': 'EfficientNetB0', 'assertividade': {'precision': 0.0853012013078647, 'accuracy': 0.1353, 'recall': 0.13529999999999998}, 'custo': {'mtp': 4020358, 'tpi': 0.003957494808610078, 'ms': 15.336448669433594}, 'solution': {'lr': 0.004806745735259634, 'model_index': 0}}, {'model_name': 'ResNet50', 'assertividade': {'precision': 0.8077068585230256, 'accuracy': 0.8034, 'recall': 0.8034000000000001}, 'custo': {'mtp': 23528522, 'tpi': 0.0031378922189117236, 'ms': 89.75418853759766}, 'solution': {'lr': 0.005285534690351972, 'model_index': 2}}, {'model_name': 'EfficientNetB0', 'assertividade': {'precision': 0.09191782894674771, 'accuracy': 0.115, 'recall': 0.11500000000000002}, 'custo': {'mtp': 4020358, 'tpi': 0.0039758500020215465, 'ms': 15.336448669433594}, 'solution': {'lr': 0.005143324100179946, 'model_index': 0}}, {'model_name': 'VGG16', 'assertividade': {'precision': 0.030796762332266848, 'accuracy': 0.1015, 'recall': 0.10149999999999999}, 'custo': {'mtp': 134309962, 'tpi': 0.0010828121452574517, 'ms': 512.3518447875977}, 'solution': {'lr': 0.005584700524162901, 'model_index': 4}}, {'model_name': 'EfficientNetB0', 'assertividade': {'precision': 0.0978445901869881, 'accuracy': 0.1778, 'recall': 0.1778}, 'custo': {'mtp': 4020358, 'tpi': 0.0036647836114190946, 'ms': 15.336448669433594}, 'solution': {'lr': 0.006006869250016379, 'model_index': 0}}, {'model_name': 'InceptionV3', 'assertividade': {'precision': 0.8667078400644556, 'accuracy': 0.8595, 'recall': 0.8594999999999999}, 'custo': {'mtp': 24371444, 'tpi': 0.00538752185311287, 'ms': 92.96968078613281}, 'solution': {'lr': 0.005471030904306576, 'model_index': 3}}, {'model_name': 'MobileNetV2', 'assertividade': {'precision': 0.7299181207720397, 'accuracy': 0.6934, 'recall': 0.6934}, 'custo': {'mtp': 2236682, 'tpi': 0.002457058353788534, 'ms': 8.532264709472656}, 'solution': {'lr': 0.006011609738684428, 'model_index': 1}}, {'model_name': 'ResNet50', 'assertividade': {'precision': 0.7788219525124982, 'accuracy': 0.7659, 'recall': 0.7659}, 'custo': {'mtp': 23528522, 'tpi': 0.003166965618255032, 'ms': 89.75418853759766}, 'solution': {'lr': 0.006362861395564334, 'model_index': 2}}, {'model_name': 'VGG16', 'assertividade': {'precision': 0.01000100010001, 'accuracy': 0.1, 'recall': 0.1}, 'custo': {'mtp': 134309962, 'tpi': 0.001166121974872176, 'ms': 512.3518447875977}, 'solution': {'lr': 0.006193823259265243, 'model_index': 4}}, {'model_name': 'EfficientNetB0', 'assertividade': {'precision': 0.08188362271729031, 'accuracy': 0.1373, 'recall': 0.1373}, 'custo': {'mtp': 4020358, 'tpi': 0.004042677059295071, 'ms': 15.336448669433594}, 'solution': {'lr': 0.005629524441133643, 'model_index': 0}}, {'model_name': 'EfficientNetB0', 'assertividade': {'precision': 0.04755121583492965, 'accuracy': 0.1076, 'recall': 0.1076}, 'custo': {'mtp': 4020358, 'tpi': 0.004103088075188315, 'ms': 15.336448669433594}, 'solution': {'lr': 0.005210389212410933, 'model_index': 0}}, {'model_name': 'VGG16', 'assertividade': {'precision': 0.06061119643411522, 'accuracy': 0.1046, 'recall': 0.10459999999999998}, 'custo': {'mtp': 134309962, 'tpi': 0.0011645836435305844, 'ms': 512.3518447875977}, 'solution': {'lr': 0.005049490153962252, 'model_index': 4}}, {'model_name': 'EfficientNetB0', 'assertividade': {'precision': 0.13866583385150938, 'accuracy': 0.1784, 'recall': 0.17839999999999998}, 'custo': {'mtp': 4020358, 'tpi': 0.004095404011428736, 'ms': 15.336448669433594}, 'solution': {'lr': 0.004746318846887841, 'model_index': 0}}, {'model_name': 'ResNet50', 'assertividade': {'precision': 0.8207955781974278, 'accuracy': 0.8158, 'recall': 0.8158}, 'custo': {'mtp': 23528522, 'tpi': 0.0031455960243370884, 'ms': 89.75418853759766}, 'solution': {'lr': 0.0047378289610199645, 'model_index': 2}}, {'model_name': 'InceptionV3', 'assertividade': {'precision': 0.8528275233940128, 'accuracy': 0.8381, 'recall': 0.8381000000000001}, 'custo': {'mtp': 24371444, 'tpi': 0.005146339440801341, 'ms': 92.96968078613281}, 'solution': {'lr': 0.004862055493597951, 'model_index': 3}}, {'model_name': 'VGG16', 'assertividade': {'precision': 0.01, 'accuracy': 0.1, 'recall': 0.1}, 'custo': {'mtp': 134309962, 'tpi': 0.0010567470720619153, 'ms': 512.3518447875977}, 'solution': {'lr': 0.0050642372878192165, 'model_index': 4}}, {'model_name': 'InceptionV3', 'assertividade': {'precision': 0.8698407242288966, 'accuracy': 0.8669, 'recall': 0.8669}, 'custo': {'mtp': 24371444, 'tpi': 0.0055580503621678445, 'ms': 92.96968078613281}, 'solution': {'lr': 0.0045761718594876, 'model_index': 3}}, {'model_name': 'EfficientNetB0', 'assertividade': {'precision': 0.05517780958491789, 'accuracy': 0.138, 'recall': 0.138}, 'custo': {'mtp': 4020358, 'tpi': 0.0039042469802176116, 'ms': 15.336448669433594}, 'solution': {'lr': 0.0044684034582816385, 'model_index': 0}}]
maximos_a:  [0.9003294748121103, 0.8979, 0.8978999999999999]
minimos_a:  [0.0, 0.0, 0.0]
maximos_c (fixos do aquecimento):  [134309962, 0.01336536556482315, 512.3518447875977]
minimos_c (fixos do aquecimento):  [2236682, 0.0026650354266166687, 8.532264709472656]
🔹 A (Assertividade Normalizada):  0.08617621087883011
🔹 C (Custo Normalizado):  0.9672210687198198
🔹 S (Score OACE):  0.526698639799325
Resultado do OACE por Iteração:  {'model_name': 'EfficientNetB0', 'A': 0.08617621087883011, 'C': 0.9672210687198198, 'Score': 0.526698639799325, 'solution': {'lr': 0.0044684034582816385, 'model_index': 0}}
▶️ Iteration 94/150 (Round 2): model 2 e lr 0.004611803823828061
🔀 Random Seed Atual: 643
Epoch: 1 	Training Loss: 1.834890 	Validation Loss: 123.483227
Epoch: 2 	Training Loss: 1.695939 	Validation Loss: 0.355512
Epoch: 3 	Training Loss: 1.421731 	Validation Loss: 0.326467
Epoch: 4 	Training Loss: 1.253626 	Validation Loss: 0.310576
Epoch: 5 	Training Loss: 1.142345 	Validation Loss: 0.262611
Epoch: 6 	Training Loss: 1.015859 	Validation Loss: 0.269395
Epoch: 7 	Training Loss: 0.918882 	Validation Loss: 0.209925
Epoch: 8 	Training Loss: 0.839305 	Validation Loss: 0.198532
Epoch: 9 	Training Loss: 0.760307 	Validation Loss: 0.215789
Epoch: 10 	Training Loss: 0.701129 	Validation Loss: 0.169241
Epoch: 11 	Training Loss: 0.657851 	Validation Loss: 0.196352
Epoch: 12 	Training Loss: 0.615436 	Validation Loss: 0.180012
Epoch: 13 	Training Loss: 0.567638 	Validation Loss: 0.156622
Epoch: 14 	Training Loss: 0.535569 	Validation Loss: 0.156303
Epoch: 15 	Training Loss: 0.509620 	Validation Loss: 0.139022
Epoch: 16 	Training Loss: 0.486226 	Validation Loss: 0.133237
Epoch: 17 	Training Loss: 0.455662 	Validation Loss: 0.132241
Epoch: 18 	Training Loss: 0.430984 	Validation Loss: 0.133254
Epoch: 19 	Training Loss: 0.414693 	Validation Loss: 0.135116
Epoch: 20 	Training Loss: 0.395526 	Validation Loss: 0.128282
Epoch: 21 	Training Loss: 0.380908 	Validation Loss: 0.127793
Epoch: 22 	Training Loss: 0.366811 	Validation Loss: 0.123207
Epoch: 23 	Training Loss: 0.348797 	Validation Loss: 0.122491
Epoch: 24 	Training Loss: 0.328970 	Validation Loss: 0.112212
Epoch: 25 	Training Loss: 0.314147 	Validation Loss: 0.123001
Epoch: 26 	Training Loss: 0.302966 	Validation Loss: 0.116477
Epoch: 27 	Training Loss: 0.294530 	Validation Loss: 0.120445
Epoch: 28 	Training Loss: 0.296010 	Validation Loss: 0.126149
Epoch: 29 	Training Loss: 0.274976 	Validation Loss: 0.111791
Epoch: 30 	Training Loss: 0.255690 	Validation Loss: 0.112381

🔎 INICIANDO A AVALIAÇÃO DO OACE PARA ITERAÇÃO ATUAL
iteration_metrics:  {'model_name': 'ResNet50', 'assertividade': {'precision': 0.8341160173091916, 'accuracy': 0.8245, 'recall': 0.8245000000000001}, 'custo': {'mtp': 23528522, 'tpi': 0.0029914606908324416, 'ms': 89.75418853759766}, 'solution': {'lr': 0.004611803823828061, 'model_index': 2}}
accumulated_metrics:  [{'model_name': 'ResNet50', 'assertividade': {'precision': 0.8009218038002924, 'accuracy': 0.7939, 'recall': 0.7939}, 'custo': {'mtp': 23528522, 'tpi': 0.0028181349395946334, 'ms': 89.75418853759766}, 'solution': {'lr': 0.009411558605875382, 'model_index': 2}}, {'model_name': 'ResNet50', 'assertividade': {'precision': 0.7962583353880739, 'accuracy': 0.7912, 'recall': 0.7911999999999999}, 'custo': {'mtp': 23528522, 'tpi': 0.002786674317280958, 'ms': 89.75418853759766}, 'solution': {'lr': 0.01, 'model_index': 2}}, {'model_name': 'VGG16', 'assertividade': {'precision': 0.030910310200151316, 'accuracy': 0.1105, 'recall': 0.1105}, 'custo': {'mtp': 134309962, 'tpi': 0.0010961787715838972, 'ms': 512.3518447875977}, 'solution': {'lr': 0.009385339374622393, 'model_index': 4}}, {'model_name': 'ResNet50', 'assertividade': {'precision': 0.8262079001982474, 'accuracy': 0.8253, 'recall': 0.8253}, 'custo': {'mtp': 23528522, 'tpi': 0.002792718304190666, 'ms': 89.75418853759766}, 'solution': {'lr': 0.009200032538958128, 'model_index': 2}}, {'model_name': 'VGG16', 'assertividade': {'precision': 0.0697968749117569, 'accuracy': 0.1064, 'recall': 0.10640000000000001}, 'custo': {'mtp': 134309962, 'tpi': 0.0011415466381486054, 'ms': 512.3518447875977}, 'solution': {'lr': 0.008583254241427335, 'model_index': 4}}, {'model_name': 'InceptionV3', 'assertividade': {'precision': 0.8578975991702025, 'accuracy': 0.8557, 'recall': 0.8557}, 'custo': {'mtp': 24371444, 'tpi': 0.0054015171755651, 'ms': 92.96968078613281}, 'solution': {'lr': 0.007834984027862186, 'model_index': 3}}, {'model_name': 'VGG16', 'assertividade': {'precision': 0.04583784143018542, 'accuracy': 0.1016, 'recall': 0.1016}, 'custo': {'mtp': 134309962, 'tpi': 0.0011684135266929675, 'ms': 512.3518447875977}, 'solution': {'lr': 0.007321352609678986, 'model_index': 4}}, {'model_name': 'EfficientNetB0', 'assertividade': {'precision': 0.06798022166375269, 'accuracy': 0.1117, 'recall': 0.1117}, 'custo': {'mtp': 4020358, 'tpi': 0.003945086412369066, 'ms': 15.336448669433594}, 'solution': {'lr': 0.007665691294348975, 'model_index': 0}}, {'model_name': 'EfficientNetB0', 'assertividade': {'precision': 0.10281109219470826, 'accuracy': 0.172, 'recall': 0.17200000000000001}, 'custo': {'mtp': 4020358, 'tpi': 0.003598513876556591, 'ms': 15.336448669433594}, 'solution': {'lr': 0.007968809670981293, 'model_index': 0}}, {'model_name': 'MobileNetV2', 'assertividade': {'precision': 0.6786094694926865, 'accuracy': 0.671, 'recall': 0.671}, 'custo': {'mtp': 2236682, 'tpi': 0.0024538495738035556, 'ms': 8.532264709472656}, 'solution': {'lr': 0.007381222478438391, 'model_index': 1}}, {'model_name': 'ResNet50', 'assertividade': {'precision': 0.7942024962942702, 'accuracy': 0.7927, 'recall': 0.7927000000000001}, 'custo': {'mtp': 23528522, 'tpi': 0.003041410142449057, 'ms': 89.75418853759766}, 'solution': {'lr': 0.00757298478728058, 'model_index': 2}}, {'model_name': 'ResNet50', 'assertividade': {'precision': 0.8042431437870426, 'accuracy': 0.7964, 'recall': 0.7964}, 'custo': {'mtp': 23528522, 'tpi': 0.002942202197518318, 'ms': 89.75418853759766}, 'solution': {'lr': 0.007489412234523299, 'model_index': 2}}, {'model_name': 'ResNet50', 'assertividade': {'precision': 0.8077341729274735, 'accuracy': 0.8035, 'recall': 0.8035}, 'custo': {'mtp': 23528522, 'tpi': 0.0030761661043592317, 'ms': 89.75418853759766}, 'solution': {'lr': 0.007554773556347464, 'model_index': 2}}, {'model_name': 'MobileNetV2', 'assertividade': {'precision': 0.6847048463203063, 'accuracy': 0.6648, 'recall': 0.6648000000000001}, 'custo': {'mtp': 2236682, 'tpi': 0.0025336985375471175, 'ms': 8.532264709472656}, 'solution': {'lr': 0.008046419612519723, 'model_index': 1}}, {'model_name': 'EfficientNetB0', 'assertividade': {'precision': 0.1248386893874192, 'accuracy': 0.1237, 'recall': 0.1237}, 'custo': {'mtp': 4020358, 'tpi': 0.003957789415007185, 'ms': 15.336448669433594}, 'solution': {'lr': 0.007687934293544706, 'model_index': 0}}, {'model_name': 'VGG16', 'assertividade': {'precision': 0.01, 'accuracy': 0.1, 'recall': 0.1}, 'custo': {'mtp': 134309962, 'tpi': 0.0011613247500863045, 'ms': 512.3518447875977}, 'solution': {'lr': 0.007309453931443001, 'model_index': 4}}, {'model_name': 'EfficientNetB0', 'assertividade': {'precision': 0.13136600218048108, 'accuracy': 0.1511, 'recall': 0.1511}, 'custo': {'mtp': 4020358, 'tpi': 0.004022663565957622, 'ms': 15.336448669433594}, 'solution': {'lr': 0.00691632082118639, 'model_index': 0}}, {'model_name': 'InceptionV3', 'assertividade': {'precision': 0.8712609687057101, 'accuracy': 0.8697, 'recall': 0.8696999999999999}, 'custo': {'mtp': 24371444, 'tpi': 0.005143475380672771, 'ms': 92.96968078613281}, 'solution': {'lr': 0.006261602283322618, 'model_index': 3}}, {'model_name': 'InceptionV3', 'assertividade': {'precision': 0.8698179986182968, 'accuracy': 0.8603, 'recall': 0.8603}, 'custo': {'mtp': 24371444, 'tpi': 0.005547596390839595, 'ms': 92.96968078613281}, 'solution': {'lr': 0.006503685863975264, 'model_index': 3}}, {'model_name': 'MobileNetV2', 'assertividade': {'precision': 0.6952846098809776, 'accuracy': 0.6799, 'recall': 0.6799000000000001}, 'custo': {'mtp': 2236682, 'tpi': 0.002634264101648027, 'ms': 8.532264709472656}, 'solution': {'lr': 0.006451332726154935, 'model_index': 1}}, {'model_name': 'EfficientNetB0', 'assertividade': {'precision': 0.05315194466843289, 'accuracy': 0.1371, 'recall': 0.1371}, 'custo': {'mtp': 4020358, 'tpi': 0.004043345238752426, 'ms': 15.336448669433594}, 'solution': {'lr': 0.006462692723446212, 'model_index': 0}}, {'model_name': 'VGG16', 'assertividade': {'precision': 0.035603438593459755, 'accuracy': 0.101, 'recall': 0.101}, 'custo': {'mtp': 134309962, 'tpi': 0.0010741334052602196, 'ms': 512.3518447875977}, 'solution': {'lr': 0.006105196024538004, 'model_index': 4}}, {'model_name': 'VGG16', 'assertividade': {'precision': 0.01, 'accuracy': 0.1, 'recall': 0.1}, 'custo': {'mtp': 134309962, 'tpi': 0.001185572071439901, 'ms': 512.3518447875977}, 'solution': {'lr': 0.005878443865063257, 'model_index': 4}}, {'model_name': 'InceptionV3', 'assertividade': {'precision': 0.8442797368090256, 'accuracy': 0.8424, 'recall': 0.8423999999999999}, 'custo': {'mtp': 24371444, 'tpi': 0.005463994992007116, 'ms': 92.96968078613281}, 'solution': {'lr': 0.005638140049519019, 'model_index': 3}}, {'model_name': 'MobileNetV2', 'assertividade': {'precision': 0.7529173332552663, 'accuracy': 0.7472, 'recall': 0.7472}, 'custo': {'mtp': 2236682, 'tpi': 0.002584711001936797, 'ms': 8.532264709472656}, 'solution': {'lr': 0.005125342560045348, 'model_index': 1}}, {'model_name': 'EfficientNetB0', 'assertividade': {'precision': 0.0853012013078647, 'accuracy': 0.1353, 'recall': 0.13529999999999998}, 'custo': {'mtp': 4020358, 'tpi': 0.003957494808610078, 'ms': 15.336448669433594}, 'solution': {'lr': 0.004806745735259634, 'model_index': 0}}, {'model_name': 'ResNet50', 'assertividade': {'precision': 0.8077068585230256, 'accuracy': 0.8034, 'recall': 0.8034000000000001}, 'custo': {'mtp': 23528522, 'tpi': 0.0031378922189117236, 'ms': 89.75418853759766}, 'solution': {'lr': 0.005285534690351972, 'model_index': 2}}, {'model_name': 'EfficientNetB0', 'assertividade': {'precision': 0.09191782894674771, 'accuracy': 0.115, 'recall': 0.11500000000000002}, 'custo': {'mtp': 4020358, 'tpi': 0.0039758500020215465, 'ms': 15.336448669433594}, 'solution': {'lr': 0.005143324100179946, 'model_index': 0}}, {'model_name': 'VGG16', 'assertividade': {'precision': 0.030796762332266848, 'accuracy': 0.1015, 'recall': 0.10149999999999999}, 'custo': {'mtp': 134309962, 'tpi': 0.0010828121452574517, 'ms': 512.3518447875977}, 'solution': {'lr': 0.005584700524162901, 'model_index': 4}}, {'model_name': 'EfficientNetB0', 'assertividade': {'precision': 0.0978445901869881, 'accuracy': 0.1778, 'recall': 0.1778}, 'custo': {'mtp': 4020358, 'tpi': 0.0036647836114190946, 'ms': 15.336448669433594}, 'solution': {'lr': 0.006006869250016379, 'model_index': 0}}, {'model_name': 'InceptionV3', 'assertividade': {'precision': 0.8667078400644556, 'accuracy': 0.8595, 'recall': 0.8594999999999999}, 'custo': {'mtp': 24371444, 'tpi': 0.00538752185311287, 'ms': 92.96968078613281}, 'solution': {'lr': 0.005471030904306576, 'model_index': 3}}, {'model_name': 'MobileNetV2', 'assertividade': {'precision': 0.7299181207720397, 'accuracy': 0.6934, 'recall': 0.6934}, 'custo': {'mtp': 2236682, 'tpi': 0.002457058353788534, 'ms': 8.532264709472656}, 'solution': {'lr': 0.006011609738684428, 'model_index': 1}}, {'model_name': 'ResNet50', 'assertividade': {'precision': 0.7788219525124982, 'accuracy': 0.7659, 'recall': 0.7659}, 'custo': {'mtp': 23528522, 'tpi': 0.003166965618255032, 'ms': 89.75418853759766}, 'solution': {'lr': 0.006362861395564334, 'model_index': 2}}, {'model_name': 'VGG16', 'assertividade': {'precision': 0.01000100010001, 'accuracy': 0.1, 'recall': 0.1}, 'custo': {'mtp': 134309962, 'tpi': 0.001166121974872176, 'ms': 512.3518447875977}, 'solution': {'lr': 0.006193823259265243, 'model_index': 4}}, {'model_name': 'EfficientNetB0', 'assertividade': {'precision': 0.08188362271729031, 'accuracy': 0.1373, 'recall': 0.1373}, 'custo': {'mtp': 4020358, 'tpi': 0.004042677059295071, 'ms': 15.336448669433594}, 'solution': {'lr': 0.005629524441133643, 'model_index': 0}}, {'model_name': 'EfficientNetB0', 'assertividade': {'precision': 0.04755121583492965, 'accuracy': 0.1076, 'recall': 0.1076}, 'custo': {'mtp': 4020358, 'tpi': 0.004103088075188315, 'ms': 15.336448669433594}, 'solution': {'lr': 0.005210389212410933, 'model_index': 0}}, {'model_name': 'VGG16', 'assertividade': {'precision': 0.06061119643411522, 'accuracy': 0.1046, 'recall': 0.10459999999999998}, 'custo': {'mtp': 134309962, 'tpi': 0.0011645836435305844, 'ms': 512.3518447875977}, 'solution': {'lr': 0.005049490153962252, 'model_index': 4}}, {'model_name': 'EfficientNetB0', 'assertividade': {'precision': 0.13866583385150938, 'accuracy': 0.1784, 'recall': 0.17839999999999998}, 'custo': {'mtp': 4020358, 'tpi': 0.004095404011428736, 'ms': 15.336448669433594}, 'solution': {'lr': 0.004746318846887841, 'model_index': 0}}, {'model_name': 'ResNet50', 'assertividade': {'precision': 0.8207955781974278, 'accuracy': 0.8158, 'recall': 0.8158}, 'custo': {'mtp': 23528522, 'tpi': 0.0031455960243370884, 'ms': 89.75418853759766}, 'solution': {'lr': 0.0047378289610199645, 'model_index': 2}}, {'model_name': 'InceptionV3', 'assertividade': {'precision': 0.8528275233940128, 'accuracy': 0.8381, 'recall': 0.8381000000000001}, 'custo': {'mtp': 24371444, 'tpi': 0.005146339440801341, 'ms': 92.96968078613281}, 'solution': {'lr': 0.004862055493597951, 'model_index': 3}}, {'model_name': 'VGG16', 'assertividade': {'precision': 0.01, 'accuracy': 0.1, 'recall': 0.1}, 'custo': {'mtp': 134309962, 'tpi': 0.0010567470720619153, 'ms': 512.3518447875977}, 'solution': {'lr': 0.0050642372878192165, 'model_index': 4}}, {'model_name': 'InceptionV3', 'assertividade': {'precision': 0.8698407242288966, 'accuracy': 0.8669, 'recall': 0.8669}, 'custo': {'mtp': 24371444, 'tpi': 0.0055580503621678445, 'ms': 92.96968078613281}, 'solution': {'lr': 0.0045761718594876, 'model_index': 3}}, {'model_name': 'EfficientNetB0', 'assertividade': {'precision': 0.05517780958491789, 'accuracy': 0.138, 'recall': 0.138}, 'custo': {'mtp': 4020358, 'tpi': 0.0039042469802176116, 'ms': 15.336448669433594}, 'solution': {'lr': 0.0044684034582816385, 'model_index': 0}}, {'model_name': 'ResNet50', 'assertividade': {'precision': 0.8341160173091916, 'accuracy': 0.8245, 'recall': 0.8245000000000001}, 'custo': {'mtp': 23528522, 'tpi': 0.0029914606908324416, 'ms': 89.75418853759766}, 'solution': {'lr': 0.004611803823828061, 'model_index': 2}}]
maximos_a:  [0.9003294748121103, 0.8979, 0.8978999999999999]
minimos_a:  [0.0, 0.0, 0.0]
maximos_c (fixos do aquecimento):  [134309962, 0.01336536556482315, 512.3518447875977]
minimos_c (fixos do aquecimento):  [2236682, 0.0026650354266166687, 8.532264709472656]
🔹 A (Assertividade Normalizada):  0.9242469706383294
🔹 C (Custo Normalizado):  0.8634119608532115
🔹 S (Score OACE):  0.8938294657457704
Resultado do OACE por Iteração:  {'model_name': 'ResNet50', 'A': 0.9242469706383294, 'C': 0.8634119608532115, 'Score': 0.8938294657457704, 'solution': {'lr': 0.004611803823828061, 'model_index': 2}}
▶️ Iteration 95/150 (Round 2): model 3 e lr 0.004658492409979083
🔀 Random Seed Atual: 644
Epoch: 1 	Training Loss: 1.852317 	Validation Loss: 0.444229
Epoch: 2 	Training Loss: 1.580545 	Validation Loss: 0.352254
Epoch: 3 	Training Loss: 1.288941 	Validation Loss: 0.294390
Epoch: 4 	Training Loss: 1.009019 	Validation Loss: 0.212216
Epoch: 5 	Training Loss: 0.811809 	Validation Loss: 0.188499
Epoch: 6 	Training Loss: 0.680652 	Validation Loss: 0.166853
Epoch: 7 	Training Loss: 0.587393 	Validation Loss: 0.168308
Epoch: 8 	Training Loss: 0.512932 	Validation Loss: 0.125653
Epoch: 9 	Training Loss: 0.463701 	Validation Loss: 0.171766
Epoch: 10 	Training Loss: 0.416050 	Validation Loss: 0.126108
Epoch: 11 	Training Loss: 0.375846 	Validation Loss: 0.105738
Epoch: 12 	Training Loss: 0.343155 	Validation Loss: 0.096633
Epoch: 13 	Training Loss: 0.309456 	Validation Loss: 0.098826
Epoch: 14 	Training Loss: 0.278468 	Validation Loss: 0.103354
Epoch: 15 	Training Loss: 0.257445 	Validation Loss: 0.093025
Epoch: 16 	Training Loss: 0.233360 	Validation Loss: 0.091679
Epoch: 17 	Training Loss: 0.211911 	Validation Loss: 0.106706
Epoch: 18 	Training Loss: 0.188541 	Validation Loss: 0.100540
Epoch: 19 	Training Loss: 0.175064 	Validation Loss: 0.103252
Epoch: 20 	Training Loss: 0.162503 	Validation Loss: 0.105155
Epoch: 21 	Training Loss: 0.144091 	Validation Loss: 0.097817
Early stopping after 21 epochs due to no improvement.

🔎 INICIANDO A AVALIAÇÃO DO OACE PARA ITERAÇÃO ATUAL
iteration_metrics:  {'model_name': 'InceptionV3', 'assertividade': {'precision': 0.8562259945421354, 'accuracy': 0.8519, 'recall': 0.8519}, 'custo': {'mtp': 24371444, 'tpi': 0.005042850591574505, 'ms': 92.96968078613281}, 'solution': {'lr': 0.004658492409979083, 'model_index': 3}}
accumulated_metrics:  [{'model_name': 'ResNet50', 'assertividade': {'precision': 0.8009218038002924, 'accuracy': 0.7939, 'recall': 0.7939}, 'custo': {'mtp': 23528522, 'tpi': 0.0028181349395946334, 'ms': 89.75418853759766}, 'solution': {'lr': 0.009411558605875382, 'model_index': 2}}, {'model_name': 'ResNet50', 'assertividade': {'precision': 0.7962583353880739, 'accuracy': 0.7912, 'recall': 0.7911999999999999}, 'custo': {'mtp': 23528522, 'tpi': 0.002786674317280958, 'ms': 89.75418853759766}, 'solution': {'lr': 0.01, 'model_index': 2}}, {'model_name': 'VGG16', 'assertividade': {'precision': 0.030910310200151316, 'accuracy': 0.1105, 'recall': 0.1105}, 'custo': {'mtp': 134309962, 'tpi': 0.0010961787715838972, 'ms': 512.3518447875977}, 'solution': {'lr': 0.009385339374622393, 'model_index': 4}}, {'model_name': 'ResNet50', 'assertividade': {'precision': 0.8262079001982474, 'accuracy': 0.8253, 'recall': 0.8253}, 'custo': {'mtp': 23528522, 'tpi': 0.002792718304190666, 'ms': 89.75418853759766}, 'solution': {'lr': 0.009200032538958128, 'model_index': 2}}, {'model_name': 'VGG16', 'assertividade': {'precision': 0.0697968749117569, 'accuracy': 0.1064, 'recall': 0.10640000000000001}, 'custo': {'mtp': 134309962, 'tpi': 0.0011415466381486054, 'ms': 512.3518447875977}, 'solution': {'lr': 0.008583254241427335, 'model_index': 4}}, {'model_name': 'InceptionV3', 'assertividade': {'precision': 0.8578975991702025, 'accuracy': 0.8557, 'recall': 0.8557}, 'custo': {'mtp': 24371444, 'tpi': 0.0054015171755651, 'ms': 92.96968078613281}, 'solution': {'lr': 0.007834984027862186, 'model_index': 3}}, {'model_name': 'VGG16', 'assertividade': {'precision': 0.04583784143018542, 'accuracy': 0.1016, 'recall': 0.1016}, 'custo': {'mtp': 134309962, 'tpi': 0.0011684135266929675, 'ms': 512.3518447875977}, 'solution': {'lr': 0.007321352609678986, 'model_index': 4}}, {'model_name': 'EfficientNetB0', 'assertividade': {'precision': 0.06798022166375269, 'accuracy': 0.1117, 'recall': 0.1117}, 'custo': {'mtp': 4020358, 'tpi': 0.003945086412369066, 'ms': 15.336448669433594}, 'solution': {'lr': 0.007665691294348975, 'model_index': 0}}, {'model_name': 'EfficientNetB0', 'assertividade': {'precision': 0.10281109219470826, 'accuracy': 0.172, 'recall': 0.17200000000000001}, 'custo': {'mtp': 4020358, 'tpi': 0.003598513876556591, 'ms': 15.336448669433594}, 'solution': {'lr': 0.007968809670981293, 'model_index': 0}}, {'model_name': 'MobileNetV2', 'assertividade': {'precision': 0.6786094694926865, 'accuracy': 0.671, 'recall': 0.671}, 'custo': {'mtp': 2236682, 'tpi': 0.0024538495738035556, 'ms': 8.532264709472656}, 'solution': {'lr': 0.007381222478438391, 'model_index': 1}}, {'model_name': 'ResNet50', 'assertividade': {'precision': 0.7942024962942702, 'accuracy': 0.7927, 'recall': 0.7927000000000001}, 'custo': {'mtp': 23528522, 'tpi': 0.003041410142449057, 'ms': 89.75418853759766}, 'solution': {'lr': 0.00757298478728058, 'model_index': 2}}, {'model_name': 'ResNet50', 'assertividade': {'precision': 0.8042431437870426, 'accuracy': 0.7964, 'recall': 0.7964}, 'custo': {'mtp': 23528522, 'tpi': 0.002942202197518318, 'ms': 89.75418853759766}, 'solution': {'lr': 0.007489412234523299, 'model_index': 2}}, {'model_name': 'ResNet50', 'assertividade': {'precision': 0.8077341729274735, 'accuracy': 0.8035, 'recall': 0.8035}, 'custo': {'mtp': 23528522, 'tpi': 0.0030761661043592317, 'ms': 89.75418853759766}, 'solution': {'lr': 0.007554773556347464, 'model_index': 2}}, {'model_name': 'MobileNetV2', 'assertividade': {'precision': 0.6847048463203063, 'accuracy': 0.6648, 'recall': 0.6648000000000001}, 'custo': {'mtp': 2236682, 'tpi': 0.0025336985375471175, 'ms': 8.532264709472656}, 'solution': {'lr': 0.008046419612519723, 'model_index': 1}}, {'model_name': 'EfficientNetB0', 'assertividade': {'precision': 0.1248386893874192, 'accuracy': 0.1237, 'recall': 0.1237}, 'custo': {'mtp': 4020358, 'tpi': 0.003957789415007185, 'ms': 15.336448669433594}, 'solution': {'lr': 0.007687934293544706, 'model_index': 0}}, {'model_name': 'VGG16', 'assertividade': {'precision': 0.01, 'accuracy': 0.1, 'recall': 0.1}, 'custo': {'mtp': 134309962, 'tpi': 0.0011613247500863045, 'ms': 512.3518447875977}, 'solution': {'lr': 0.007309453931443001, 'model_index': 4}}, {'model_name': 'EfficientNetB0', 'assertividade': {'precision': 0.13136600218048108, 'accuracy': 0.1511, 'recall': 0.1511}, 'custo': {'mtp': 4020358, 'tpi': 0.004022663565957622, 'ms': 15.336448669433594}, 'solution': {'lr': 0.00691632082118639, 'model_index': 0}}, {'model_name': 'InceptionV3', 'assertividade': {'precision': 0.8712609687057101, 'accuracy': 0.8697, 'recall': 0.8696999999999999}, 'custo': {'mtp': 24371444, 'tpi': 0.005143475380672771, 'ms': 92.96968078613281}, 'solution': {'lr': 0.006261602283322618, 'model_index': 3}}, {'model_name': 'InceptionV3', 'assertividade': {'precision': 0.8698179986182968, 'accuracy': 0.8603, 'recall': 0.8603}, 'custo': {'mtp': 24371444, 'tpi': 0.005547596390839595, 'ms': 92.96968078613281}, 'solution': {'lr': 0.006503685863975264, 'model_index': 3}}, {'model_name': 'MobileNetV2', 'assertividade': {'precision': 0.6952846098809776, 'accuracy': 0.6799, 'recall': 0.6799000000000001}, 'custo': {'mtp': 2236682, 'tpi': 0.002634264101648027, 'ms': 8.532264709472656}, 'solution': {'lr': 0.006451332726154935, 'model_index': 1}}, {'model_name': 'EfficientNetB0', 'assertividade': {'precision': 0.05315194466843289, 'accuracy': 0.1371, 'recall': 0.1371}, 'custo': {'mtp': 4020358, 'tpi': 0.004043345238752426, 'ms': 15.336448669433594}, 'solution': {'lr': 0.006462692723446212, 'model_index': 0}}, {'model_name': 'VGG16', 'assertividade': {'precision': 0.035603438593459755, 'accuracy': 0.101, 'recall': 0.101}, 'custo': {'mtp': 134309962, 'tpi': 0.0010741334052602196, 'ms': 512.3518447875977}, 'solution': {'lr': 0.006105196024538004, 'model_index': 4}}, {'model_name': 'VGG16', 'assertividade': {'precision': 0.01, 'accuracy': 0.1, 'recall': 0.1}, 'custo': {'mtp': 134309962, 'tpi': 0.001185572071439901, 'ms': 512.3518447875977}, 'solution': {'lr': 0.005878443865063257, 'model_index': 4}}, {'model_name': 'InceptionV3', 'assertividade': {'precision': 0.8442797368090256, 'accuracy': 0.8424, 'recall': 0.8423999999999999}, 'custo': {'mtp': 24371444, 'tpi': 0.005463994992007116, 'ms': 92.96968078613281}, 'solution': {'lr': 0.005638140049519019, 'model_index': 3}}, {'model_name': 'MobileNetV2', 'assertividade': {'precision': 0.7529173332552663, 'accuracy': 0.7472, 'recall': 0.7472}, 'custo': {'mtp': 2236682, 'tpi': 0.002584711001936797, 'ms': 8.532264709472656}, 'solution': {'lr': 0.005125342560045348, 'model_index': 1}}, {'model_name': 'EfficientNetB0', 'assertividade': {'precision': 0.0853012013078647, 'accuracy': 0.1353, 'recall': 0.13529999999999998}, 'custo': {'mtp': 4020358, 'tpi': 0.003957494808610078, 'ms': 15.336448669433594}, 'solution': {'lr': 0.004806745735259634, 'model_index': 0}}, {'model_name': 'ResNet50', 'assertividade': {'precision': 0.8077068585230256, 'accuracy': 0.8034, 'recall': 0.8034000000000001}, 'custo': {'mtp': 23528522, 'tpi': 0.0031378922189117236, 'ms': 89.75418853759766}, 'solution': {'lr': 0.005285534690351972, 'model_index': 2}}, {'model_name': 'EfficientNetB0', 'assertividade': {'precision': 0.09191782894674771, 'accuracy': 0.115, 'recall': 0.11500000000000002}, 'custo': {'mtp': 4020358, 'tpi': 0.0039758500020215465, 'ms': 15.336448669433594}, 'solution': {'lr': 0.005143324100179946, 'model_index': 0}}, {'model_name': 'VGG16', 'assertividade': {'precision': 0.030796762332266848, 'accuracy': 0.1015, 'recall': 0.10149999999999999}, 'custo': {'mtp': 134309962, 'tpi': 0.0010828121452574517, 'ms': 512.3518447875977}, 'solution': {'lr': 0.005584700524162901, 'model_index': 4}}, {'model_name': 'EfficientNetB0', 'assertividade': {'precision': 0.0978445901869881, 'accuracy': 0.1778, 'recall': 0.1778}, 'custo': {'mtp': 4020358, 'tpi': 0.0036647836114190946, 'ms': 15.336448669433594}, 'solution': {'lr': 0.006006869250016379, 'model_index': 0}}, {'model_name': 'InceptionV3', 'assertividade': {'precision': 0.8667078400644556, 'accuracy': 0.8595, 'recall': 0.8594999999999999}, 'custo': {'mtp': 24371444, 'tpi': 0.00538752185311287, 'ms': 92.96968078613281}, 'solution': {'lr': 0.005471030904306576, 'model_index': 3}}, {'model_name': 'MobileNetV2', 'assertividade': {'precision': 0.7299181207720397, 'accuracy': 0.6934, 'recall': 0.6934}, 'custo': {'mtp': 2236682, 'tpi': 0.002457058353788534, 'ms': 8.532264709472656}, 'solution': {'lr': 0.006011609738684428, 'model_index': 1}}, {'model_name': 'ResNet50', 'assertividade': {'precision': 0.7788219525124982, 'accuracy': 0.7659, 'recall': 0.7659}, 'custo': {'mtp': 23528522, 'tpi': 0.003166965618255032, 'ms': 89.75418853759766}, 'solution': {'lr': 0.006362861395564334, 'model_index': 2}}, {'model_name': 'VGG16', 'assertividade': {'precision': 0.01000100010001, 'accuracy': 0.1, 'recall': 0.1}, 'custo': {'mtp': 134309962, 'tpi': 0.001166121974872176, 'ms': 512.3518447875977}, 'solution': {'lr': 0.006193823259265243, 'model_index': 4}}, {'model_name': 'EfficientNetB0', 'assertividade': {'precision': 0.08188362271729031, 'accuracy': 0.1373, 'recall': 0.1373}, 'custo': {'mtp': 4020358, 'tpi': 0.004042677059295071, 'ms': 15.336448669433594}, 'solution': {'lr': 0.005629524441133643, 'model_index': 0}}, {'model_name': 'EfficientNetB0', 'assertividade': {'precision': 0.04755121583492965, 'accuracy': 0.1076, 'recall': 0.1076}, 'custo': {'mtp': 4020358, 'tpi': 0.004103088075188315, 'ms': 15.336448669433594}, 'solution': {'lr': 0.005210389212410933, 'model_index': 0}}, {'model_name': 'VGG16', 'assertividade': {'precision': 0.06061119643411522, 'accuracy': 0.1046, 'recall': 0.10459999999999998}, 'custo': {'mtp': 134309962, 'tpi': 0.0011645836435305844, 'ms': 512.3518447875977}, 'solution': {'lr': 0.005049490153962252, 'model_index': 4}}, {'model_name': 'EfficientNetB0', 'assertividade': {'precision': 0.13866583385150938, 'accuracy': 0.1784, 'recall': 0.17839999999999998}, 'custo': {'mtp': 4020358, 'tpi': 0.004095404011428736, 'ms': 15.336448669433594}, 'solution': {'lr': 0.004746318846887841, 'model_index': 0}}, {'model_name': 'ResNet50', 'assertividade': {'precision': 0.8207955781974278, 'accuracy': 0.8158, 'recall': 0.8158}, 'custo': {'mtp': 23528522, 'tpi': 0.0031455960243370884, 'ms': 89.75418853759766}, 'solution': {'lr': 0.0047378289610199645, 'model_index': 2}}, {'model_name': 'InceptionV3', 'assertividade': {'precision': 0.8528275233940128, 'accuracy': 0.8381, 'recall': 0.8381000000000001}, 'custo': {'mtp': 24371444, 'tpi': 0.005146339440801341, 'ms': 92.96968078613281}, 'solution': {'lr': 0.004862055493597951, 'model_index': 3}}, {'model_name': 'VGG16', 'assertividade': {'precision': 0.01, 'accuracy': 0.1, 'recall': 0.1}, 'custo': {'mtp': 134309962, 'tpi': 0.0010567470720619153, 'ms': 512.3518447875977}, 'solution': {'lr': 0.0050642372878192165, 'model_index': 4}}, {'model_name': 'InceptionV3', 'assertividade': {'precision': 0.8698407242288966, 'accuracy': 0.8669, 'recall': 0.8669}, 'custo': {'mtp': 24371444, 'tpi': 0.0055580503621678445, 'ms': 92.96968078613281}, 'solution': {'lr': 0.0045761718594876, 'model_index': 3}}, {'model_name': 'EfficientNetB0', 'assertividade': {'precision': 0.05517780958491789, 'accuracy': 0.138, 'recall': 0.138}, 'custo': {'mtp': 4020358, 'tpi': 0.0039042469802176116, 'ms': 15.336448669433594}, 'solution': {'lr': 0.0044684034582816385, 'model_index': 0}}, {'model_name': 'ResNet50', 'assertividade': {'precision': 0.8341160173091916, 'accuracy': 0.8245, 'recall': 0.8245000000000001}, 'custo': {'mtp': 23528522, 'tpi': 0.0029914606908324416, 'ms': 89.75418853759766}, 'solution': {'lr': 0.004611803823828061, 'model_index': 2}}, {'model_name': 'InceptionV3', 'assertividade': {'precision': 0.8562259945421354, 'accuracy': 0.8519, 'recall': 0.8519}, 'custo': {'mtp': 24371444, 'tpi': 0.005042850591574505, 'ms': 92.96968078613281}, 'solution': {'lr': 0.004658492409979083, 'model_index': 3}}]
maximos_a:  [0.9003294748121103, 0.8979, 0.8978999999999999]
minimos_a:  [0.0, 0.0, 0.0]
maximos_c (fixos do aquecimento):  [134309962, 0.01336536556482315, 512.3518447875977]
minimos_c (fixos do aquecimento):  [2236682, 0.0026650354266166687, 8.532264709472656]
🔹 A (Assertividade Normalizada):  0.9504094399433045
🔹 C (Custo Normalizado):  0.8221145520240143
🔹 S (Score OACE):  0.8862619959836594
Resultado do OACE por Iteração:  {'model_name': 'InceptionV3', 'A': 0.9504094399433045, 'C': 0.8221145520240143, 'Score': 0.8862619959836594, 'solution': {'lr': 0.004658492409979083, 'model_index': 3}}
✅ Checkpoint salvo na Rodada 2, Iteração 95.
▶️ Iteration 96/150 (Round 2): model 3 e lr 0.004645081821734943
🔀 Random Seed Atual: 645
Epoch: 1 	Training Loss: 1.816262 	Validation Loss: 0.390346
Epoch: 2 	Training Loss: 1.389003 	Validation Loss: 0.319084
Epoch: 3 	Training Loss: 1.032374 	Validation Loss: 0.380504
Epoch: 4 	Training Loss: 0.793074 	Validation Loss: 0.184096
Epoch: 5 	Training Loss: 0.661812 	Validation Loss: 0.150691
Epoch: 6 	Training Loss: 0.567284 	Validation Loss: 0.131854
Epoch: 7 	Training Loss: 0.502828 	Validation Loss: 0.124575
Epoch: 8 	Training Loss: 0.448590 	Validation Loss: 0.140382
Epoch: 9 	Training Loss: 0.407966 	Validation Loss: 0.107157
Epoch: 10 	Training Loss: 0.366796 	Validation Loss: 0.108574
Epoch: 11 	Training Loss: 0.330739 	Validation Loss: 0.097786
Epoch: 12 	Training Loss: 0.311418 	Validation Loss: 0.103930
Epoch: 13 	Training Loss: 0.273720 	Validation Loss: 0.088859
Epoch: 14 	Training Loss: 0.249383 	Validation Loss: 0.092294
Epoch: 15 	Training Loss: 0.231603 	Validation Loss: 0.088966
Epoch: 16 	Training Loss: 0.203042 	Validation Loss: 0.088963
Epoch: 17 	Training Loss: 0.181855 	Validation Loss: 0.101501
Epoch: 18 	Training Loss: 0.168942 	Validation Loss: 0.100638
Early stopping after 18 epochs due to no improvement.

🔎 INICIANDO A AVALIAÇÃO DO OACE PARA ITERAÇÃO ATUAL
iteration_metrics:  {'model_name': 'InceptionV3', 'assertividade': {'precision': 0.8574324027251157, 'accuracy': 0.8535, 'recall': 0.8535}, 'custo': {'mtp': 24371444, 'tpi': 0.005336192003480947, 'ms': 92.96968078613281}, 'solution': {'lr': 0.004645081821734943, 'model_index': 3}}
accumulated_metrics:  [{'model_name': 'ResNet50', 'assertividade': {'precision': 0.8009218038002924, 'accuracy': 0.7939, 'recall': 0.7939}, 'custo': {'mtp': 23528522, 'tpi': 0.0028181349395946334, 'ms': 89.75418853759766}, 'solution': {'lr': 0.009411558605875382, 'model_index': 2}}, {'model_name': 'ResNet50', 'assertividade': {'precision': 0.7962583353880739, 'accuracy': 0.7912, 'recall': 0.7911999999999999}, 'custo': {'mtp': 23528522, 'tpi': 0.002786674317280958, 'ms': 89.75418853759766}, 'solution': {'lr': 0.01, 'model_index': 2}}, {'model_name': 'VGG16', 'assertividade': {'precision': 0.030910310200151316, 'accuracy': 0.1105, 'recall': 0.1105}, 'custo': {'mtp': 134309962, 'tpi': 0.0010961787715838972, 'ms': 512.3518447875977}, 'solution': {'lr': 0.009385339374622393, 'model_index': 4}}, {'model_name': 'ResNet50', 'assertividade': {'precision': 0.8262079001982474, 'accuracy': 0.8253, 'recall': 0.8253}, 'custo': {'mtp': 23528522, 'tpi': 0.002792718304190666, 'ms': 89.75418853759766}, 'solution': {'lr': 0.009200032538958128, 'model_index': 2}}, {'model_name': 'VGG16', 'assertividade': {'precision': 0.0697968749117569, 'accuracy': 0.1064, 'recall': 0.10640000000000001}, 'custo': {'mtp': 134309962, 'tpi': 0.0011415466381486054, 'ms': 512.3518447875977}, 'solution': {'lr': 0.008583254241427335, 'model_index': 4}}, {'model_name': 'InceptionV3', 'assertividade': {'precision': 0.8578975991702025, 'accuracy': 0.8557, 'recall': 0.8557}, 'custo': {'mtp': 24371444, 'tpi': 0.0054015171755651, 'ms': 92.96968078613281}, 'solution': {'lr': 0.007834984027862186, 'model_index': 3}}, {'model_name': 'VGG16', 'assertividade': {'precision': 0.04583784143018542, 'accuracy': 0.1016, 'recall': 0.1016}, 'custo': {'mtp': 134309962, 'tpi': 0.0011684135266929675, 'ms': 512.3518447875977}, 'solution': {'lr': 0.007321352609678986, 'model_index': 4}}, {'model_name': 'EfficientNetB0', 'assertividade': {'precision': 0.06798022166375269, 'accuracy': 0.1117, 'recall': 0.1117}, 'custo': {'mtp': 4020358, 'tpi': 0.003945086412369066, 'ms': 15.336448669433594}, 'solution': {'lr': 0.007665691294348975, 'model_index': 0}}, {'model_name': 'EfficientNetB0', 'assertividade': {'precision': 0.10281109219470826, 'accuracy': 0.172, 'recall': 0.17200000000000001}, 'custo': {'mtp': 4020358, 'tpi': 0.003598513876556591, 'ms': 15.336448669433594}, 'solution': {'lr': 0.007968809670981293, 'model_index': 0}}, {'model_name': 'MobileNetV2', 'assertividade': {'precision': 0.6786094694926865, 'accuracy': 0.671, 'recall': 0.671}, 'custo': {'mtp': 2236682, 'tpi': 0.0024538495738035556, 'ms': 8.532264709472656}, 'solution': {'lr': 0.007381222478438391, 'model_index': 1}}, {'model_name': 'ResNet50', 'assertividade': {'precision': 0.7942024962942702, 'accuracy': 0.7927, 'recall': 0.7927000000000001}, 'custo': {'mtp': 23528522, 'tpi': 0.003041410142449057, 'ms': 89.75418853759766}, 'solution': {'lr': 0.00757298478728058, 'model_index': 2}}, {'model_name': 'ResNet50', 'assertividade': {'precision': 0.8042431437870426, 'accuracy': 0.7964, 'recall': 0.7964}, 'custo': {'mtp': 23528522, 'tpi': 0.002942202197518318, 'ms': 89.75418853759766}, 'solution': {'lr': 0.007489412234523299, 'model_index': 2}}, {'model_name': 'ResNet50', 'assertividade': {'precision': 0.8077341729274735, 'accuracy': 0.8035, 'recall': 0.8035}, 'custo': {'mtp': 23528522, 'tpi': 0.0030761661043592317, 'ms': 89.75418853759766}, 'solution': {'lr': 0.007554773556347464, 'model_index': 2}}, {'model_name': 'MobileNetV2', 'assertividade': {'precision': 0.6847048463203063, 'accuracy': 0.6648, 'recall': 0.6648000000000001}, 'custo': {'mtp': 2236682, 'tpi': 0.0025336985375471175, 'ms': 8.532264709472656}, 'solution': {'lr': 0.008046419612519723, 'model_index': 1}}, {'model_name': 'EfficientNetB0', 'assertividade': {'precision': 0.1248386893874192, 'accuracy': 0.1237, 'recall': 0.1237}, 'custo': {'mtp': 4020358, 'tpi': 0.003957789415007185, 'ms': 15.336448669433594}, 'solution': {'lr': 0.007687934293544706, 'model_index': 0}}, {'model_name': 'VGG16', 'assertividade': {'precision': 0.01, 'accuracy': 0.1, 'recall': 0.1}, 'custo': {'mtp': 134309962, 'tpi': 0.0011613247500863045, 'ms': 512.3518447875977}, 'solution': {'lr': 0.007309453931443001, 'model_index': 4}}, {'model_name': 'EfficientNetB0', 'assertividade': {'precision': 0.13136600218048108, 'accuracy': 0.1511, 'recall': 0.1511}, 'custo': {'mtp': 4020358, 'tpi': 0.004022663565957622, 'ms': 15.336448669433594}, 'solution': {'lr': 0.00691632082118639, 'model_index': 0}}, {'model_name': 'InceptionV3', 'assertividade': {'precision': 0.8712609687057101, 'accuracy': 0.8697, 'recall': 0.8696999999999999}, 'custo': {'mtp': 24371444, 'tpi': 0.005143475380672771, 'ms': 92.96968078613281}, 'solution': {'lr': 0.006261602283322618, 'model_index': 3}}, {'model_name': 'InceptionV3', 'assertividade': {'precision': 0.8698179986182968, 'accuracy': 0.8603, 'recall': 0.8603}, 'custo': {'mtp': 24371444, 'tpi': 0.005547596390839595, 'ms': 92.96968078613281}, 'solution': {'lr': 0.006503685863975264, 'model_index': 3}}, {'model_name': 'MobileNetV2', 'assertividade': {'precision': 0.6952846098809776, 'accuracy': 0.6799, 'recall': 0.6799000000000001}, 'custo': {'mtp': 2236682, 'tpi': 0.002634264101648027, 'ms': 8.532264709472656}, 'solution': {'lr': 0.006451332726154935, 'model_index': 1}}, {'model_name': 'EfficientNetB0', 'assertividade': {'precision': 0.05315194466843289, 'accuracy': 0.1371, 'recall': 0.1371}, 'custo': {'mtp': 4020358, 'tpi': 0.004043345238752426, 'ms': 15.336448669433594}, 'solution': {'lr': 0.006462692723446212, 'model_index': 0}}, {'model_name': 'VGG16', 'assertividade': {'precision': 0.035603438593459755, 'accuracy': 0.101, 'recall': 0.101}, 'custo': {'mtp': 134309962, 'tpi': 0.0010741334052602196, 'ms': 512.3518447875977}, 'solution': {'lr': 0.006105196024538004, 'model_index': 4}}, {'model_name': 'VGG16', 'assertividade': {'precision': 0.01, 'accuracy': 0.1, 'recall': 0.1}, 'custo': {'mtp': 134309962, 'tpi': 0.001185572071439901, 'ms': 512.3518447875977}, 'solution': {'lr': 0.005878443865063257, 'model_index': 4}}, {'model_name': 'InceptionV3', 'assertividade': {'precision': 0.8442797368090256, 'accuracy': 0.8424, 'recall': 0.8423999999999999}, 'custo': {'mtp': 24371444, 'tpi': 0.005463994992007116, 'ms': 92.96968078613281}, 'solution': {'lr': 0.005638140049519019, 'model_index': 3}}, {'model_name': 'MobileNetV2', 'assertividade': {'precision': 0.7529173332552663, 'accuracy': 0.7472, 'recall': 0.7472}, 'custo': {'mtp': 2236682, 'tpi': 0.002584711001936797, 'ms': 8.532264709472656}, 'solution': {'lr': 0.005125342560045348, 'model_index': 1}}, {'model_name': 'EfficientNetB0', 'assertividade': {'precision': 0.0853012013078647, 'accuracy': 0.1353, 'recall': 0.13529999999999998}, 'custo': {'mtp': 4020358, 'tpi': 0.003957494808610078, 'ms': 15.336448669433594}, 'solution': {'lr': 0.004806745735259634, 'model_index': 0}}, {'model_name': 'ResNet50', 'assertividade': {'precision': 0.8077068585230256, 'accuracy': 0.8034, 'recall': 0.8034000000000001}, 'custo': {'mtp': 23528522, 'tpi': 0.0031378922189117236, 'ms': 89.75418853759766}, 'solution': {'lr': 0.005285534690351972, 'model_index': 2}}, {'model_name': 'EfficientNetB0', 'assertividade': {'precision': 0.09191782894674771, 'accuracy': 0.115, 'recall': 0.11500000000000002}, 'custo': {'mtp': 4020358, 'tpi': 0.0039758500020215465, 'ms': 15.336448669433594}, 'solution': {'lr': 0.005143324100179946, 'model_index': 0}}, {'model_name': 'VGG16', 'assertividade': {'precision': 0.030796762332266848, 'accuracy': 0.1015, 'recall': 0.10149999999999999}, 'custo': {'mtp': 134309962, 'tpi': 0.0010828121452574517, 'ms': 512.3518447875977}, 'solution': {'lr': 0.005584700524162901, 'model_index': 4}}, {'model_name': 'EfficientNetB0', 'assertividade': {'precision': 0.0978445901869881, 'accuracy': 0.1778, 'recall': 0.1778}, 'custo': {'mtp': 4020358, 'tpi': 0.0036647836114190946, 'ms': 15.336448669433594}, 'solution': {'lr': 0.006006869250016379, 'model_index': 0}}, {'model_name': 'InceptionV3', 'assertividade': {'precision': 0.8667078400644556, 'accuracy': 0.8595, 'recall': 0.8594999999999999}, 'custo': {'mtp': 24371444, 'tpi': 0.00538752185311287, 'ms': 92.96968078613281}, 'solution': {'lr': 0.005471030904306576, 'model_index': 3}}, {'model_name': 'MobileNetV2', 'assertividade': {'precision': 0.7299181207720397, 'accuracy': 0.6934, 'recall': 0.6934}, 'custo': {'mtp': 2236682, 'tpi': 0.002457058353788534, 'ms': 8.532264709472656}, 'solution': {'lr': 0.006011609738684428, 'model_index': 1}}, {'model_name': 'ResNet50', 'assertividade': {'precision': 0.7788219525124982, 'accuracy': 0.7659, 'recall': 0.7659}, 'custo': {'mtp': 23528522, 'tpi': 0.003166965618255032, 'ms': 89.75418853759766}, 'solution': {'lr': 0.006362861395564334, 'model_index': 2}}, {'model_name': 'VGG16', 'assertividade': {'precision': 0.01000100010001, 'accuracy': 0.1, 'recall': 0.1}, 'custo': {'mtp': 134309962, 'tpi': 0.001166121974872176, 'ms': 512.3518447875977}, 'solution': {'lr': 0.006193823259265243, 'model_index': 4}}, {'model_name': 'EfficientNetB0', 'assertividade': {'precision': 0.08188362271729031, 'accuracy': 0.1373, 'recall': 0.1373}, 'custo': {'mtp': 4020358, 'tpi': 0.004042677059295071, 'ms': 15.336448669433594}, 'solution': {'lr': 0.005629524441133643, 'model_index': 0}}, {'model_name': 'EfficientNetB0', 'assertividade': {'precision': 0.04755121583492965, 'accuracy': 0.1076, 'recall': 0.1076}, 'custo': {'mtp': 4020358, 'tpi': 0.004103088075188315, 'ms': 15.336448669433594}, 'solution': {'lr': 0.005210389212410933, 'model_index': 0}}, {'model_name': 'VGG16', 'assertividade': {'precision': 0.06061119643411522, 'accuracy': 0.1046, 'recall': 0.10459999999999998}, 'custo': {'mtp': 134309962, 'tpi': 0.0011645836435305844, 'ms': 512.3518447875977}, 'solution': {'lr': 0.005049490153962252, 'model_index': 4}}, {'model_name': 'EfficientNetB0', 'assertividade': {'precision': 0.13866583385150938, 'accuracy': 0.1784, 'recall': 0.17839999999999998}, 'custo': {'mtp': 4020358, 'tpi': 0.004095404011428736, 'ms': 15.336448669433594}, 'solution': {'lr': 0.004746318846887841, 'model_index': 0}}, {'model_name': 'ResNet50', 'assertividade': {'precision': 0.8207955781974278, 'accuracy': 0.8158, 'recall': 0.8158}, 'custo': {'mtp': 23528522, 'tpi': 0.0031455960243370884, 'ms': 89.75418853759766}, 'solution': {'lr': 0.0047378289610199645, 'model_index': 2}}, {'model_name': 'InceptionV3', 'assertividade': {'precision': 0.8528275233940128, 'accuracy': 0.8381, 'recall': 0.8381000000000001}, 'custo': {'mtp': 24371444, 'tpi': 0.005146339440801341, 'ms': 92.96968078613281}, 'solution': {'lr': 0.004862055493597951, 'model_index': 3}}, {'model_name': 'VGG16', 'assertividade': {'precision': 0.01, 'accuracy': 0.1, 'recall': 0.1}, 'custo': {'mtp': 134309962, 'tpi': 0.0010567470720619153, 'ms': 512.3518447875977}, 'solution': {'lr': 0.0050642372878192165, 'model_index': 4}}, {'model_name': 'InceptionV3', 'assertividade': {'precision': 0.8698407242288966, 'accuracy': 0.8669, 'recall': 0.8669}, 'custo': {'mtp': 24371444, 'tpi': 0.0055580503621678445, 'ms': 92.96968078613281}, 'solution': {'lr': 0.0045761718594876, 'model_index': 3}}, {'model_name': 'EfficientNetB0', 'assertividade': {'precision': 0.05517780958491789, 'accuracy': 0.138, 'recall': 0.138}, 'custo': {'mtp': 4020358, 'tpi': 0.0039042469802176116, 'ms': 15.336448669433594}, 'solution': {'lr': 0.0044684034582816385, 'model_index': 0}}, {'model_name': 'ResNet50', 'assertividade': {'precision': 0.8341160173091916, 'accuracy': 0.8245, 'recall': 0.8245000000000001}, 'custo': {'mtp': 23528522, 'tpi': 0.0029914606908324416, 'ms': 89.75418853759766}, 'solution': {'lr': 0.004611803823828061, 'model_index': 2}}, {'model_name': 'InceptionV3', 'assertividade': {'precision': 0.8562259945421354, 'accuracy': 0.8519, 'recall': 0.8519}, 'custo': {'mtp': 24371444, 'tpi': 0.005042850591574505, 'ms': 92.96968078613281}, 'solution': {'lr': 0.004658492409979083, 'model_index': 3}}, {'model_name': 'InceptionV3', 'assertividade': {'precision': 0.8574324027251157, 'accuracy': 0.8535, 'recall': 0.8535}, 'custo': {'mtp': 24371444, 'tpi': 0.005336192003480947, 'ms': 92.96968078613281}, 'solution': {'lr': 0.004645081821734943, 'model_index': 3}}]
maximos_a:  [0.9003294748121103, 0.8979, 0.8978999999999999]
minimos_a:  [0.0, 0.0, 0.0]
maximos_c (fixos do aquecimento):  [134309962, 0.01336536556482315, 512.3518447875977]
minimos_c (fixos do aquecimento):  [2236682, 0.0026650354266166687, 8.532264709472656]
🔹 A (Assertividade Normalizada):  0.95186845062475802
🔹 C (Custo Normalizado):  0.8169498711600442
🔹 S (Score OACE):  0.8844091608924123
Resultado do OACE por Iteração:  {'model_name': 'InceptionV3', 'A': 0.9518684506247802, 'C': 0.8169498711600442, 'Score': 0.8844091608924123, 'solution': {'lr': 0.004645081821734943, 'model_index': 3}}
▶️ Iteration 97/150 (Round 2): model 1 e lr 0.004363740910350691
🔀 Random Seed Atual: 646
Epoch: 1 	Training Loss: 1.982838 	Validation Loss: 0.585686
Epoch: 2 	Training Loss: 1.935712 	Validation Loss: 0.456070
Epoch: 3 	Training Loss: 1.841848 	Validation Loss: 0.451634
Epoch: 4 	Training Loss: 1.743234 	Validation Loss: 0.407881
Epoch: 5 	Training Loss: 1.649049 	Validation Loss: 0.482837
Epoch: 6 	Training Loss: 1.584314 	Validation Loss: 0.388235
Epoch: 7 	Training Loss: 1.566321 	Validation Loss: 0.378617
Epoch: 8 	Training Loss: 1.533600 	Validation Loss: 0.375316
Epoch: 9 	Training Loss: 1.437562 	Validation Loss: 0.349246
Epoch: 10 	Training Loss: 1.376918 	Validation Loss: 0.331837
Epoch: 11 	Training Loss: 1.327788 	Validation Loss: 0.320922
Epoch: 12 	Training Loss: 1.296853 	Validation Loss: 0.307069
Epoch: 13 	Training Loss: 1.224839 	Validation Loss: 0.289951
Epoch: 14 	Training Loss: 1.166815 	Validation Loss: 0.277120
Epoch: 15 	Training Loss: 1.125467 	Validation Loss: 0.268112
Epoch: 16 	Training Loss: 1.066646 	Validation Loss: 0.261380
Epoch: 17 	Training Loss: 1.023803 	Validation Loss: 0.246883
Epoch: 18 	Training Loss: 1.051523 	Validation Loss: 0.278357
Epoch: 19 	Training Loss: 1.029782 	Validation Loss: 0.235002
Epoch: 20 	Training Loss: 0.958890 	Validation Loss: 0.228119
Epoch: 21 	Training Loss: 0.921426 	Validation Loss: 0.219929
Epoch: 22 	Training Loss: 0.896791 	Validation Loss: 0.221101
Epoch: 23 	Training Loss: 0.873295 	Validation Loss: 0.210919
Epoch: 24 	Training Loss: 0.861378 	Validation Loss: 0.206788
Epoch: 25 	Training Loss: 0.833190 	Validation Loss: 0.211138
Epoch: 26 	Training Loss: 1.048658 	Validation Loss: 0.261218
Epoch: 27 	Training Loss: 0.965546 	Validation Loss: 0.217805
Epoch: 28 	Training Loss: 0.880828 	Validation Loss: 0.206251
Epoch: 29 	Training Loss: 0.846291 	Validation Loss: 0.197355
Epoch: 30 	Training Loss: 0.792480 	Validation Loss: 0.191777

🔎 INICIANDO A AVALIAÇÃO DO OACE PARA ITERAÇÃO ATUAL
iteration_metrics:  {'model_name': 'MobileNetV2', 'assertividade': {'precision': 0.6827012729680585, 'accuracy': 0.6778, 'recall': 0.6778}, 'custo': {'mtp': 2236682, 'tpi': 0.002528272616635462, 'ms': 8.532264709472656}, 'solution': {'lr': 0.004363740910350691, 'model_index': 1}}
accumulated_metrics:  [{'model_name': 'ResNet50', 'assertividade': {'precision': 0.8009218038002924, 'accuracy': 0.7939, 'recall': 0.7939}, 'custo': {'mtp': 23528522, 'tpi': 0.0028181349395946334, 'ms': 89.75418853759766}, 'solution': {'lr': 0.009411558605875382, 'model_index': 2}}, {'model_name': 'ResNet50', 'assertividade': {'precision': 0.7962583353880739, 'accuracy': 0.7912, 'recall': 0.7911999999999999}, 'custo': {'mtp': 23528522, 'tpi': 0.002786674317280958, 'ms': 89.75418853759766}, 'solution': {'lr': 0.01, 'model_index': 2}}, {'model_name': 'VGG16', 'assertividade': {'precision': 0.030910310200151316, 'accuracy': 0.1105, 'recall': 0.1105}, 'custo': {'mtp': 134309962, 'tpi': 0.0010961787715838972, 'ms': 512.3518447875977}, 'solution': {'lr': 0.009385339374622393, 'model_index': 4}}, {'model_name': 'ResNet50', 'assertividade': {'precision': 0.8262079001982474, 'accuracy': 0.8253, 'recall': 0.8253}, 'custo': {'mtp': 23528522, 'tpi': 0.002792718304190666, 'ms': 89.75418853759766}, 'solution': {'lr': 0.009200032538958128, 'model_index': 2}}, {'model_name': 'VGG16', 'assertividade': {'precision': 0.0697968749117569, 'accuracy': 0.1064, 'recall': 0.10640000000000001}, 'custo': {'mtp': 134309962, 'tpi': 0.0011415466381486054, 'ms': 512.3518447875977}, 'solution': {'lr': 0.008583254241427335, 'model_index': 4}}, {'model_name': 'InceptionV3', 'assertividade': {'precision': 0.8578975991702025, 'accuracy': 0.8557, 'recall': 0.8557}, 'custo': {'mtp': 24371444, 'tpi': 0.0054015171755651, 'ms': 92.96968078613281}, 'solution': {'lr': 0.007834984027862186, 'model_index': 3}}, {'model_name': 'VGG16', 'assertividade': {'precision': 0.04583784143018542, 'accuracy': 0.1016, 'recall': 0.1016}, 'custo': {'mtp': 134309962, 'tpi': 0.0011684135266929675, 'ms': 512.3518447875977}, 'solution': {'lr': 0.007321352609678986, 'model_index': 4}}, {'model_name': 'EfficientNetB0', 'assertividade': {'precision': 0.06798022166375269, 'accuracy': 0.1117, 'recall': 0.1117}, 'custo': {'mtp': 4020358, 'tpi': 0.003945086412369066, 'ms': 15.336448669433594}, 'solution': {'lr': 0.007665691294348975, 'model_index': 0}}, {'model_name': 'EfficientNetB0', 'assertividade': {'precision': 0.10281109219470826, 'accuracy': 0.172, 'recall': 0.17200000000000001}, 'custo': {'mtp': 4020358, 'tpi': 0.003598513876556591, 'ms': 15.336448669433594}, 'solution': {'lr': 0.007968809670981293, 'model_index': 0}}, {'model_name': 'MobileNetV2', 'assertividade': {'precision': 0.6786094694926865, 'accuracy': 0.671, 'recall': 0.671}, 'custo': {'mtp': 2236682, 'tpi': 0.0024538495738035556, 'ms': 8.532264709472656}, 'solution': {'lr': 0.007381222478438391, 'model_index': 1}}, {'model_name': 'ResNet50', 'assertividade': {'precision': 0.7942024962942702, 'accuracy': 0.7927, 'recall': 0.7927000000000001}, 'custo': {'mtp': 23528522, 'tpi': 0.003041410142449057, 'ms': 89.75418853759766}, 'solution': {'lr': 0.00757298478728058, 'model_index': 2}}, {'model_name': 'ResNet50', 'assertividade': {'precision': 0.8042431437870426, 'accuracy': 0.7964, 'recall': 0.7964}, 'custo': {'mtp': 23528522, 'tpi': 0.002942202197518318, 'ms': 89.75418853759766}, 'solution': {'lr': 0.007489412234523299, 'model_index': 2}}, {'model_name': 'ResNet50', 'assertividade': {'precision': 0.8077341729274735, 'accuracy': 0.8035, 'recall': 0.8035}, 'custo': {'mtp': 23528522, 'tpi': 0.0030761661043592317, 'ms': 89.75418853759766}, 'solution': {'lr': 0.007554773556347464, 'model_index': 2}}, {'model_name': 'MobileNetV2', 'assertividade': {'precision': 0.6847048463203063, 'accuracy': 0.6648, 'recall': 0.6648000000000001}, 'custo': {'mtp': 2236682, 'tpi': 0.0025336985375471175, 'ms': 8.532264709472656}, 'solution': {'lr': 0.008046419612519723, 'model_index': 1}}, {'model_name': 'EfficientNetB0', 'assertividade': {'precision': 0.1248386893874192, 'accuracy': 0.1237, 'recall': 0.1237}, 'custo': {'mtp': 4020358, 'tpi': 0.003957789415007185, 'ms': 15.336448669433594}, 'solution': {'lr': 0.007687934293544706, 'model_index': 0}}, {'model_name': 'VGG16', 'assertividade': {'precision': 0.01, 'accuracy': 0.1, 'recall': 0.1}, 'custo': {'mtp': 134309962, 'tpi': 0.0011613247500863045, 'ms': 512.3518447875977}, 'solution': {'lr': 0.007309453931443001, 'model_index': 4}}, {'model_name': 'EfficientNetB0', 'assertividade': {'precision': 0.13136600218048108, 'accuracy': 0.1511, 'recall': 0.1511}, 'custo': {'mtp': 4020358, 'tpi': 0.004022663565957622, 'ms': 15.336448669433594}, 'solution': {'lr': 0.00691632082118639, 'model_index': 0}}, {'model_name': 'InceptionV3', 'assertividade': {'precision': 0.8712609687057101, 'accuracy': 0.8697, 'recall': 0.8696999999999999}, 'custo': {'mtp': 24371444, 'tpi': 0.005143475380672771, 'ms': 92.96968078613281}, 'solution': {'lr': 0.006261602283322618, 'model_index': 3}}, {'model_name': 'InceptionV3', 'assertividade': {'precision': 0.8698179986182968, 'accuracy': 0.8603, 'recall': 0.8603}, 'custo': {'mtp': 24371444, 'tpi': 0.005547596390839595, 'ms': 92.96968078613281}, 'solution': {'lr': 0.006503685863975264, 'model_index': 3}}, {'model_name': 'MobileNetV2', 'assertividade': {'precision': 0.6952846098809776, 'accuracy': 0.6799, 'recall': 0.6799000000000001}, 'custo': {'mtp': 2236682, 'tpi': 0.002634264101648027, 'ms': 8.532264709472656}, 'solution': {'lr': 0.006451332726154935, 'model_index': 1}}, {'model_name': 'EfficientNetB0', 'assertividade': {'precision': 0.05315194466843289, 'accuracy': 0.1371, 'recall': 0.1371}, 'custo': {'mtp': 4020358, 'tpi': 0.004043345238752426, 'ms': 15.336448669433594}, 'solution': {'lr': 0.006462692723446212, 'model_index': 0}}, {'model_name': 'VGG16', 'assertividade': {'precision': 0.035603438593459755, 'accuracy': 0.101, 'recall': 0.101}, 'custo': {'mtp': 134309962, 'tpi': 0.0010741334052602196, 'ms': 512.3518447875977}, 'solution': {'lr': 0.006105196024538004, 'model_index': 4}}, {'model_name': 'VGG16', 'assertividade': {'precision': 0.01, 'accuracy': 0.1, 'recall': 0.1}, 'custo': {'mtp': 134309962, 'tpi': 0.001185572071439901, 'ms': 512.3518447875977}, 'solution': {'lr': 0.005878443865063257, 'model_index': 4}}, {'model_name': 'InceptionV3', 'assertividade': {'precision': 0.8442797368090256, 'accuracy': 0.8424, 'recall': 0.8423999999999999}, 'custo': {'mtp': 24371444, 'tpi': 0.005463994992007116, 'ms': 92.96968078613281}, 'solution': {'lr': 0.005638140049519019, 'model_index': 3}}, {'model_name': 'MobileNetV2', 'assertividade': {'precision': 0.7529173332552663, 'accuracy': 0.7472, 'recall': 0.7472}, 'custo': {'mtp': 2236682, 'tpi': 0.002584711001936797, 'ms': 8.532264709472656}, 'solution': {'lr': 0.005125342560045348, 'model_index': 1}}, {'model_name': 'EfficientNetB0', 'assertividade': {'precision': 0.0853012013078647, 'accuracy': 0.1353, 'recall': 0.13529999999999998}, 'custo': {'mtp': 4020358, 'tpi': 0.003957494808610078, 'ms': 15.336448669433594}, 'solution': {'lr': 0.004806745735259634, 'model_index': 0}}, {'model_name': 'ResNet50', 'assertividade': {'precision': 0.8077068585230256, 'accuracy': 0.8034, 'recall': 0.8034000000000001}, 'custo': {'mtp': 23528522, 'tpi': 0.0031378922189117236, 'ms': 89.75418853759766}, 'solution': {'lr': 0.005285534690351972, 'model_index': 2}}, {'model_name': 'EfficientNetB0', 'assertividade': {'precision': 0.09191782894674771, 'accuracy': 0.115, 'recall': 0.11500000000000002}, 'custo': {'mtp': 4020358, 'tpi': 0.0039758500020215465, 'ms': 15.336448669433594}, 'solution': {'lr': 0.005143324100179946, 'model_index': 0}}, {'model_name': 'VGG16', 'assertividade': {'precision': 0.030796762332266848, 'accuracy': 0.1015, 'recall': 0.10149999999999999}, 'custo': {'mtp': 134309962, 'tpi': 0.0010828121452574517, 'ms': 512.3518447875977}, 'solution': {'lr': 0.005584700524162901, 'model_index': 4}}, {'model_name': 'EfficientNetB0', 'assertividade': {'precision': 0.0978445901869881, 'accuracy': 0.1778, 'recall': 0.1778}, 'custo': {'mtp': 4020358, 'tpi': 0.0036647836114190946, 'ms': 15.336448669433594}, 'solution': {'lr': 0.006006869250016379, 'model_index': 0}}, {'model_name': 'InceptionV3', 'assertividade': {'precision': 0.8667078400644556, 'accuracy': 0.8595, 'recall': 0.8594999999999999}, 'custo': {'mtp': 24371444, 'tpi': 0.00538752185311287, 'ms': 92.96968078613281}, 'solution': {'lr': 0.005471030904306576, 'model_index': 3}}, {'model_name': 'MobileNetV2', 'assertividade': {'precision': 0.7299181207720397, 'accuracy': 0.6934, 'recall': 0.6934}, 'custo': {'mtp': 2236682, 'tpi': 0.002457058353788534, 'ms': 8.532264709472656}, 'solution': {'lr': 0.006011609738684428, 'model_index': 1}}, {'model_name': 'ResNet50', 'assertividade': {'precision': 0.7788219525124982, 'accuracy': 0.7659, 'recall': 0.7659}, 'custo': {'mtp': 23528522, 'tpi': 0.003166965618255032, 'ms': 89.75418853759766}, 'solution': {'lr': 0.006362861395564334, 'model_index': 2}}, {'model_name': 'VGG16', 'assertividade': {'precision': 0.01000100010001, 'accuracy': 0.1, 'recall': 0.1}, 'custo': {'mtp': 134309962, 'tpi': 0.001166121974872176, 'ms': 512.3518447875977}, 'solution': {'lr': 0.006193823259265243, 'model_index': 4}}, {'model_name': 'EfficientNetB0', 'assertividade': {'precision': 0.08188362271729031, 'accuracy': 0.1373, 'recall': 0.1373}, 'custo': {'mtp': 4020358, 'tpi': 0.004042677059295071, 'ms': 15.336448669433594}, 'solution': {'lr': 0.005629524441133643, 'model_index': 0}}, {'model_name': 'EfficientNetB0', 'assertividade': {'precision': 0.04755121583492965, 'accuracy': 0.1076, 'recall': 0.1076}, 'custo': {'mtp': 4020358, 'tpi': 0.004103088075188315, 'ms': 15.336448669433594}, 'solution': {'lr': 0.005210389212410933, 'model_index': 0}}, {'model_name': 'VGG16', 'assertividade': {'precision': 0.06061119643411522, 'accuracy': 0.1046, 'recall': 0.10459999999999998}, 'custo': {'mtp': 134309962, 'tpi': 0.0011645836435305844, 'ms': 512.3518447875977}, 'solution': {'lr': 0.005049490153962252, 'model_index': 4}}, {'model_name': 'EfficientNetB0', 'assertividade': {'precision': 0.13866583385150938, 'accuracy': 0.1784, 'recall': 0.17839999999999998}, 'custo': {'mtp': 4020358, 'tpi': 0.004095404011428736, 'ms': 15.336448669433594}, 'solution': {'lr': 0.004746318846887841, 'model_index': 0}}, {'model_name': 'ResNet50', 'assertividade': {'precision': 0.8207955781974278, 'accuracy': 0.8158, 'recall': 0.8158}, 'custo': {'mtp': 23528522, 'tpi': 0.0031455960243370884, 'ms': 89.75418853759766}, 'solution': {'lr': 0.0047378289610199645, 'model_index': 2}}, {'model_name': 'InceptionV3', 'assertividade': {'precision': 0.8528275233940128, 'accuracy': 0.8381, 'recall': 0.8381000000000001}, 'custo': {'mtp': 24371444, 'tpi': 0.005146339440801341, 'ms': 92.96968078613281}, 'solution': {'lr': 0.004862055493597951, 'model_index': 3}}, {'model_name': 'VGG16', 'assertividade': {'precision': 0.01, 'accuracy': 0.1, 'recall': 0.1}, 'custo': {'mtp': 134309962, 'tpi': 0.0010567470720619153, 'ms': 512.3518447875977}, 'solution': {'lr': 0.0050642372878192165, 'model_index': 4}}, {'model_name': 'InceptionV3', 'assertividade': {'precision': 0.8698407242288966, 'accuracy': 0.8669, 'recall': 0.8669}, 'custo': {'mtp': 24371444, 'tpi': 0.0055580503621678445, 'ms': 92.96968078613281}, 'solution': {'lr': 0.0045761718594876, 'model_index': 3}}, {'model_name': 'EfficientNetB0', 'assertividade': {'precision': 0.05517780958491789, 'accuracy': 0.138, 'recall': 0.138}, 'custo': {'mtp': 4020358, 'tpi': 0.0039042469802176116, 'ms': 15.336448669433594}, 'solution': {'lr': 0.0044684034582816385, 'model_index': 0}}, {'model_name': 'ResNet50', 'assertividade': {'precision': 0.8341160173091916, 'accuracy': 0.8245, 'recall': 0.8245000000000001}, 'custo': {'mtp': 23528522, 'tpi': 0.0029914606908324416, 'ms': 89.75418853759766}, 'solution': {'lr': 0.004611803823828061, 'model_index': 2}}, {'model_name': 'InceptionV3', 'assertividade': {'precision': 0.8562259945421354, 'accuracy': 0.8519, 'recall': 0.8519}, 'custo': {'mtp': 24371444, 'tpi': 0.005042850591574505, 'ms': 92.96968078613281}, 'solution': {'lr': 0.004658492409979083, 'model_index': 3}}, {'model_name': 'InceptionV3', 'assertividade': {'precision': 0.8574324027251157, 'accuracy': 0.8535, 'recall': 0.8535}, 'custo': {'mtp': 24371444, 'tpi': 0.005336192003480947, 'ms': 92.96968078613281}, 'solution': {'lr': 0.004645081821734943, 'model_index': 3}}, {'model_name': 'MobileNetV2', 'assertividade': {'precision': 0.6827012729680585, 'accuracy': 0.6778, 'recall': 0.6778}, 'custo': {'mtp': 2236682, 'tpi': 0.002528272616635462, 'ms': 8.532264709472656}, 'solution': {'lr': 0.004363740910350691, 'model_index': 1}}]
maximos_a:  [0.9003294748121103, 0.8979, 0.8978999999999999]
minimos_a:  [0.0, 0.0, 0.0]
maximos_c (fixos do aquecimento):  [134309962, 0.01336536556482315, 512.3518447875977]
minimos_c (fixos do aquecimento):  [2236682, 0.0026650354266166687, 8.532264709472656]
🔹 A (Assertividade Normalizada):  0.7573617109682467
🔹 C (Custo Normalizado):  1.0
🔹 S (Score OACE):  0.8786808554841233
Resultado do OACE por Iteração:  {'model_name': 'MobileNetV2', 'A': 0.7573617109682467, 'C': 1.0, 'Score': 0.8786808554841233, 'solution': {'lr': 0.004363740910350691, 'model_index': 1}}
▶️ Iteration 98/150 (Round 2): model 4 e lr 0.004427168986886827
🔀 Random Seed Atual: 647
Epoch: 1 	Training Loss: 2.088432 	Validation Loss: 0.461067
Epoch: 2 	Training Loss: 1.843671 	Validation Loss: 0.459952
Epoch: 3 	Training Loss: 1.840452 	Validation Loss: 0.459758
Epoch: 4 	Training Loss: 1.838715 	Validation Loss: 0.458848
Epoch: 5 	Training Loss: 1.839537 	Validation Loss: 0.456872
Epoch: 6 	Training Loss: 2.389416 	Validation Loss: 0.837771
Epoch: 7 	Training Loss: 1.842458 	Validation Loss: 0.565201
Epoch: 8 	Training Loss: 1.842255 	Validation Loss: 0.697123
Epoch: 9 	Training Loss: 1.839559 	Validation Loss: 0.540879
Epoch: 10 	Training Loss: 1.830133 	Validation Loss: 0.459669
Early stopping after 10 epochs due to no improvement.

🔎 INICIANDO A AVALIAÇÃO DO OACE PARA ITERAÇÃO ATUAL
iteration_metrics:  {'model_name': 'VGG16', 'assertividade': {'precision': 0.05205111319606716, 'accuracy': 0.1203, 'recall': 0.1203}, 'custo': {'mtp': 134309962, 'tpi': 0.0010619710205466884, 'ms': 512.3518447875977}, 'solution': {'lr': 0.004427168986886827, 'model_index': 4}}
accumulated_metrics:  [{'model_name': 'ResNet50', 'assertividade': {'precision': 0.8009218038002924, 'accuracy': 0.7939, 'recall': 0.7939}, 'custo': {'mtp': 23528522, 'tpi': 0.0028181349395946334, 'ms': 89.75418853759766}, 'solution': {'lr': 0.009411558605875382, 'model_index': 2}}, {'model_name': 'ResNet50', 'assertividade': {'precision': 0.7962583353880739, 'accuracy': 0.7912, 'recall': 0.7911999999999999}, 'custo': {'mtp': 23528522, 'tpi': 0.002786674317280958, 'ms': 89.75418853759766}, 'solution': {'lr': 0.01, 'model_index': 2}}, {'model_name': 'VGG16', 'assertividade': {'precision': 0.030910310200151316, 'accuracy': 0.1105, 'recall': 0.1105}, 'custo': {'mtp': 134309962, 'tpi': 0.0010961787715838972, 'ms': 512.3518447875977}, 'solution': {'lr': 0.009385339374622393, 'model_index': 4}}, {'model_name': 'ResNet50', 'assertividade': {'precision': 0.8262079001982474, 'accuracy': 0.8253, 'recall': 0.8253}, 'custo': {'mtp': 23528522, 'tpi': 0.002792718304190666, 'ms': 89.75418853759766}, 'solution': {'lr': 0.009200032538958128, 'model_index': 2}}, {'model_name': 'VGG16', 'assertividade': {'precision': 0.0697968749117569, 'accuracy': 0.1064, 'recall': 0.10640000000000001}, 'custo': {'mtp': 134309962, 'tpi': 0.0011415466381486054, 'ms': 512.3518447875977}, 'solution': {'lr': 0.008583254241427335, 'model_index': 4}}, {'model_name': 'InceptionV3', 'assertividade': {'precision': 0.8578975991702025, 'accuracy': 0.8557, 'recall': 0.8557}, 'custo': {'mtp': 24371444, 'tpi': 0.0054015171755651, 'ms': 92.96968078613281}, 'solution': {'lr': 0.007834984027862186, 'model_index': 3}}, {'model_name': 'VGG16', 'assertividade': {'precision': 0.04583784143018542, 'accuracy': 0.1016, 'recall': 0.1016}, 'custo': {'mtp': 134309962, 'tpi': 0.0011684135266929675, 'ms': 512.3518447875977}, 'solution': {'lr': 0.007321352609678986, 'model_index': 4}}, {'model_name': 'EfficientNetB0', 'assertividade': {'precision': 0.06798022166375269, 'accuracy': 0.1117, 'recall': 0.1117}, 'custo': {'mtp': 4020358, 'tpi': 0.003945086412369066, 'ms': 15.336448669433594}, 'solution': {'lr': 0.007665691294348975, 'model_index': 0}}, {'model_name': 'EfficientNetB0', 'assertividade': {'precision': 0.10281109219470826, 'accuracy': 0.172, 'recall': 0.17200000000000001}, 'custo': {'mtp': 4020358, 'tpi': 0.003598513876556591, 'ms': 15.336448669433594}, 'solution': {'lr': 0.007968809670981293, 'model_index': 0}}, {'model_name': 'MobileNetV2', 'assertividade': {'precision': 0.6786094694926865, 'accuracy': 0.671, 'recall': 0.671}, 'custo': {'mtp': 2236682, 'tpi': 0.0024538495738035556, 'ms': 8.532264709472656}, 'solution': {'lr': 0.007381222478438391, 'model_index': 1}}, {'model_name': 'ResNet50', 'assertividade': {'precision': 0.7942024962942702, 'accuracy': 0.7927, 'recall': 0.7927000000000001}, 'custo': {'mtp': 23528522, 'tpi': 0.003041410142449057, 'ms': 89.75418853759766}, 'solution': {'lr': 0.00757298478728058, 'model_index': 2}}, {'model_name': 'ResNet50', 'assertividade': {'precision': 0.8042431437870426, 'accuracy': 0.7964, 'recall': 0.7964}, 'custo': {'mtp': 23528522, 'tpi': 0.002942202197518318, 'ms': 89.75418853759766}, 'solution': {'lr': 0.007489412234523299, 'model_index': 2}}, {'model_name': 'ResNet50', 'assertividade': {'precision': 0.8077341729274735, 'accuracy': 0.8035, 'recall': 0.8035}, 'custo': {'mtp': 23528522, 'tpi': 0.0030761661043592317, 'ms': 89.75418853759766}, 'solution': {'lr': 0.007554773556347464, 'model_index': 2}}, {'model_name': 'MobileNetV2', 'assertividade': {'precision': 0.6847048463203063, 'accuracy': 0.6648, 'recall': 0.6648000000000001}, 'custo': {'mtp': 2236682, 'tpi': 0.0025336985375471175, 'ms': 8.532264709472656}, 'solution': {'lr': 0.008046419612519723, 'model_index': 1}}, {'model_name': 'EfficientNetB0', 'assertividade': {'precision': 0.1248386893874192, 'accuracy': 0.1237, 'recall': 0.1237}, 'custo': {'mtp': 4020358, 'tpi': 0.003957789415007185, 'ms': 15.336448669433594}, 'solution': {'lr': 0.007687934293544706, 'model_index': 0}}, {'model_name': 'VGG16', 'assertividade': {'precision': 0.01, 'accuracy': 0.1, 'recall': 0.1}, 'custo': {'mtp': 134309962, 'tpi': 0.0011613247500863045, 'ms': 512.3518447875977}, 'solution': {'lr': 0.007309453931443001, 'model_index': 4}}, {'model_name': 'EfficientNetB0', 'assertividade': {'precision': 0.13136600218048108, 'accuracy': 0.1511, 'recall': 0.1511}, 'custo': {'mtp': 4020358, 'tpi': 0.004022663565957622, 'ms': 15.336448669433594}, 'solution': {'lr': 0.00691632082118639, 'model_index': 0}}, {'model_name': 'InceptionV3', 'assertividade': {'precision': 0.8712609687057101, 'accuracy': 0.8697, 'recall': 0.8696999999999999}, 'custo': {'mtp': 24371444, 'tpi': 0.005143475380672771, 'ms': 92.96968078613281}, 'solution': {'lr': 0.006261602283322618, 'model_index': 3}}, {'model_name': 'InceptionV3', 'assertividade': {'precision': 0.8698179986182968, 'accuracy': 0.8603, 'recall': 0.8603}, 'custo': {'mtp': 24371444, 'tpi': 0.005547596390839595, 'ms': 92.96968078613281}, 'solution': {'lr': 0.006503685863975264, 'model_index': 3}}, {'model_name': 'MobileNetV2', 'assertividade': {'precision': 0.6952846098809776, 'accuracy': 0.6799, 'recall': 0.6799000000000001}, 'custo': {'mtp': 2236682, 'tpi': 0.002634264101648027, 'ms': 8.532264709472656}, 'solution': {'lr': 0.006451332726154935, 'model_index': 1}}, {'model_name': 'EfficientNetB0', 'assertividade': {'precision': 0.05315194466843289, 'accuracy': 0.1371, 'recall': 0.1371}, 'custo': {'mtp': 4020358, 'tpi': 0.004043345238752426, 'ms': 15.336448669433594}, 'solution': {'lr': 0.006462692723446212, 'model_index': 0}}, {'model_name': 'VGG16', 'assertividade': {'precision': 0.035603438593459755, 'accuracy': 0.101, 'recall': 0.101}, 'custo': {'mtp': 134309962, 'tpi': 0.0010741334052602196, 'ms': 512.3518447875977}, 'solution': {'lr': 0.006105196024538004, 'model_index': 4}}, {'model_name': 'VGG16', 'assertividade': {'precision': 0.01, 'accuracy': 0.1, 'recall': 0.1}, 'custo': {'mtp': 134309962, 'tpi': 0.001185572071439901, 'ms': 512.3518447875977}, 'solution': {'lr': 0.005878443865063257, 'model_index': 4}}, {'model_name': 'InceptionV3', 'assertividade': {'precision': 0.8442797368090256, 'accuracy': 0.8424, 'recall': 0.8423999999999999}, 'custo': {'mtp': 24371444, 'tpi': 0.005463994992007116, 'ms': 92.96968078613281}, 'solution': {'lr': 0.005638140049519019, 'model_index': 3}}, {'model_name': 'MobileNetV2', 'assertividade': {'precision': 0.7529173332552663, 'accuracy': 0.7472, 'recall': 0.7472}, 'custo': {'mtp': 2236682, 'tpi': 0.002584711001936797, 'ms': 8.532264709472656}, 'solution': {'lr': 0.005125342560045348, 'model_index': 1}}, {'model_name': 'EfficientNetB0', 'assertividade': {'precision': 0.0853012013078647, 'accuracy': 0.1353, 'recall': 0.13529999999999998}, 'custo': {'mtp': 4020358, 'tpi': 0.003957494808610078, 'ms': 15.336448669433594}, 'solution': {'lr': 0.004806745735259634, 'model_index': 0}}, {'model_name': 'ResNet50', 'assertividade': {'precision': 0.8077068585230256, 'accuracy': 0.8034, 'recall': 0.8034000000000001}, 'custo': {'mtp': 23528522, 'tpi': 0.0031378922189117236, 'ms': 89.75418853759766}, 'solution': {'lr': 0.005285534690351972, 'model_index': 2}}, {'model_name': 'EfficientNetB0', 'assertividade': {'precision': 0.09191782894674771, 'accuracy': 0.115, 'recall': 0.11500000000000002}, 'custo': {'mtp': 4020358, 'tpi': 0.0039758500020215465, 'ms': 15.336448669433594}, 'solution': {'lr': 0.005143324100179946, 'model_index': 0}}, {'model_name': 'VGG16', 'assertividade': {'precision': 0.030796762332266848, 'accuracy': 0.1015, 'recall': 0.10149999999999999}, 'custo': {'mtp': 134309962, 'tpi': 0.0010828121452574517, 'ms': 512.3518447875977}, 'solution': {'lr': 0.005584700524162901, 'model_index': 4}}, {'model_name': 'EfficientNetB0', 'assertividade': {'precision': 0.0978445901869881, 'accuracy': 0.1778, 'recall': 0.1778}, 'custo': {'mtp': 4020358, 'tpi': 0.0036647836114190946, 'ms': 15.336448669433594}, 'solution': {'lr': 0.006006869250016379, 'model_index': 0}}, {'model_name': 'InceptionV3', 'assertividade': {'precision': 0.8667078400644556, 'accuracy': 0.8595, 'recall': 0.8594999999999999}, 'custo': {'mtp': 24371444, 'tpi': 0.00538752185311287, 'ms': 92.96968078613281}, 'solution': {'lr': 0.005471030904306576, 'model_index': 3}}, {'model_name': 'MobileNetV2', 'assertividade': {'precision': 0.7299181207720397, 'accuracy': 0.6934, 'recall': 0.6934}, 'custo': {'mtp': 2236682, 'tpi': 0.002457058353788534, 'ms': 8.532264709472656}, 'solution': {'lr': 0.006011609738684428, 'model_index': 1}}, {'model_name': 'ResNet50', 'assertividade': {'precision': 0.7788219525124982, 'accuracy': 0.7659, 'recall': 0.7659}, 'custo': {'mtp': 23528522, 'tpi': 0.003166965618255032, 'ms': 89.75418853759766}, 'solution': {'lr': 0.006362861395564334, 'model_index': 2}}, {'model_name': 'VGG16', 'assertividade': {'precision': 0.01000100010001, 'accuracy': 0.1, 'recall': 0.1}, 'custo': {'mtp': 134309962, 'tpi': 0.001166121974872176, 'ms': 512.3518447875977}, 'solution': {'lr': 0.006193823259265243, 'model_index': 4}}, {'model_name': 'EfficientNetB0', 'assertividade': {'precision': 0.08188362271729031, 'accuracy': 0.1373, 'recall': 0.1373}, 'custo': {'mtp': 4020358, 'tpi': 0.004042677059295071, 'ms': 15.336448669433594}, 'solution': {'lr': 0.005629524441133643, 'model_index': 0}}, {'model_name': 'EfficientNetB0', 'assertividade': {'precision': 0.04755121583492965, 'accuracy': 0.1076, 'recall': 0.1076}, 'custo': {'mtp': 4020358, 'tpi': 0.004103088075188315, 'ms': 15.336448669433594}, 'solution': {'lr': 0.005210389212410933, 'model_index': 0}}, {'model_name': 'VGG16', 'assertividade': {'precision': 0.06061119643411522, 'accuracy': 0.1046, 'recall': 0.10459999999999998}, 'custo': {'mtp': 134309962, 'tpi': 0.0011645836435305844, 'ms': 512.3518447875977}, 'solution': {'lr': 0.005049490153962252, 'model_index': 4}}, {'model_name': 'EfficientNetB0', 'assertividade': {'precision': 0.13866583385150938, 'accuracy': 0.1784, 'recall': 0.17839999999999998}, 'custo': {'mtp': 4020358, 'tpi': 0.004095404011428736, 'ms': 15.336448669433594}, 'solution': {'lr': 0.004746318846887841, 'model_index': 0}}, {'model_name': 'ResNet50', 'assertividade': {'precision': 0.8207955781974278, 'accuracy': 0.8158, 'recall': 0.8158}, 'custo': {'mtp': 23528522, 'tpi': 0.0031455960243370884, 'ms': 89.75418853759766}, 'solution': {'lr': 0.0047378289610199645, 'model_index': 2}}, {'model_name': 'InceptionV3', 'assertividade': {'precision': 0.8528275233940128, 'accuracy': 0.8381, 'recall': 0.8381000000000001}, 'custo': {'mtp': 24371444, 'tpi': 0.005146339440801341, 'ms': 92.96968078613281}, 'solution': {'lr': 0.004862055493597951, 'model_index': 3}}, {'model_name': 'VGG16', 'assertividade': {'precision': 0.01, 'accuracy': 0.1, 'recall': 0.1}, 'custo': {'mtp': 134309962, 'tpi': 0.0010567470720619153, 'ms': 512.3518447875977}, 'solution': {'lr': 0.0050642372878192165, 'model_index': 4}}, {'model_name': 'InceptionV3', 'assertividade': {'precision': 0.8698407242288966, 'accuracy': 0.8669, 'recall': 0.8669}, 'custo': {'mtp': 24371444, 'tpi': 0.0055580503621678445, 'ms': 92.96968078613281}, 'solution': {'lr': 0.0045761718594876, 'model_index': 3}}, {'model_name': 'EfficientNetB0', 'assertividade': {'precision': 0.05517780958491789, 'accuracy': 0.138, 'recall': 0.138}, 'custo': {'mtp': 4020358, 'tpi': 0.0039042469802176116, 'ms': 15.336448669433594}, 'solution': {'lr': 0.0044684034582816385, 'model_index': 0}}, {'model_name': 'ResNet50', 'assertividade': {'precision': 0.8341160173091916, 'accuracy': 0.8245, 'recall': 0.8245000000000001}, 'custo': {'mtp': 23528522, 'tpi': 0.0029914606908324416, 'ms': 89.75418853759766}, 'solution': {'lr': 0.004611803823828061, 'model_index': 2}}, {'model_name': 'InceptionV3', 'assertividade': {'precision': 0.8562259945421354, 'accuracy': 0.8519, 'recall': 0.8519}, 'custo': {'mtp': 24371444, 'tpi': 0.005042850591574505, 'ms': 92.96968078613281}, 'solution': {'lr': 0.004658492409979083, 'model_index': 3}}, {'model_name': 'InceptionV3', 'assertividade': {'precision': 0.8574324027251157, 'accuracy': 0.8535, 'recall': 0.8535}, 'custo': {'mtp': 24371444, 'tpi': 0.005336192003480947, 'ms': 92.96968078613281}, 'solution': {'lr': 0.004645081821734943, 'model_index': 3}}, {'model_name': 'MobileNetV2', 'assertividade': {'precision': 0.6827012729680585, 'accuracy': 0.6778, 'recall': 0.6778}, 'custo': {'mtp': 2236682, 'tpi': 0.002528272616635462, 'ms': 8.532264709472656}, 'solution': {'lr': 0.004363740910350691, 'model_index': 1}}, {'model_name': 'VGG16', 'assertividade': {'precision': 0.05205111319606716, 'accuracy': 0.1203, 'recall': 0.1203}, 'custo': {'mtp': 134309962, 'tpi': 0.0010619710205466884, 'ms': 512.3518447875977}, 'solution': {'lr': 0.004427168986886827, 'model_index': 4}}]
maximos_a:  [0.9003294748121103, 0.8979, 0.8978999999999999]
minimos_a:  [0.0, 0.0, 0.0]
maximos_c (fixos do aquecimento):  [134309962, 0.01336536556482315, 512.3518447875977]
minimos_c (fixos do aquecimento):  [2236682, 0.0026650354266166687, 8.532264709472656]
🔹 A (Assertividade Normalizada):  0.07832909115359807
🔹 C (Custo Normalizado):  0.1883940966391198
🔹 S (Score OACE):  0.13336159389635893
Resultado do OACE por Iteração:  {'model_name': 'VGG16', 'A': 0.07832909115359807, 'C': 0.1883940966391198, 'Score': 0.13336159389635893, 'solution': {'lr': 0.004427168986886827, 'model_index': 4}}
▶️ Iteration 99/150 (Round 2): model 4 e lr 0.004785630397851025
🔀 Random Seed Atual: 648
